﻿"tract","Name","Household_Income_rP_gP_p75"
25025070200,"Chinatown, Boston, MA",88215
25021401200,"Chestnut Hill, Brookline, MA",74753
25025010701,"Back Bay West, Boston, MA",71928
25025000701,"Allston, Boston, MA",71035
25025040200,"Charlestown, Boston, MA",68005
25017350500,"Tufts, Somerville, MA",67865
25025000100,"Lower Allston, Boston, MA",67649
25025120105,"Jamaica Hills / Pond, Boston, MA",67595
25025030500,"North End, Boston, MA",67530
25025071201,"Harrison Lenox, Boston, MA",66592
25017339600,"South Medford, Medford, MA",66318
25017339700,"South Medford, Medford, MA",66316
25025000803,"Allston, Boston, MA",65820
25025010104,"Boston, MA",65203
25025180500,"Winthrop, MA",64287
25025060200,"City Point, Boston, MA",64105
25025010408,"Fenway/Kenmore, Boston, MA",64088
25021401100,"Brookline, MA",63771
25017353102,"Area 2/MIT, Cambridge, MA",62994
25025120700,"Jamaica Plain, Boston, MA",62940
25021400400,"Corey Hill, Brookline, MA",62710
25021400800,"Coolidge Corner South Side, Brookline, MA",62537
25025180200,"Winthrop, MA",62473
25025051101,"East Boston, Boston, MA",62382
25017354100,"West Cambridge, Cambridge, MA",62213
25017353300,"Cambridgeport, Cambridge, MA",62166
25025070101,"Boston, MA",62053
25025010802,"Back Bay West, Boston, MA",61823
25025060301,"South Boston, Boston, MA",61745
25025020301,"West End, Boston, MA",61719
25021400500,"Aspinwall Hill, Brookline, MA",61426
25021401000,"High Street Hill, Brookline, MA",60698
25025180301,"Winthrop, MA",60698
25017351100,"Spring Hill, Somerville, MA",60414
25017351000,"Spring Hill, Somerville, MA",60287
25025091001,"Dorchester, Boston, MA",60058
25021400900,"Brookline Village, Brookline, MA",59897
25017350400,"Powder House Square, Somerville, MA",59790
25017350104,"Somerville, MA",59734
25025030100,"North End, Boston, MA",59664
25017352600,"Wellington-Harrington, Cambridge, MA",59092
25017354200,"West Cambridge, Cambridge, MA",59070
25021400200,"North Brookline, Brookline, MA",58708
25025020101,"Beacon Hill, Boston, MA",58603
25025170800,"Revere, MA",58561
25025040100,"Charlestown, Boston, MA",58463
25017350200,"Winter Hill, Somerville, MA",58410
25021400300,"North Brookline, Brookline, MA",58274
25025180400,"Winthrop, MA",58269
25017351204,"Ward Two, Somerville, MA",58131
25017350103,"Ten Hills, Somerville, MA",58122
25017352200,"East Cambridge, Cambridge, MA",57878
25025020200,"Beacon Hill, Boston, MA",57823
25017352102,"East Cambridge, Cambridge, MA",57662
25025170701,"Revere, MA",57661
25025180101,"Winthrop, MA",57148
25025030300,"Downtown, Boston, MA",57136
25025050600,"Central-Maverick Square / Paris Street, Boston, MA",57009
25017351500,"Ward Two, Somerville, MA",56823
25017354000,"Neighborhood Nine, Cambridge, MA",56678
25025050400,"Jeffries Point, Boston, MA",56589
25021400600,"Fisher Hill, Brookline, MA",56504
25017354800,"North Cambridge, Cambridge, MA",56441
25025000802,"Allston, Boston, MA",56224
25021400100,"Brookline, MA",56179
25025010404,"Fenway/Kenmore, Boston, MA",56118
25025170601,"Revere, MA",55807
25017351404,"East Somerville, Somerville, MA",55757
25017353800,"Mid-Cambridge, Cambridge, MA",55412
25025060800,"D Street / West Broadway, Boston, MA",55316
25025060400,"South Boston, Boston, MA",55278
25025000601,"Brighton, Boston, MA",55178
25025030400,"North End, Boston, MA",55165
25017339801,"Medford, MA",55135
25025000704,"Allston, Boston, MA",54641
25017354600,"Neighborhood Nine, Cambridge, MA",54573
25025081100,"Mission Hill, Boston, MA",54529
25025050700,"Central-Maverick Square / Paris Street, Boston, MA",54389
25025000503,"Brighton, Boston, MA",54177
25017352700,"Wellington-Harrington, Cambridge, MA",53991
25025000401,"Brighton, Boston, MA",53480
25017353700,"Mid-Cambridge, Cambridge, MA",53457
25025160502,"Chelsea, MA",53392
25017351403,"East Somerville, Somerville, MA",53230
25017355000,"North Cambridge, Cambridge, MA",53173
25017351300,"Prospect Hill, Somerville, MA",53084
25025010403,"Fenway/Kenmore, Boston, MA",52967
25025050500,"Jeffries Point, Boston, MA",52728
25025091200,"Dorchester, Boston, MA",52482
25017354300,"Strawberry Hill, Cambridge, MA",52433
25025060501,"City Point, Boston, MA",52318
25025050901,"Eagle Hill, Boston, MA",52070
25025070600,"Columbus, Boston, MA",51968
25025120600,"Hyde Square, Boston, MA",51907
25025010600,"Prudential / St. Botolph, Boston, MA",51869
25025160200,"Chelsea, MA",51508
25025060101,"City Point, Boston, MA",51378
25017370300,"Watertown, MA",51261
25017350300,"Magoun Square, Somerville, MA",51257
25021400700,"Emerson Gardens, Brookline, MA",51111
25017354400,"West Cambridge, Cambridge, MA",50882
25017350800,"Teele Square, Somerville, MA",50830
25025051200,"Jeffries Point, Boston, MA",50608
25017351203,"Ward Two, Somerville, MA",50487
25025120400,"Jamaica Plain, Boston, MA",50424
25025160300,"Chelsea, MA",50237
25025070800,"Columbus, Boston, MA",50177
25025070500,"South End, Boston, MA",50127
25017354900,"North Cambridge, Cambridge, MA",50056
25017353600,"Agassiz, Cambridge, MA",49773
25017352900,"Mid-Cambridge, Cambridge, MA",49712
25017350900,"Davis Square, Somerville, MA",49637
25025050200,"Central-Maverick Square / Paris Street, Boston, MA",49609
25017353400,"Cambridgeport, Cambridge, MA",49605
25017353500,"Riverside, Cambridge, MA",49566
25017352101,"East Cambridge, Cambridge, MA",49298
25017353200,"Cambridgeport, Cambridge, MA",49291
25025050101,"Eagle Hill, Boston, MA",49254
25025070300,"Boston, MA",49247
25017354500,"Neighborhood Nine, Cambridge, MA",49186
25017354700,"North Cambridge, Cambridge, MA",49115
25017352800,"Wellington-Harrington, Cambridge, MA",48856
25025010702,"Back Bay East, Boston, MA",48463
25025020302,"Beacon Hill, Boston, MA",48449
25025040401,"Charlestown, Boston, MA",47889
25017342400,"Everett, MA",47703
25025040300,"Charlestown, Boston, MA",47641
25025010204,"Fenway/Kenmore, Boston, MA",47407
25025081001,"Mission Hill, Boston, MA",47299
25025040600,"Charlestown, Boston, MA",47299
25025061200,"D Street / West Broadway, Boston, MA",47209
25025070700,"Columbus, Boston, MA",47153
25025020303,"West End, Boston, MA",46950
25025061000,"Columbus Park / Andrew Square, Boston, MA",46937
25025160400,"Chelsea, MA",46427
25025010203,"Fenway/Kenmore, Boston, MA",46334
25017352500,"The Port, Cambridge, MA",45885
25025000602,"Brighton, Boston, MA",45831
25025091300,"Dorchester, Boston, MA",45751
25017353000,"Mid-Cambridge, Cambridge, MA",45638
25025010801,"Back Bay East, Boston, MA",45498
25017353900,"Riverside, Cambridge, MA",45427
25025040801,"Charlestown, Boston, MA",45318
25025081800,"Roxbury, Boston, MA",45064
25025081200,"Jamaica Plain, Boston, MA",44854
25025080100,"Lower Roxbury, Boston, MA",44841
25025080900,"Mission Hill, Boston, MA",44819
25025051000,"East Boston, Boston, MA",44418
25025070402,"South End, Boston, MA",44224
25017352300,"East Cambridge, Cambridge, MA",44220
25017352400,"The Port, Cambridge, MA",44105
25025160101,"Chelsea, MA",44103
25025010500,"Prudential / St. Botolph, Boston, MA",44033
25025070900,"South End, Boston, MA",43928
25025060600,"D Street / West Broadway, Boston, MA",42890
25025090700,"Dorchester, Boston, MA",42767
25025010300,"Fenway/Kenmore, Boston, MA",42216
25025030200,"North End, Boston, MA",42156
25025080500,"South End, Boston, MA",41622
25025160501,"Chelsea, MA",40809
25025090901,"Dorchester, Boston, MA",40721
25025000504,"Brighton, Boston, MA",40708
25025081500,"Roxbury, Boston, MA",39979
25025060700,"D Street / West Broadway, Boston, MA",39762
25025010405,"Fenway/Kenmore, Boston, MA",38583
25025000703,"Brighton, Boston, MA",38573
25017353101,"Cambridgeport, Cambridge, MA",37655
25025071101,"Harrison Lenox, Boston, MA",37470
25025081300,"Roxbury, Boston, MA",37059
25025050300,"Central-Maverick Square / Paris Street, Boston, MA",36360
25025090600,"Dudley / Brunswick King, Boston, MA",36329
25025061101,"South Boston, Boston, MA",36168
25025120500,"Jamaica Plain, Boston, MA",36168
25025081700,"Roxbury, Boston, MA",35516
25025080601,"Boston, MA",35506
25025080401,"Roxbury, Boston, MA",34793
25025080300,"Roxbury, Boston, MA",34707
25025081400,"Highland Park, Boston, MA",32889
25025090400,"Roxbury, Boston, MA",32841
25025080801,"Fenway/Kenmore, Boston, MA",17311
25025981800,"Jamaica Hills / Pond, Boston, MA",
25025981202,"D Street / West Broadway, Boston, MA",
25025981300,"Jeffries Point, Boston, MA",
25025981502,"Revere, MA",
25025010103,"Fenway/Kenmore, Boston, MA",