﻿"tract","Name","Household_Income_rP_gP_p75"
51013101601,"North Highland, Arlington, VA",81420
24031705300,"Chevy Chase, MD",76848
51059470100,"McLean, VA",76265
51510200202,"Seminary Hill, Alexandria, VA",72784
51059480201,"McLean, VA",72433
51510202001,"Old Town, Alexandria, VA",71482
11001000901,"Northwest Washington, Washington, DC",71065
24031706013,"Bethesda, MD",70800
51059460501,"Tysons, VA",69752
51013100300,"Old Glebe, Arlington, VA",69596
51059470500,"McLean, VA",69422
51059480100,"Great Falls, VA",68669
24031705901,"Bethesda, MD",68460
51059460400,"Tysons, VA",68444
51013100400,"Arlington, VA",68203
51510201000,"North Ridge, Alexandria, VA",68170
51059471304,"Falls Church, VA",67967
51013102002,"Ashton Heights, Arlington, VA",67961
51059480300,"McLean, VA",66998
24031705701,"Bethesda, MD",66846
51059452000,"Annandale, VA",66685
51059451501,"Falls Church, VA",66660
51059471000,"Falls Church, VA",66616
51059470800,"McLean, VA",66317
51059471303,"Falls Church, VA",66281
51059470300,"McLean, VA",65989
51013102003,"Buckingham, Arlington, VA",65967
24031704805,"Bethesda, MD",65885
51059460600,"Vienna, VA",65805
24031706009,"Potomac, MD",65796
51510200900,"North Ridge, Alexandria, VA",65714
24031705601,"Bethesda, MD",65654
51059450601,"Falls Church, VA",65629
51059451800,"Lincolnia, VA",65301
51013101701,"Radnor - Fort Myer Heights, Arlington, VA",64941
51059440300,"Annandale, VA",64914
51059451601,"Bailey's Crossroads, VA",64567
51059440800,"Annandale, VA",64515
51059451300,"Falls Church, VA",64417
51059451000,"Annandale, VA",63983
51059470600,"McLean, VA",63921
51013102100,"Glencarlyn, Arlington, VA",63852
11001000801,"Northwest Washington, Washington, DC",63818
51013100500,"Donaldson Run, Arlington, VA",63439
24033807200,"College Park, MD",63338
11001006500,"Southeast Washington, Washington, DC",63303
51059430500,"Springfield, VA",63231
11001001401,"Northwest Washington, Washington, DC",63098
24031704700,"Bethesda, MD",63091
51059470400,"McLean, VA",63088
51013101200,"Dominion Hills, Arlington, VA",63053
11001006600,"Capitol Hill, Washington, DC",63043
51059470900,"Falls Church, VA",62961
51059430801,"West Springfield, VA",62926
24031704600,"Bethesda, MD",62909
24031706008,"Potomac, MD",62788
24031705100,"Chevy Chase, MD",62730
24031705000,"Bethesda, MD",62703
51510200702,"Eisenhower East, Alexandria, VA",62616
11001010800,"Northwest Washington, Washington, DC",62433
24033807000,"College Park, MD",62348
24031704806,"Bethesda, MD",62336
24031705501,"Chevy Chase, MD",62321
51059471401,"Falls Church, VA",62246
51059452501,"Alexandria, VA",62222
24031705902,"Bannockburn, Bethesda, MD",62196
51059451100,"Falls Church, VA",62184
51013103401,"Fort Myer, Arlington, VA",62086
11001001402,"Northwest Washington, Washington, DC",62062
51013101100,"East Falls Church, Arlington, VA",62003
51059440201,"Falls Church, VA",61874
24033806400,"University Park, MD",61806
51059450800,"Annandale, VA",61727
51059480202,"Tysons, VA",61718
51059440702,"Annandale, VA",61693
51059440701,"Annandale, VA",61582
51610500100,"Falls Church, VA",61499
51059430400,"Springfield, VA",61462
51059471402,"Falls Church, VA",61380
24031704804,"Bethesda, MD",61306
51510200801,"Taylor Run, Alexandria, VA",61246
11001000600,"Northwest Washington, Washington, DC",61225
51510201100,"North Ridge, Alexandria, VA",61222
51059440202,"Annandale, VA",61196
51059450702,"Annandale, VA",61174
51510200802,"Taylor Run, Alexandria, VA",61008
24031705200,"Chevy Chase, MD",60922
11001004100,"Northwest Washington, Washington, DC",60578
51059452101,"Annandale, VA",60494
24031705903,"Bethesda, MD",60384
51059450400,"Falls Church, VA",60285
51013103800,"Long Branch Creek, Arlington, VA",60144
51059470700,"McLean, VA",59932
51059452102,"Annandale, VA",59770
11001000701,"Cathedral Heights, Washington, DC",59764
11001001500,"Northwest Washington, Washington, DC",59666
51059460502,"Vienna, VA",59640
51059430802,"West Springfield, VA",59503
51059450701,"Annandale, VA",59477
51059430600,"Springfield, VA",59408
51510200404,"Landmark, Alexandria, VA",59383
51059452301,"Annandale, VA",59383
51059471301,"Falls Church, VA",59357
11001001100,"Northwest Washington, Washington, DC",59211
51059451602,"Falls Church, VA",59195
51059451400,"Seven Corners, VA",59008
11001004300,"Northwest Washington, Washington, DC",58975
51059452200,"Annandale, VA",58959
24031705400,"Chevy Chase, MD",58919
11001000100,"Georgetown, Washington, DC",58860
51510200403,"Landmark, Alexandria, VA",58800
51059480203,"Tysons, VA",58787
51059420203,"Alexandria, VA",58784
51013100900,"Tara - Leeway Heights, Arlington, VA",58762
51059471202,"McLean, VA",58742
51059452400,"Springfield, VA",58686
11001007301,"Southwest Washington, Washington, DC",58643
11001004202,"Northwest Washington, Washington, DC",58556
51013103503,"Crystal City, Arlington, VA",58497
51059420700,"Alexandria, VA",58319
11001010700,"Downtown, Washington, DC",58207
51013101000,"Arlington, VA",58151
11001000802,"Northwest Washington, Washington, DC",58123
51059471100,"Falls Church, VA",58101
11001000300,"Northwest Washington, Washington, DC",57905
51059415200,"Alexandria, VA",57785
51059420100,"Springfield, VA",57749
51013102802,"Claremont, Arlington, VA",57617
24033806800,"Berwyn Heights, MD",57595
51013101300,"Bluemont, Arlington, VA",57521
24031705702,"Bethesda, MD",57509
51059420202,"Alexandria, VA",57327
11001001001,"American University Park, Washington, DC",57304
51013102702,"Douglas Park, Arlington, VA",57286
51013101401,"Bluemont, Arlington, VA",57245
51059420300,"Alexandria, VA",57231
24033806706,"Greenbelt, MD",57123
51059461700,"Fairfax, VA",57087
51510201500,"Potomac West, Alexandria, VA",57059
51013102902,"Shirlington, Arlington, VA",57028
51610500200,"Falls Church, VA",56981
24033806708,"Greenbelt, MD",56971
51013100600,"Cherrydale, Arlington, VA",56781
51059451200,"Falls Church, VA",56719
11001008200,"Northeast Washington, Washington, DC",56706
51013101802,"Court House, Arlington, VA",56652
51059452801,"Alexandria, VA",56636
51013102301,"Alcova Heights, Arlington, VA",56629
24033800409,"Bowie, MD",56600
24031702401,"Silver Spring, MD",56582
11001002302,"Northwest Washington, Washington, DC",56580
51013100800,"High View Park, Arlington, VA",56567
24031705502,"Chevy Chase, MD",56496
11001011000,"Southwest Washington, Washington, DC",56387
24031705800,"Glen Echo, MD",56323
51510200201,"Seminary Hill, Alexandria, VA",56297
11001008301,"Northeast Washington, Washington, DC",56294
51013101404,"Virginia Square, Arlington, VA",56240
51013100100,"Arlington, VA",56197
51059451502,"Bailey's Crossroads, VA",56058
11001000400,"Naval Observatory, Washington, DC",56004
51013103601,"Aurora Highlands, Arlington, VA",55931
51059461602,"Vienna, VA",55927
51610500300,"Falls Church, VA",55918
51013102600,"Douglas Park, Arlington, VA",55915
51059450900,"Falls Church, VA",55913
51013101801,"Court House, Arlington, VA",55798
51013103700,"Arlington Ridge, Arlington, VA",55794
51013101900,"Ashton Heights, Arlington, VA",55793
51059452600,"Alexandria, VA",55683
51059450300,"Falls Church, VA",55641
24033801104,"Joint Base Andrews, MD",55415
51059450200,"Falls Church, VA",55390
24033804200,"Cheverly, MD",55376
11001001200,"Northwest Washington, Washington, DC",55331
51059450500,"Falls Church, VA",55321
51013100200,"Yorktown, Arlington, VA",55316
51059420201,"Alexandria, VA",55232
51059451900,"Alexandria, VA",55156
51059452302,"Annandale, VA",55026
51013102001,"Buckingham, Arlington, VA",54956
51059430700,"Springfield, VA",54945
51059450100,"Falls Church, VA",54693
11001000202,"Georgetown, Washington, DC",54681
51510202002,"Old Town, Alexandria, VA",54590
11001000902,"Northwest Washington, Washington, DC",54578
24033805801,"Adelphi, MD",54542
51013101702,"Radnor - Fort Myer Heights, Arlington, VA",54467
51059471201,"Tysons, VA",54270
11001005201,"Downtown, Washington, DC",54171
24033800707,"Greater Upper Marlboro, Upper Marlboro, MD",54118
11001000502,"Northwest Washington, Washington, DC",54013
11001010100,"Downtown, Washington, DC",53872
51510200102,"Alexandria West, Alexandria, VA",53803
51059461601,"Fairfax, VA",53725
24031701703,"Takoma Park, MD",53652
51013100700,"Arlington, VA",53532
24033800410,"Bowie, MD",53441
51510201400,"Potomac West, Alexandria, VA",53380
24031702700,"Silver Spring, MD",53352
24033807102,"Riverdale, Riverdale Park, MD",53122
51013103000,"Shirlington, Arlington, VA",53098
51510201801,"Northeast Alexandria, Alexandria, VA",53071
11001005500,"Northwest Washington, Washington, DC",53029
11001006700,"Southeast Washington, Washington, DC",52949
51013101500,"Lyon Village, Arlington, VA",52883
24033806100,"Hyattsville, MD",52751
24033800408,"Glenn Dale, MD",52679
51059420600,"Groveton, Alexandria, VA",52644
51059450602,"Falls Church, VA",52631
51510200302,"Seminary Hill, Alexandria, VA",52523
24033805101,"Chillum, MD",52501
24033806710,"Greenbelt, MD",52459
11001003700,"Northwest Washington, Washington, DC",52345
11001005301,"Northwest Washington, Washington, DC",52307
51013103502,"Aurora Highlands, Arlington, VA",52121
51510201300,"Del Ray, Alexandria, VA",52052
51013103200,"Columbia Heights, Arlington, VA",51999
51013101803,"Lyon Park, Arlington, VA",51789
51013103402,"Crystal City, Arlington, VA",51788
51013102701,"Douglas Park, Arlington, VA",51298
51013102302,"Barcroft, Arlington, VA",51196
24033800412,"Lanham, MD",51172
51013101603,"North Rosslyn, Arlington, VA",51161
24033805700,"Hyattsville, MD",51133
24033806711,"Greenbelt, MD",51119
24033806200,"Hyattsville, MD",51092
51013102801,"Columbia Forest, Arlington, VA",51004
51013102400,"Arlington Heights, Arlington, VA",50916
51510200500,"Seminary Hill, Alexandria, VA",50761
51013102200,"Arlington Mill, Arlington, VA",50752
24033805500,"Hyattsville, MD",50748
24033800518,"Bowie, MD",50696
51013101602,"Colonial Village, Arlington, VA",50617
51013101403,"Virginia Square, Arlington, VA",50521
51013101402,"Virginia Square, Arlington, VA",50521
51510200703,"Southwest Quadrant, Alexandria, VA",50492
24031702500,"Downtown Silver Spring, Silver Spring, MD",50455
51059452700,"Falls Church, VA",50359
11001004001,"Adams Morgan, Washington, DC",50341
51510200701,"Eisenhower West, Alexandria, VA",50323
51059420503,"Alexandria, VA",50323
11001001002,"Cathedral Heights, Washington, DC",50276
51059452502,"Lincolnia, VA",50261
51059452802,"Bailey's Crossroads, VA",50159
11001001302,"Forest Hills, Washington, DC",50054
24033805904,"Hyattsville, MD",49968
11001005800,"Northwest Washington, Washington, DC",49954
51059420502,"Alexandria, VA",49949
11001009201,"Edgewood, Washington, DC",49928
24031701800,"Takoma Park, MD",49866
24033803610,"New Carrollton, MD",49849
11001010200,"Southwest Washington, Washington, DC",49817
11001002600,"Northwest Washington, Washington, DC",49650
24033800411,"Glenn Dale, MD",49633
24033806501,"Riverdale, Riverdale Park, MD",49564
51510200303,"Landmark, Alexandria, VA",49480
11001000702,"Northwest Washington, Washington, DC",49370
11001001600,"Northwest Washington, Washington, DC",49291
11001002701,"Northwest Washington, Washington, DC",49070
24033803516,"Bowie, MD",48985
24031701701,"Takoma Park, MD",48978
51510200407,"Landmark, Alexandria, VA",48953
51510200104,"Alexandria West, Alexandria, VA",48914
24033803605,"New Carrollton, MD",48903
24033800517,"Upper Marlboro, MD",48742
11001000501,"Northwest Washington, Washington, DC",48729
51510201802,"Old Town, Alexandria, VA",48688
51013103602,"Aurora Highlands, Arlington, VA",48666
24031702402,"Silver Spring, MD",48661
24033800413,"Lanham, MD",48640
51510200600,"Seminary Hill, Alexandria, VA",48524
51510201900,"Old Town, Alexandria, VA",48516
11001002702,"Mount Pleasant, Washington, DC",48326
24033806602,"Riverdale, East Riverdale, MD",48286
51013102500,"Penrose, Arlington, VA",48236
11001003302,"Bloomingdale, Washington, DC",48160
51510200103,"Alexandria West, Alexandria, VA",48157
24031702000,"New Hampshire Estates, Silver Spring, MD",48142
11001001301,"Northwest Washington, Washington, DC",48012
24033803520,"Bowie, MD",47870
24031702601,"Downtown Silver Spring, Silver Spring, MD",47812
11001008100,"Northeast Washington, Washington, DC",47799
24033805201,"Hyattsville, MD",47772
24031702602,"Silver Spring, MD",47537
11001008402,"Northeast Washington, Washington, DC",47406
24033804101,"Cheverly, MD",47214
24033801404,"National Harbor, Oxon Hill, MD",47125
24033801211,"Clinton, MD",47022
24033800605,"Greater Upper Marlboro, Upper Marlboro, MD",46922
51013101703,"Radnor - Fort Myer Heights, Arlington, VA",46889
24033800514,"Bowie, MD",46843
24033803523,"Bowie, MD",46830
51510200107,"Alexandria West, Alexandria, VA",46810
11001010300,"Northwest Washington, Washington, DC",46683
11001002400,"Northwest Washington, Washington, DC",46545
24031701704,"Takoma Park, MD",46540
11001007000,"Southeast Washington, Washington, DC",46537
24033804600,"Brentwood, MD",46414
24033800509,"Upper Marlboro, MD",46358
24033801904,"Suitland, Camp Springs, MD",46316
11001001901,"Brightwood, Washington, DC",46210
51510200301,"Seminary Hill, Alexandria, VA",45869
51510200406,"Landmark, Alexandria, VA",45801
24033803527,"Upper Marlboro, MD",45720
51510201600,"Old Town West, Alexandria, VA",45683
24031702301,"Silver Spring, MD",45677
11001003900,"Lanier Heights, Washington, DC",45645
51059420400,"Alexandria, VA",45640
51510200106,"Alexandria West, Alexandria, VA",45626
11001009000,"Fort Lincoln, Washington, DC",45544
11001009203,"Northeast Washington, Washington, DC",45464
11001005600,"Northwest Washington, Washington, DC",45381
24033804900,"Hyattsville, MD",45274
24033803606,"Lanham, MD",45270
11001002001,"16th Street Heights, Washington, DC",45249
24033800706,"Upper Marlboro, MD",45235
11001004400,"Northwest Washington, Washington, DC",45222
24033805802,"Hyattsville, MD",45196
51510200405,"Landmark, Alexandria, VA",44876
11001006900,"Southeast Washington, Washington, DC",44859
24033804700,"Mount Rainier, MD",44794
24031704803,"Bethesda, MD",44722
24033806000,"Hyattsville, MD",44718
11001009901,"Penn Branch, Washington, DC",44707
24033806300,"Hyattsville, MD",44573
11001009507,"Northeast Washington, Washington, DC",44491
24031705602,"Chevy Chase, MD",44369
11001001902,"Manor Park, Washington, DC",44330
11001002801,"Columbia Heights, Washington, DC",44311
51013103501,"Arlington Ridge, Arlington, VA",44099
51510201202,"Potomac West, Alexandria, VA",44088
24033803521,"Bowie, MD",43833
24033800701,"Upper Marlboro, MD",43772
24033803608,"Lanham, MD",43767
11001004002,"Adams Morgan, Washington, DC",43722
51013102901,"Shirlington, Arlington, VA",43706
24033802201,"Upper Marlboro, MD",43684
24033803602,"Glenarden, MD",43633
24033805602,"Hyattsville, MD",43563
11001007803,"Lower Central NE, Washington, DC",43474
24033806712,"Greenbelt, MD",43445
11001008302,"Northeast Washington, Washington, DC",43423
11001009504,"Michigan Park, Washington, DC",43414
51510200105,"Alexandria West, Alexandria, VA",43349
24033803526,"Kettering, MD",43340
24033801901,"Temple Hills, MD",43258
11001009903,"Southeast Washington, Washington, DC",43235
24033802301,"District Heights, MD",43107
24033803512,"Upper Marlboro, MD",43083
24033803601,"Springdale, MD",42980
24033803525,"Hyattsville, MD",42887
24033803522,"Bowie, MD",42817
24033803607,"Lanham, MD",42778
11001007703,"Fort Dupont, Washington, DC",42611
24033801405,"Oxon Hill, MD",42511
51013103300,"Arlington Views, Arlington, VA",42483
24033803613,"Lanham, MD",42479
24033803700,"Hyattsville, MD",42463
24033801907,"Suitland, Suitland-Silver Hill, MD",42434
24033806601,"Prince Georges County, MD",42418
24033805601,"Hyattsville, MD",42398
24033802103,"District Heights, MD",42339
11001009509,"Michigan Park, Washington, DC",42315
11001009508,"Northeast Washington, Washington, DC",42225
24031701900,"Takoma Park, MD",42200
24033800607,"Greater Upper Marlboro, Upper Marlboro, MD",42158
24033801407,"Fort Washington, MD",42089
11001007809,"Northeast Washington, Washington, DC",42041
51013103100,"Nauck, Arlington, VA",41932
24033805909,"Hyattsville, MD",41858
24033801905,"Suitland, Camp Springs, MD",41851
11001002202,"Northwest Washington, Washington, DC",41813
24033803801,"Hyattsville, MD",41804
11001004902,"Downtown, Washington, DC",41776
11001001702,"Northwest Washington, Washington, DC",41634
24033805000,"Hyattsville, MD",41530
11001005002,"Downtown, Washington, DC",41486
11001002502,"Northwest Washington, Washington, DC",41400
11001002102,"Northwest Washington, Washington, DC",41314
24033802502,"Capitol Heights, MD",41306
24033801214,"Clinton, MD",41240
24033805202,"Takoma Park, MD",40978
24033803513,"Largo, MD",40905
24033803803,"Riverdale, Woodlawn, MD",40845
11001010500,"Southwest Washington, Washington, DC",40608
11001007707,"Benning Ridge, Washington, DC",40382
11001007808,"Grant Park, Washington, DC",40335
24033803519,"Landover, Hyattsville, MD",40144
24033801805,"Temple Hills, MD",40115
51510201203,"Potomac West, Alexandria, VA",40016
24033804002,"Bladensburg, MD",40003
11001005900,"Northwest Washington, Washington, DC",39828
24033803524,"Hyattsville, MD",39694
24033801212,"Camp Springs, MD",39692
24033803508,"Glenarden, MD",39584
24033803612,"Lanham, MD",39410
11001002301,"Northwest Washington, Washington, DC",39391
24033802204,"District Heights, MD",39273
24033801409,"Fort Washington, MD",39247
24033802804,"Capitol Heights, MD",39152
11001009503,"Northeast Washington, Washington, DC",38972
24033804102,"Hyattsville, MD",38804
11001007604,"Southeast Washington, Washington, DC",38767
11001009902,"Southeast Washington, Washington, DC",38732
11001004801,"Northwest Washington, Washington, DC",38730
24033803514,"Largo, MD",38609
24033801708,"Oxon Hill, MD",38546
24033802203,"Forestville, MD",38526
11001008001,"Northeast Washington, Washington, DC",38520
11001009302,"Brookland, Washington, DC",38488
24033801706,"Temple Hills, MD",38471
24033802501,"Suitland, Suitland-Silver Hill, MD",38358
24033801906,"Morningside, MD",38301
24033802803,"Capitol Heights, MD",37975
11001006802,"Barney Circle, Washington, DC",37954
11001003800,"Northwest Washington, Washington, DC",37890
24033801408,"Fort Washington, MD",37841
11001009501,"Northeast Washington, Washington, DC",37810
24033802001,"Suitland, Suitland-Silver Hill, MD",37588
11001011100,"Northeast Washington, Washington, DC",37560
11001009301,"Northeast Washington, Washington, DC",37285
24033802104,"District Heights, MD",37267
11001002002,"16th Street Heights, Washington, DC",37262
11001002201,"Northwest Washington, Washington, DC",37230
11001004701,"Northwest Washington, Washington, DC",37215
11001001804,"Brightwood, Washington, DC",37196
11001008701,"Eckington, Washington, DC",37143
11001009505,"Northeast Washington, Washington, DC",37100
24033802408,"Capitol Heights, MD",37087
24033801701,"Temple Hills, MD",36993
11001007603,"Southeast Washington, Washington, DC",36978
11001009400,"Northeast Washington, Washington, DC",36881
11001008410,"Northeast Washington, Washington, DC",36803
24033801702,"Temple Hills, MD",36802
24033801804,"Temple Hills, MD",36751
11001009601,"Kenilworth, Washington, DC",36647
11001009810,"Southeast Washington, Washington, DC",36638
11001008904,"Carver / Langston, Washington, DC",36623
24033801704,"Oxon Hill, MD",36494
11001001803,"Brightwood, Washington, DC",36346
24033801908,"Suitland, Suitland-Silver Hill, MD",36341
24033803900,"Hyattsville, MD",36274
24033804300,"Hyattsville, MD",36242
24033802107,"District Heights, MD",36136
11001007304,"Congress Heights, Washington, DC",36054
11001002101,"Brightwood Park, Washington, DC",36000
11001002900,"Northwest Washington, Washington, DC",35911
11001009907,"Southeast Washington, Washington, DC",35878
11001009700,"Southeast Washington, Washington, DC",35839
24033801807,"Hillcrest Heights, MD",35762
11001010400,"Southeast Washington, Washington, DC",35755
24033801801,"Temple Hills, MD",35568
24033801500,"Oxon Hill, MD",35460
24033802805,"Pepper Mill Village, Capitol Heights, MD",35447
24033801808,"Hillcrest Heights, MD",35259
24033802901,"Capitol Heights, MD",35226
11001007100,"Southeast Washington, Washington, DC",35131
11001003100,"Northwest Washington, Washington, DC",35085
11001003301,"Bloomingdale, Washington, DC",35024
11001007200,"Capitol Riverfront, Washington, DC",35013
24033804001,"Bladensburg, MD",34958
24033802600,"Capitol Heights, MD",34926
51510201204,"Del Ray, Alexandria, VA",34844
11001009811,"Southeast Washington, Washington, DC",34817
11001002501,"16th Street Heights, Washington, DC",34814
24033803002,"Capitol Heights, MD",34788
24033803402,"Landover, Hyattsville, MD",34730
11001009603,"Northeast Washington, Washington, DC",34610
24033802407,"District Heights, MD",34584
24033804400,"Brentwood, MD",34553
24033801802,"Temple Hills, MD",34337
11001009807,"Bellevue, Washington, DC",34260
11001007502,"Southeast Washington, Washington, DC",34238
24033803401,"Landover, Hyattsville, MD",34106
24033802002,"District Heights, MD",34036
11001007708,"Southeast Washington, Washington, DC",34031
11001008002,"Northeast Washington, Washington, DC",34004
24033802404,"District Heights, MD",34002
11001009604,"Northeast Washington, Washington, DC",33972
11001007407,"Barry Farm, Washington, DC",33879
24033804801,"Mount Rainier, MD",33802
24033803509,"Dodge Park, Hyattsville, MD",33789
11001007709,"Fairlawn, Washington, DC",33593
11001004600,"Northwest Washington, Washington, DC",33588
24031701702,"Takoma Park, MD",33219
24033803100,"Capitol Heights, MD",33078
11001009801,"Southeast Washington, Washington, DC",32870
11001009102,"Brentwood, Washington, DC",32642
24033803300,"Hyattsville, MD",32633
24033802406,"Suitland, Suitland-Silver Hill, MD",32605
24033802106,"Suitland-Silver Hill, MD",32537
24033804802,"Mount Rainier, MD",32516
11001007807,"Northeast Washington, Washington, DC",32478
11001009905,"Marshall Heights, Washington, DC",32403
11001007601,"Southeast Washington, Washington, DC",32380
11001008903,"Carver / Langston, Washington, DC",32353
24033802700,"Capitol Heights, MD",32241
11001004201,"Northwest Washington, Washington, DC",32138
24033801707,"Oxon Hill, MD",32130
11001007403,"Shipley, Washington, DC",32057
11001007605,"Fairlawn, Washington, DC",32017
11001010600,"Near Northeast, Washington, DC",31975
11001007804,"Lincoln Heights, Washington, DC",31967
11001003000,"Columbia Heights, Washington, DC",31953
11001002802,"Columbia Heights, Washington, DC",31865
24033801600,"Oxon Hill, MD",31832
11001009802,"Southeast Washington, Washington, DC",31783
11001004901,"Northwest Washington, Washington, DC",31634
11001007901,"Northeast Washington, Washington, DC",31614
11001007806,"Northeast Washington, Washington, DC",31556
11001009904,"Marshall Heights, Washington, DC",31396
24033803200,"Hyattsville, MD",31246
11001003500,"Northwest Washington, Washington, DC",31239
24033802405,"Suitland, Suitland-Silver Hill, MD",31188
11001007409,"Southeast Washington, Washington, DC",31111
11001003600,"Columbia Heights, Washington, DC",31069
11001003200,"Northwest Washington, Washington, DC",31045
11001009204,"Edgewood, Washington, DC",30865
11001004802,"Northwest Washington, Washington, DC",30649
11001009804,"Southeast Washington, Washington, DC",30368
11001007504,"Historic Anacostia, Washington, DC",30323
11001009906,"Marshall Heights, Washington, DC",30009
11001008802,"Northeast Washington, Washington, DC",29930
11001006400,"Southwest Washington, Washington, DC",29487
24033803001,"Capitol Heights, MD",29471
11001009803,"Congress Heights, Washington, DC",29373
11001008804,"Northeast Washington, Washington, DC",29112
11001007406,"Southeast Washington, Washington, DC",29083
11001010900,"Southwest Washington, Washington, DC",28894
11001006801,"Hill East, Washington, DC",28728
11001008702,"Eckington, Washington, DC",28694
24033805908,"Chillum, MD",28264
11001007503,"Historic Anacostia, Washington, DC",28006
11001003400,"Howard University, Washington, DC",27822
11001007903,"Kingman Park, Washington, DC",26908
11001007408,"Southeast Washington, Washington, DC",26642
11001009602,"Mayfair, Washington, DC",24916
11001008803,"Northeast Washington, Washington, DC",24772
11001007404,"Douglass, Washington, DC",24676
11001005001,"Logan Circle, Washington, DC",24011
11001004702,"Northwest Washington, Washington, DC",17371
11001007401,"Barry Farm, Washington, DC",17292
11001006202,"Northwest Washington, Washington, DC",
11001006804,"Southeast Washington, Washington, DC",
11001000201,"Georgetown, Washington, DC",