﻿"tract","Name","Household_Income_rP_gP_p25"
51059480203,"Tysons, VA",69199
51013100400,"Arlington, VA",68322
51013101601,"North Highland, Arlington, VA",65785
51510200702,"Eisenhower East, Alexandria, VA",64583
51059470100,"McLean, VA",64348
24031705300,"Chevy Chase, MD",63907
51510202001,"Old Town, Alexandria, VA",62664
51510200202,"Seminary Hill, Alexandria, VA",61472
51510202002,"Old Town, Alexandria, VA",59622
51059460600,"Vienna, VA",58970
51059450701,"Annandale, VA",58951
24031704805,"Bethesda, MD",58842
24031705901,"Bethesda, MD",58015
51059460400,"Tysons, VA",55611
51059480201,"McLean, VA",55202
51059471304,"Falls Church, VA",54638
51013103601,"Aurora Highlands, Arlington, VA",54382
51059470500,"McLean, VA",54358
51510200900,"North Ridge, Alexandria, VA",53055
11001001401,"Northwest Washington, Washington, DC",52982
51059450800,"Annandale, VA",52973
24031705000,"Bethesda, MD",52545
51059460501,"Tysons, VA",52298
11001000901,"Northwest Washington, Washington, DC",52187
51059440702,"Annandale, VA",51908
51059440800,"Annandale, VA",51864
51059430400,"Springfield, VA",51770
24031705601,"Bethesda, MD",51406
51013100300,"Old Glebe, Arlington, VA",51327
51059471303,"Falls Church, VA",50964
24031706013,"Bethesda, MD",50696
51059470300,"McLean, VA",50587
51059471202,"McLean, VA",50431
51059470400,"McLean, VA",50405
51013100500,"Donaldson Run, Arlington, VA",49951
51059452400,"Springfield, VA",49951
51059452000,"Annandale, VA",49524
51059430500,"Springfield, VA",49392
51059470700,"McLean, VA",49336
51059452102,"Annandale, VA",49295
51059451000,"Annandale, VA",49104
24031705902,"Bannockburn, Bethesda, MD",48693
51059471000,"Falls Church, VA",48571
51059430801,"West Springfield, VA",48356
24031704600,"Bethesda, MD",48311
51059452101,"Annandale, VA",48272
51013102002,"Ashton Heights, Arlington, VA",48272
51059452302,"Annandale, VA",48207
51059420202,"Alexandria, VA",48191
51059480300,"McLean, VA",48167
51059450100,"Falls Church, VA",48110
51059461601,"Fairfax, VA",48101
11001005500,"Northwest Washington, Washington, DC",47680
24031705701,"Bethesda, MD",47438
51059420100,"Springfield, VA",47389
24031705903,"Bethesda, MD",47228
51059452501,"Alexandria, VA",47158
51059450601,"Falls Church, VA",47155
51059480100,"Great Falls, VA",46986
51059461602,"Vienna, VA",46638
24031705100,"Chevy Chase, MD",46591
51059440202,"Annandale, VA",46420
51059430600,"Springfield, VA",46415
51059440300,"Annandale, VA",46324
11001005800,"Northwest Washington, Washington, DC",46250
51059450400,"Falls Church, VA",46095
24031706009,"Potomac, MD",46093
51059451100,"Falls Church, VA",45871
51059415200,"Alexandria, VA",45854
51059452301,"Annandale, VA",45849
51059450500,"Falls Church, VA",45768
51059461700,"Fairfax, VA",45679
51013101100,"East Falls Church, Arlington, VA",45674
24031704804,"Bethesda, MD",45673
51059451501,"Falls Church, VA",45584
11001006600,"Capitol Hill, Washington, DC",45352
51610500100,"Falls Church, VA",45339
51059471401,"Falls Church, VA",45334
51059452200,"Annandale, VA",45063
51059451300,"Falls Church, VA",44915
11001000801,"Northwest Washington, Washington, DC",44911
51013101200,"Dominion Hills, Arlington, VA",44862
51059470800,"McLean, VA",44828
51059420502,"Alexandria, VA",44538
11001000600,"Northwest Washington, Washington, DC",44537
51013102100,"Glencarlyn, Arlington, VA",44520
51059450602,"Falls Church, VA",44402
51013101404,"Virginia Square, Arlington, VA",44117
51059450300,"Falls Church, VA",44027
51059450200,"Falls Church, VA",43927
51013101603,"North Rosslyn, Arlington, VA",43577
11001004100,"Northwest Washington, Washington, DC",43572
51013101802,"Court House, Arlington, VA",43554
51013101500,"Lyon Village, Arlington, VA",43552
24033806800,"Berwyn Heights, MD",43544
51059420201,"Alexandria, VA",43530
51059471100,"Falls Church, VA",43425
51059450702,"Annandale, VA",43425
51013101402,"Virginia Square, Arlington, VA",43351
51013103700,"Arlington Ridge, Arlington, VA",43115
24031704806,"Bethesda, MD",43108
51059460502,"Vienna, VA",43085
51059451800,"Lincolnia, VA",43005
51059450900,"Falls Church, VA",42937
11001001402,"Northwest Washington, Washington, DC",42914
51059452802,"Bailey's Crossroads, VA",42811
51059440701,"Annandale, VA",42642
24031702401,"Silver Spring, MD",42385
51610500300,"Falls Church, VA",42347
51013101300,"Bluemont, Arlington, VA",42270
51059452600,"Alexandria, VA",42268
24033800514,"Bowie, MD",42174
51059451200,"Falls Church, VA",42110
11001004202,"Northwest Washington, Washington, DC",42049
51013102001,"Buckingham, Arlington, VA",42031
51059440201,"Falls Church, VA",41986
51013102400,"Arlington Heights, Arlington, VA",41967
51059452700,"Falls Church, VA",41956
51059471402,"Falls Church, VA",41911
51059470600,"McLean, VA",41811
51510201100,"North Ridge, Alexandria, VA",41801
24033806710,"Greenbelt, MD",41739
11001001500,"Northwest Washington, Washington, DC",41733
51013101000,"Arlington, VA",41631
51013101702,"Radnor - Fort Myer Heights, Arlington, VA",41539
51059480202,"Tysons, VA",41470
51013101801,"Court House, Arlington, VA",41452
11001001001,"American University Park, Washington, DC",41432
51610500200,"Falls Church, VA",41423
51510200407,"Landmark, Alexandria, VA",41354
24033806400,"University Park, MD",41224
11001000902,"Northwest Washington, Washington, DC",41172
24031704803,"Bethesda, MD",41161
51059471201,"Tysons, VA",41137
51013103300,"Arlington Views, Arlington, VA",41086
51510200404,"Landmark, Alexandria, VA",40999
51013100700,"Arlington, VA",40985
51059430700,"Springfield, VA",40979
51510201500,"Potomac West, Alexandria, VA",40870
51059420300,"Alexandria, VA",40828
24031706008,"Potomac, MD",40720
11001000802,"Northwest Washington, Washington, DC",40687
51013100100,"Arlington, VA",40666
11001001100,"Northwest Washington, Washington, DC",40643
51013103402,"Crystal City, Arlington, VA",40533
24033806706,"Greenbelt, MD",40494
51059420503,"Alexandria, VA",40450
51013102003,"Buckingham, Arlington, VA",40441
24033805802,"Hyattsville, MD",40421
51059470900,"Falls Church, VA",40385
51013101401,"Bluemont, Arlington, VA",40368
51059420700,"Alexandria, VA",40341
51059420203,"Alexandria, VA",40143
51059452801,"Alexandria, VA",40052
51510200403,"Landmark, Alexandria, VA",39928
51510200600,"Seminary Hill, Alexandria, VA",39899
51059451400,"Seven Corners, VA",39868
24033804200,"Cheverly, MD",39847
24033803523,"Bowie, MD",39795
24033800518,"Bowie, MD",39766
24031705200,"Chevy Chase, MD",39714
51510200801,"Taylor Run, Alexandria, VA",39626
51013102802,"Claremont, Arlington, VA",39594
24033800409,"Bowie, MD",39355
11001000701,"Cathedral Heights, Washington, DC",39319
51013100900,"Tara - Leeway Heights, Arlington, VA",39175
51510201000,"North Ridge, Alexandria, VA",39128
24031704700,"Bethesda, MD",39025
51013102702,"Douglas Park, Arlington, VA",38992
24033805801,"Adelphi, MD",38813
51059451900,"Alexandria, VA",38742
51013100600,"Cherrydale, Arlington, VA",38704
51059420600,"Groveton, Alexandria, VA",38658
24033806708,"Greenbelt, MD",38560
51013102301,"Alcova Heights, Arlington, VA",38554
24031705800,"Glen Echo, MD",38433
51013102600,"Douglas Park, Arlington, VA",38382
51013103200,"Columbia Heights, Arlington, VA",38264
51059471301,"Falls Church, VA",38232
51510200105,"Alexandria West, Alexandria, VA",38168
51059451602,"Falls Church, VA",38123
51013102302,"Barcroft, Arlington, VA",38090
11001008200,"Northeast Washington, Washington, DC",38082
11001001200,"Northwest Washington, Washington, DC",38056
24031702602,"Silver Spring, MD",37901
24033807000,"College Park, MD",37877
24033803606,"Lanham, MD",37734
51059451601,"Bailey's Crossroads, VA",37682
11001010800,"Northwest Washington, Washington, DC",37662
51013103602,"Aurora Highlands, Arlington, VA",37620
24033800408,"Glenn Dale, MD",37600
51013101602,"Colonial Village, Arlington, VA",37588
11001001302,"Forest Hills, Washington, DC",37439
51013102801,"Columbia Forest, Arlington, VA",37422
24033805202,"Takoma Park, MD",37343
51510200106,"Alexandria West, Alexandria, VA",37330
11001005301,"Northwest Washington, Washington, DC",37280
51013102200,"Arlington Mill, Arlington, VA",37274
11001003900,"Lanier Heights, Washington, DC",37255
24033800412,"Lanham, MD",37144
51013101803,"Lyon Park, Arlington, VA",37131
11001000501,"Northwest Washington, Washington, DC",37116
51059430802,"West Springfield, VA",37043
51013103401,"Fort Myer, Arlington, VA",36824
51510200301,"Seminary Hill, Alexandria, VA",36698
51059451502,"Bailey's Crossroads, VA",36685
51510200104,"Alexandria West, Alexandria, VA",36667
24031701701,"Takoma Park, MD",36607
51510200107,"Alexandria West, Alexandria, VA",36560
24033803516,"Bowie, MD",36486
51013103502,"Aurora Highlands, Arlington, VA",36464
51510200303,"Landmark, Alexandria, VA",36428
51013101703,"Radnor - Fort Myer Heights, Arlington, VA",36322
11001000300,"Northwest Washington, Washington, DC",36058
11001002302,"Northwest Washington, Washington, DC",36052
11001006500,"Southeast Washington, Washington, DC",36038
51013103800,"Long Branch Creek, Arlington, VA",35994
24033800410,"Bowie, MD",35978
51059452502,"Lincolnia, VA",35860
51510200302,"Seminary Hill, Alexandria, VA",35794
51510200701,"Eisenhower West, Alexandria, VA",35780
24033807200,"College Park, MD",35724
51510200406,"Landmark, Alexandria, VA",35677
24033803605,"New Carrollton, MD",35644
24031702700,"Silver Spring, MD",35624
11001005600,"Northwest Washington, Washington, DC",35605
51013101701,"Radnor - Fort Myer Heights, Arlington, VA",35545
24031705400,"Chevy Chase, MD",35526
24033804101,"Cheverly, MD",35504
51013102902,"Shirlington, Arlington, VA",35325
24033805908,"Chillum, MD",35229
51510200102,"Alexandria West, Alexandria, VA",35188
11001000702,"Northwest Washington, Washington, DC",35161
24033805904,"Hyattsville, MD",35120
24031705502,"Chevy Chase, MD",34901
51510200103,"Alexandria West, Alexandria, VA",34871
51013100200,"Yorktown, Arlington, VA",34866
11001006700,"Southeast Washington, Washington, DC",34860
11001010100,"Downtown, Washington, DC",34829
11001002600,"Northwest Washington, Washington, DC",34822
24033805500,"Hyattsville, MD",34819
24033803520,"Bowie, MD",34773
51510201400,"Potomac West, Alexandria, VA",34507
24031702000,"New Hampshire Estates, Silver Spring, MD",34503
24033801901,"Temple Hills, MD",34418
11001000502,"Northwest Washington, Washington, DC",34387
11001000100,"Georgetown, Washington, DC",34318
24033807102,"Riverdale, Riverdale Park, MD",34296
51013101403,"Virginia Square, Arlington, VA",34281
24033805909,"Hyattsville, MD",34050
24031702601,"Downtown Silver Spring, Silver Spring, MD",34048
24033803526,"Kettering, MD",34030
11001005002,"Downtown, Washington, DC",33987
51510200500,"Seminary Hill, Alexandria, VA",33956
24033806602,"Riverdale, East Riverdale, MD",33869
11001000400,"Naval Observatory, Washington, DC",33860
24033806712,"Greenbelt, MD",33838
24033803521,"Bowie, MD",33682
24033800517,"Upper Marlboro, MD",33655
51013103000,"Shirlington, Arlington, VA",33650
24033806711,"Greenbelt, MD",33645
24033800605,"Greater Upper Marlboro, Upper Marlboro, MD",33596
24033805101,"Chillum, MD",33565
11001002701,"Northwest Washington, Washington, DC",33534
51013102500,"Penrose, Arlington, VA",33327
24031705501,"Chevy Chase, MD",33303
24033805602,"Hyattsville, MD",33222
24031701800,"Takoma Park, MD",33178
24031702500,"Downtown Silver Spring, Silver Spring, MD",33156
11001001803,"Brightwood, Washington, DC",33148
51013102701,"Douglas Park, Arlington, VA",33121
11001000202,"Georgetown, Washington, DC",33114
24033800509,"Upper Marlboro, MD",33022
51013103503,"Crystal City, Arlington, VA",33001
11001002802,"Columbia Heights, Washington, DC",32905
11001001902,"Manor Park, Washington, DC",32872
51510200703,"Southwest Quadrant, Alexandria, VA",32868
24033803700,"Hyattsville, MD",32868
24033805201,"Hyattsville, MD",32863
24031702301,"Silver Spring, MD",32807
24033801104,"Joint Base Andrews, MD",32793
51510200405,"Landmark, Alexandria, VA",32759
24031702402,"Silver Spring, MD",32752
24033803610,"New Carrollton, MD",32661
11001004001,"Adams Morgan, Washington, DC",32622
24033804400,"Brentwood, MD",32612
51510200201,"Seminary Hill, Alexandria, VA",32596
51013102901,"Shirlington, Arlington, VA",32592
24033800413,"Lanham, MD",32587
24033805700,"Hyattsville, MD",32443
11001010300,"Northwest Washington, Washington, DC",32412
24033801407,"Fort Washington, MD",32379
11001001600,"Northwest Washington, Washington, DC",32338
11001009505,"Northeast Washington, Washington, DC",32299
24033801211,"Clinton, MD",32283
24033800607,"Greater Upper Marlboro, Upper Marlboro, MD",32254
24033803601,"Springdale, MD",32247
11001001002,"Cathedral Heights, Washington, DC",32226
11001009201,"Edgewood, Washington, DC",32217
24033806200,"Hyattsville, MD",32106
24033805000,"Hyattsville, MD",32036
11001001804,"Brightwood, Washington, DC",31987
24031701703,"Takoma Park, MD",31984
24033801404,"National Harbor, Oxon Hill, MD",31916
51510201203,"Potomac West, Alexandria, VA",31548
24033803512,"Upper Marlboro, MD",31548
24033801408,"Fort Washington, MD",31522
24031705702,"Bethesda, MD",31463
51510201202,"Potomac West, Alexandria, VA",31393
24033803803,"Riverdale, Woodlawn, MD",31325
11001002702,"Mount Pleasant, Washington, DC",31277
11001002502,"Northwest Washington, Washington, DC",31151
11001004300,"Northwest Washington, Washington, DC",31144
24033806100,"Hyattsville, MD",31106
11001004902,"Downtown, Washington, DC",31103
24033804700,"Mount Rainier, MD",31078
24033801706,"Temple Hills, MD",31019
24033803608,"Lanham, MD",30998
51510201801,"Northeast Alexandria, Alexandria, VA",30950
24033803522,"Bowie, MD",30923
24033803613,"Lanham, MD",30909
24033801405,"Oxon Hill, MD",30863
24031701900,"Takoma Park, MD",30820
24033802201,"Upper Marlboro, MD",30815
51510200802,"Taylor Run, Alexandria, VA",30795
24033806000,"Hyattsville, MD",30778
24031701704,"Takoma Park, MD",30702
24033806501,"Riverdale, Riverdale Park, MD",30686
51059420400,"Alexandria, VA",30641
24033800411,"Glenn Dale, MD",30609
24031705602,"Chevy Chase, MD",30584
11001004002,"Adams Morgan, Washington, DC",30551
51013103100,"Nauck, Arlington, VA",30364
24033806601,"Prince Georges County, MD",30336
24033804102,"Hyattsville, MD",30277
24033804802,"Mount Rainier, MD",30179
24033804002,"Bladensburg, MD",30135
11001002801,"Columbia Heights, Washington, DC",30075
24033806300,"Hyattsville, MD",30057
24031701702,"Takoma Park, MD",30018
51510201300,"Del Ray, Alexandria, VA",29988
24033803513,"Largo, MD",29965
11001008301,"Northeast Washington, Washington, DC",29931
11001002400,"Northwest Washington, Washington, DC",29906
24033801214,"Clinton, MD",29820
24033803607,"Lanham, MD",29644
11001001901,"Brightwood, Washington, DC",29411
51510201900,"Old Town, Alexandria, VA",29371
24033800706,"Upper Marlboro, MD",29350
24033804900,"Hyattsville, MD",29343
11001005201,"Downtown, Washington, DC",29333
11001009508,"Northeast Washington, Washington, DC",29259
24033804600,"Brentwood, MD",29251
11001007301,"Southwest Washington, Washington, DC",29248
24033803514,"Largo, MD",29236
24033805601,"Hyattsville, MD",29140
11001002001,"16th Street Heights, Washington, DC",29129
24033800707,"Greater Upper Marlboro, Upper Marlboro, MD",29072
11001002201,"Northwest Washington, Washington, DC",28989
11001009503,"Northeast Washington, Washington, DC",28852
51013100800,"High View Park, Arlington, VA",28826
24033803524,"Hyattsville, MD",28773
11001002101,"Brightwood Park, Washington, DC",28672
24033803519,"Landover, Hyattsville, MD",28583
11001001702,"Northwest Washington, Washington, DC",28454
11001009507,"Northeast Washington, Washington, DC",28414
11001002900,"Northwest Washington, Washington, DC",28383
24033801904,"Suitland, Camp Springs, MD",28382
24033804801,"Mount Rainier, MD",28342
24033803612,"Lanham, MD",28244
11001003700,"Northwest Washington, Washington, DC",28240
11001003800,"Northwest Washington, Washington, DC",28196
51510201204,"Del Ray, Alexandria, VA",28185
11001009604,"Northeast Washington, Washington, DC",28156
24033802203,"Forestville, MD",28092
24033803002,"Capitol Heights, MD",28060
11001009901,"Penn Branch, Washington, DC",27941
11001009302,"Brookland, Washington, DC",27830
24033802404,"District Heights, MD",27823
24033801409,"Fort Washington, MD",27720
24033801212,"Camp Springs, MD",27627
24033802204,"District Heights, MD",27625
51510201600,"Old Town West, Alexandria, VA",27549
11001009400,"Northeast Washington, Washington, DC",27525
11001003200,"Northwest Washington, Washington, DC",27515
11001004201,"Northwest Washington, Washington, DC",27506
11001010200,"Southwest Washington, Washington, DC",27356
11001006900,"Southeast Washington, Washington, DC",27291
24033802104,"District Heights, MD",27232
11001002501,"16th Street Heights, Washington, DC",27223
11001011100,"Northeast Washington, Washington, DC",27173
11001007603,"Southeast Washington, Washington, DC",27134
11001003600,"Columbia Heights, Washington, DC",27131
11001005900,"Northwest Washington, Washington, DC",27097
24033800701,"Upper Marlboro, MD",27004
24033801906,"Morningside, MD",26972
24033803602,"Glenarden, MD",26965
11001002102,"Northwest Washington, Washington, DC",26956
24033801708,"Oxon Hill, MD",26871
24033804001,"Bladensburg, MD",26851
24033803900,"Hyattsville, MD",26817
11001009504,"Michigan Park, Washington, DC",26797
11001007807,"Northeast Washington, Washington, DC",26756
11001002002,"16th Street Heights, Washington, DC",26695
11001011000,"Southwest Washington, Washington, DC",26666
24033801905,"Suitland, Camp Springs, MD",26634
11001009501,"Northeast Washington, Washington, DC",26621
11001009301,"Northeast Washington, Washington, DC",26618
24033803527,"Upper Marlboro, MD",26613
51013103501,"Arlington Ridge, Arlington, VA",26584
51013101900,"Ashton Heights, Arlington, VA",26513
24033803801,"Hyattsville, MD",26456
11001002202,"Northwest Washington, Washington, DC",26418
24033802700,"Capitol Heights, MD",26346
24033802001,"Suitland, Suitland-Silver Hill, MD",26335
11001009804,"Southeast Washington, Washington, DC",26306
11001004802,"Northwest Washington, Washington, DC",26233
11001008402,"Northeast Washington, Washington, DC",26160
24033803100,"Capitol Heights, MD",26126
24033803001,"Capitol Heights, MD",26097
51510201802,"Old Town, Alexandria, VA",26088
24033801702,"Temple Hills, MD",26047
11001007903,"Kingman Park, Washington, DC",26029
11001010500,"Southwest Washington, Washington, DC",25999
11001006802,"Barney Circle, Washington, DC",25958
24033801701,"Temple Hills, MD",25921
24033801500,"Oxon Hill, MD",25881
24033802501,"Suitland, Suitland-Silver Hill, MD",25823
11001003100,"Northwest Washington, Washington, DC",25804
11001009000,"Fort Lincoln, Washington, DC",25796
11001004801,"Northwest Washington, Washington, DC",25669
11001009905,"Marshall Heights, Washington, DC",25540
24033802405,"Suitland, Suitland-Silver Hill, MD",25519
24033802407,"District Heights, MD",25502
24033801807,"Hillcrest Heights, MD",25459
24033802804,"Capitol Heights, MD",25393
24033804300,"Hyattsville, MD",25359
24033802002,"District Heights, MD",25341
11001003302,"Bloomingdale, Washington, DC",25318
11001003000,"Columbia Heights, Washington, DC",25318
11001007808,"Grant Park, Washington, DC",25301
11001007806,"Northeast Washington, Washington, DC",25255
24033803402,"Landover, Hyattsville, MD",25234
24033801707,"Oxon Hill, MD",25176
11001008001,"Northeast Washington, Washington, DC",25015
24033801908,"Suitland, Suitland-Silver Hill, MD",24963
11001009903,"Southeast Washington, Washington, DC",24952
24033802408,"Capitol Heights, MD",24919
11001006801,"Hill East, Washington, DC",24919
24033803200,"Hyattsville, MD",24886
24033803300,"Hyattsville, MD",24844
24033802301,"District Heights, MD",24792
24033802502,"Capitol Heights, MD",24732
24033801808,"Hillcrest Heights, MD",24664
24033802803,"Capitol Heights, MD",24649
24033803508,"Glenarden, MD",24641
11001004901,"Northwest Washington, Washington, DC",24571
11001009602,"Mayfair, Washington, DC",24559
11001008802,"Northeast Washington, Washington, DC",24551
11001002301,"Northwest Washington, Washington, DC",24499
24033802107,"District Heights, MD",24497
24033802901,"Capitol Heights, MD",24489
24033802103,"District Heights, MD",24478
11001009803,"Congress Heights, Washington, DC",24448
11001003500,"Northwest Washington, Washington, DC",24380
24033801907,"Suitland, Suitland-Silver Hill, MD",24361
24033802406,"Suitland, Suitland-Silver Hill, MD",24338
11001009509,"Michigan Park, Washington, DC",24300
24033801802,"Temple Hills, MD",24235
24033802106,"Suitland-Silver Hill, MD",24182
11001008302,"Northeast Washington, Washington, DC",24118
11001007503,"Historic Anacostia, Washington, DC",24042
11001009603,"Northeast Washington, Washington, DC",23813
11001007708,"Southeast Washington, Washington, DC",23703
11001007707,"Benning Ridge, Washington, DC",23687
11001009203,"Northeast Washington, Washington, DC",23686
11001007703,"Fort Dupont, Washington, DC",23669
24033801805,"Temple Hills, MD",23593
11001008410,"Northeast Washington, Washington, DC",23587
11001007100,"Southeast Washington, Washington, DC",23559
11001008701,"Eckington, Washington, DC",23510
24033803509,"Dodge Park, Hyattsville, MD",23474
24033801704,"Oxon Hill, MD",23449
11001009601,"Kenilworth, Washington, DC",23364
11001007809,"Northeast Washington, Washington, DC",23350
11001008904,"Carver / Langston, Washington, DC",23324
24033801600,"Oxon Hill, MD",23274
24033803525,"Hyattsville, MD",23272
11001007709,"Fairlawn, Washington, DC",23257
11001007304,"Congress Heights, Washington, DC",23246
11001010400,"Southeast Washington, Washington, DC",23243
24033803401,"Landover, Hyattsville, MD",23133
11001007000,"Southeast Washington, Washington, DC",22994
11001009700,"Southeast Washington, Washington, DC",22988
11001008100,"Northeast Washington, Washington, DC",22940
11001007803,"Lower Central NE, Washington, DC",22873
11001009807,"Bellevue, Washington, DC",22823
11001007604,"Southeast Washington, Washington, DC",22812
11001008903,"Carver / Langston, Washington, DC",22803
11001007403,"Shipley, Washington, DC",22787
11001009801,"Southeast Washington, Washington, DC",22787
11001007504,"Historic Anacostia, Washington, DC",22712
11001004600,"Northwest Washington, Washington, DC",22683
24033802805,"Pepper Mill Village, Capitol Heights, MD",22313
11001007605,"Fairlawn, Washington, DC",22256
24033801801,"Temple Hills, MD",22217
11001009902,"Southeast Washington, Washington, DC",22182
11001004400,"Northwest Washington, Washington, DC",22169
11001005001,"Logan Circle, Washington, DC",22058
11001001301,"Northwest Washington, Washington, DC",22027
11001010600,"Near Northeast, Washington, DC",21993
11001008702,"Eckington, Washington, DC",21960
11001007601,"Southeast Washington, Washington, DC",21933
11001009102,"Brentwood, Washington, DC",21838
11001007407,"Barry Farm, Washington, DC",21707
11001003400,"Howard University, Washington, DC",21675
11001007406,"Southeast Washington, Washington, DC",21621
11001008002,"Northeast Washington, Washington, DC",21613
11001007409,"Southeast Washington, Washington, DC",21610
11001009810,"Southeast Washington, Washington, DC",21528
11001007901,"Northeast Washington, Washington, DC",21481
11001009907,"Southeast Washington, Washington, DC",21318
11001008803,"Northeast Washington, Washington, DC",21308
11001009906,"Marshall Heights, Washington, DC",21281
11001010900,"Southwest Washington, Washington, DC",21224
11001006400,"Southwest Washington, Washington, DC",21169
11001003301,"Bloomingdale, Washington, DC",21131
11001009811,"Southeast Washington, Washington, DC",21129
24033801804,"Temple Hills, MD",21039
24033802600,"Capitol Heights, MD",21019
11001009904,"Marshall Heights, Washington, DC",20871
11001007408,"Southeast Washington, Washington, DC",20803
11001007804,"Lincoln Heights, Washington, DC",20654
11001004701,"Northwest Washington, Washington, DC",20201
11001008804,"Northeast Washington, Washington, DC",20156
11001004702,"Northwest Washington, Washington, DC",20036
11001009204,"Edgewood, Washington, DC",20024
11001007502,"Southeast Washington, Washington, DC",19922
11001007200,"Capitol Riverfront, Washington, DC",19763
11001007404,"Douglass, Washington, DC",19548
11001007401,"Barry Farm, Washington, DC",19531
11001009802,"Southeast Washington, Washington, DC",19515
11001010700,"Downtown, Washington, DC",
11001006202,"Northwest Washington, Washington, DC",
11001006804,"Southeast Washington, Washington, DC",
11001000201,"Georgetown, Washington, DC",