﻿"tract","Name","Household_Income_rP_gP_p50"
51013101601,"North Highland, Arlington, VA",73428
24031705300,"Chevy Chase, MD",70283
51059470100,"McLean, VA",70236
51013100400,"Arlington, VA",68261
51510200202,"Seminary Hill, Alexandria, VA",67075
51510202001,"Old Town, Alexandria, VA",67066
51059480203,"Tysons, VA",63716
51510200702,"Eisenhower East, Alexandria, VA",63574
51059480201,"McLean, VA",63543
24031705901,"Bethesda, MD",63181
51059460600,"Vienna, VA",62383
24031704805,"Bethesda, MD",62357
51059460400,"Tysons, VA",61897
51059470500,"McLean, VA",61681
11001000901,"Northwest Washington, Washington, DC",61233
51059471304,"Falls Church, VA",61147
51059460501,"Tysons, VA",60690
24031706013,"Bethesda, MD",60266
51013100300,"Old Glebe, Arlington, VA",60081
51510200900,"North Ridge, Alexandria, VA",59233
51059450701,"Annandale, VA",59218
51059471303,"Falls Church, VA",58356
24031705601,"Bethesda, MD",58312
51059440800,"Annandale, VA",58029
51059470300,"McLean, VA",58013
11001001401,"Northwest Washington, Washington, DC",57960
51059452000,"Annandale, VA",57736
51013102002,"Ashton Heights, Arlington, VA",57603
24031705000,"Bethesda, MD",57537
51059450800,"Annandale, VA",57300
51059480100,"Great Falls, VA",57179
51059471000,"Falls Church, VA",57171
51059480300,"McLean, VA",57113
51510202002,"Old Town, Alexandria, VA",57003
51059440702,"Annandale, VA",56722
24031705701,"Bethesda, MD",56632
51059470400,"McLean, VA",56570
51059430400,"Springfield, VA",56539
51013100500,"Donaldson Run, Arlington, VA",56485
51059451000,"Annandale, VA",56270
51059430500,"Springfield, VA",56079
51059450601,"Falls Church, VA",55921
51059451501,"Falls Church, VA",55480
24031706009,"Potomac, MD",55396
51059430801,"West Springfield, VA",55374
24031704600,"Bethesda, MD",55342
24031705902,"Bannockburn, Bethesda, MD",55227
51013103601,"Aurora Highlands, Arlington, VA",55172
51059440300,"Annandale, VA",55134
51059470800,"McLean, VA",54893
51059471202,"McLean, VA",54531
51059470700,"McLean, VA",54514
51059452102,"Annandale, VA",54416
51059452501,"Alexandria, VA",54391
24031705100,"Chevy Chase, MD",54305
51059452400,"Springfield, VA",54253
51059452101,"Annandale, VA",54208
51059451300,"Falls Church, VA",54110
11001000801,"Northwest Washington, Washington, DC",53845
11001006600,"Capitol Hill, Washington, DC",53751
51059451100,"Falls Church, VA",53660
51013102100,"Glencarlyn, Arlington, VA",53636
24031705903,"Bethesda, MD",53593
51059440202,"Annandale, VA",53519
51013101200,"Dominion Hills, Arlington, VA",53479
51013101100,"East Falls Church, Arlington, VA",53468
51059451800,"Lincolnia, VA",53388
51059471401,"Falls Church, VA",53386
24031704804,"Bethesda, MD",53151
51610500100,"Falls Church, VA",53050
51059450400,"Falls Church, VA",52923
51059430600,"Springfield, VA",52698
51059420202,"Alexandria, VA",52680
11001000600,"Northwest Washington, Washington, DC",52483
51059420100,"Springfield, VA",52457
51059452301,"Annandale, VA",52379
51510201000,"North Ridge, Alexandria, VA",52281
24031704806,"Bethesda, MD",52165
51013102003,"Buckingham, Arlington, VA",52159
51059470600,"McLean, VA",52100
11001001402,"Northwest Washington, Washington, DC",51933
51059450702,"Annandale, VA",51834
51059452200,"Annandale, VA",51752
11001004100,"Northwest Washington, Washington, DC",51653
51059415200,"Alexandria, VA",51644
51059452302,"Annandale, VA",51586
51059440701,"Annandale, VA",51565
51059450100,"Falls Church, VA",51378
51059440201,"Falls Church, VA",51319
51059461700,"Fairfax, VA",51228
51059461602,"Vienna, VA",51200
51059471402,"Falls Church, VA",51064
24031706008,"Potomac, MD",50983
51059460502,"Vienna, VA",50965
51059480202,"Tysons, VA",50958
51510201100,"North Ridge, Alexandria, VA",50934
51059461601,"Fairfax, VA",50906
51059470900,"Falls Church, VA",50862
24033806400,"University Park, MD",50856
51059471100,"Falls Church, VA",50466
51059450500,"Falls Church, VA",50454
11001005500,"Northwest Washington, Washington, DC",50354
24033806800,"Berwyn Heights, MD",50304
11001001500,"Northwest Washington, Washington, DC",50214
24031704700,"Bethesda, MD",50119
51013101404,"Virginia Square, Arlington, VA",49997
51059451601,"Bailey's Crossroads, VA",49938
11001004202,"Northwest Washington, Washington, DC",49904
51013101802,"Court House, Arlington, VA",49882
51510200801,"Taylor Run, Alexandria, VA",49696
51510200404,"Landmark, Alexandria, VA",49679
51059450300,"Falls Church, VA",49674
24031705200,"Chevy Chase, MD",49611
51013101300,"Bluemont, Arlington, VA",49571
51059450200,"Falls Church, VA",49505
51013101000,"Arlington, VA",49492
11001001100,"Northwest Washington, Washington, DC",49404
51013103700,"Arlington Ridge, Arlington, VA",49252
51059420201,"Alexandria, VA",49218
24031702401,"Silver Spring, MD",49210
51059450900,"Falls Church, VA",49209
24033807000,"College Park, MD",49142
51059451200,"Falls Church, VA",49120
11001010800,"Northwest Washington, Washington, DC",49052
11001001001,"American University Park, Washington, DC",49005
11001000802,"Northwest Washington, Washington, DC",48949
51059420203,"Alexandria, VA",48932
51610500300,"Falls Church, VA",48889
11001000701,"Cathedral Heights, Washington, DC",48885
11001010700,"Downtown, Washington, DC",48884
51059451400,"Seven Corners, VA",48874
51610500200,"Falls Church, VA",48854
51059420700,"Alexandria, VA",48839
51510200403,"Landmark, Alexandria, VA",48817
51013101701,"Radnor - Fort Myer Heights, Arlington, VA",48812
51059452600,"Alexandria, VA",48737
51059420300,"Alexandria, VA",48635
51510201500,"Potomac West, Alexandria, VA",48583
51059450602,"Falls Church, VA",48462
11001006500,"Southeast Washington, Washington, DC",48448
51013103401,"Fort Myer, Arlington, VA",48416
24033806706,"Greenbelt, MD",48403
51013101401,"Bluemont, Arlington, VA",48386
51013100900,"Tara - Leeway Heights, Arlington, VA",48374
51013101801,"Court House, Arlington, VA",48344
51013102001,"Buckingham, Arlington, VA",48278
24033807200,"College Park, MD",48277
51013101500,"Lyon Village, Arlington, VA",48137
51013102802,"Claremont, Arlington, VA",48117
11001005800,"Northwest Washington, Washington, DC",48115
51059471301,"Falls Church, VA",48091
51013100100,"Arlington, VA",48089
51059451602,"Falls Church, VA",47960
51059452801,"Alexandria, VA",47942
51013101702,"Radnor - Fort Myer Heights, Arlington, VA",47788
51059430700,"Springfield, VA",47698
11001000902,"Northwest Washington, Washington, DC",47638
51013102702,"Douglas Park, Arlington, VA",47631
24033800409,"Bowie, MD",47534
51059471201,"Tysons, VA",47478
51059430802,"West Springfield, VA",47466
51013101603,"North Rosslyn, Arlington, VA",47327
24033804200,"Cheverly, MD",47268
24033806708,"Greenbelt, MD",47251
51013100600,"Cherrydale, Arlington, VA",47249
51059420502,"Alexandria, VA",47238
51013103800,"Long Branch Creek, Arlington, VA",47131
51013102301,"Alcova Heights, Arlington, VA",47100
51013100700,"Arlington, VA",47059
24033806710,"Greenbelt, MD",46970
51013101402,"Virginia Square, Arlington, VA",46904
24031705800,"Glen Echo, MD",46900
11001008200,"Northeast Washington, Washington, DC",46869
51013102600,"Douglas Park, Arlington, VA",46696
51059451900,"Alexandria, VA",46562
51059452802,"Bailey's Crossroads, VA",46450
24031705501,"Chevy Chase, MD",46443
51013102400,"Arlington Heights, Arlington, VA",46367
24031705400,"Chevy Chase, MD",46356
24033805801,"Adelphi, MD",46330
11001001200,"Northwest Washington, Washington, DC",46255
11001000300,"Northwest Washington, Washington, DC",46235
51059452700,"Falls Church, VA",46096
51013103402,"Crystal City, Arlington, VA",46014
51059451502,"Bailey's Crossroads, VA",45808
11001002302,"Northwest Washington, Washington, DC",45674
11001000100,"Georgetown, Washington, DC",45640
51013102902,"Shirlington, Arlington, VA",45454
51059420600,"Groveton, Alexandria, VA",45397
51059420503,"Alexandria, VA",45289
51510200407,"Landmark, Alexandria, VA",45114
24033800518,"Bowie, MD",45099
24031705502,"Chevy Chase, MD",44989
51013103200,"Columbia Heights, Arlington, VA",44888
24033800408,"Glenn Dale, MD",44833
51013103503,"Crystal City, Arlington, VA",44732
24033800514,"Bowie, MD",44514
11001005301,"Northwest Washington, Washington, DC",44494
51013100200,"Yorktown, Arlington, VA",44471
51510200802,"Taylor Run, Alexandria, VA",44462
51013102302,"Barcroft, Arlington, VA",44432
24033800410,"Bowie, MD",44283
11001000400,"Naval Observatory, Washington, DC",44199
51013101803,"Lyon Park, Arlington, VA",44182
51510200600,"Seminary Hill, Alexandria, VA",44153
24031702700,"Silver Spring, MD",44049
51510200102,"Alexandria West, Alexandria, VA",44004
51013102801,"Columbia Forest, Arlington, VA",43985
51013103502,"Aurora Highlands, Arlington, VA",43968
24033800412,"Lanham, MD",43911
51013101602,"Colonial Village, Arlington, VA",43898
11001004300,"Northwest Washington, Washington, DC",43862
11001010100,"Downtown, Washington, DC",43833
51013102200,"Arlington Mill, Arlington, VA",43789
51510200302,"Seminary Hill, Alexandria, VA",43778
11001000502,"Northwest Washington, Washington, DC",43648
51510200201,"Seminary Hill, Alexandria, VA",43604
11001001302,"Forest Hills, Washington, DC",43559
24031705702,"Bethesda, MD",43457
11001006700,"Southeast Washington, Washington, DC",43453
51510201400,"Potomac West, Alexandria, VA",43444
24033801104,"Joint Base Andrews, MD",43350
24033803523,"Bowie, MD",43288
11001000202,"Georgetown, Washington, DC",43225
24033807102,"Riverdale, Riverdale Park, MD",43219
51013103602,"Aurora Highlands, Arlington, VA",43020
24031704803,"Bethesda, MD",42956
51013103000,"Shirlington, Arlington, VA",42852
24033805802,"Hyattsville, MD",42815
51059452502,"Lincolnia, VA",42809
51510200701,"Eisenhower West, Alexandria, VA",42794
11001000501,"Northwest Washington, Washington, DC",42781
51510200303,"Landmark, Alexandria, VA",42759
11001007301,"Southwest Washington, Washington, DC",42648
24031702602,"Silver Spring, MD",42640
51510200104,"Alexandria West, Alexandria, VA",42628
24031701701,"Takoma Park, MD",42625
24033803516,"Bowie, MD",42565
24033805101,"Chillum, MD",42547
24033805500,"Hyattsville, MD",42462
24033805904,"Hyattsville, MD",42278
24031701703,"Takoma Park, MD",42163
11001008301,"Northeast Washington, Washington, DC",42105
24033803605,"New Carrollton, MD",42078
51013101403,"Virginia Square, Arlington, VA",42073
11001000702,"Northwest Washington, Washington, DC",42031
51510200500,"Seminary Hill, Alexandria, VA",42002
24033806711,"Greenbelt, MD",41991
11001002600,"Northwest Washington, Washington, DC",41975
51013103300,"Arlington Views, Arlington, VA",41798
51013102701,"Douglas Park, Arlington, VA",41785
51510200107,"Alexandria West, Alexandria, VA",41597
51013100800,"High View Park, Arlington, VA",41594
51013101703,"Radnor - Fort Myer Heights, Arlington, VA",41509
24033803606,"Lanham, MD",41476
51510200106,"Alexandria West, Alexandria, VA",41438
24031702500,"Downtown Silver Spring, Silver Spring, MD",41434
11001003900,"Lanier Heights, Washington, DC",41407
51510201801,"Northeast Alexandria, Alexandria, VA",41352
24033805700,"Hyattsville, MD",41342
51510200103,"Alexandria West, Alexandria, VA",41327
24033806100,"Hyattsville, MD",41302
51510200703,"Southwest Quadrant, Alexandria, VA",41293
24033804101,"Cheverly, MD",41231
51510200301,"Seminary Hill, Alexandria, VA",41225
24031701800,"Takoma Park, MD",41186
24033803520,"Bowie, MD",41143
24033806200,"Hyattsville, MD",41140
24031702000,"New Hampshire Estates, Silver Spring, MD",41123
11001004001,"Adams Morgan, Washington, DC",41093
11001002701,"Northwest Washington, Washington, DC",41024
24033800517,"Upper Marlboro, MD",40943
11001005201,"Downtown, Washington, DC",40911
24033803610,"New Carrollton, MD",40899
24033806602,"Riverdale, East Riverdale, MD",40852
11001001002,"Cathedral Heights, Washington, DC",40852
51510200105,"Alexandria West, Alexandria, VA",40766
24033800707,"Greater Upper Marlboro, Upper Marlboro, MD",40746
24031702601,"Downtown Silver Spring, Silver Spring, MD",40734
11001009201,"Edgewood, Washington, DC",40695
51510200406,"Landmark, Alexandria, VA",40662
51013102500,"Penrose, Arlington, VA",40540
11001001600,"Northwest Washington, Washington, DC",40480
11001005600,"Northwest Washington, Washington, DC",40427
24031702402,"Silver Spring, MD",40424
51510201300,"Del Ray, Alexandria, VA",40395
24033800413,"Lanham, MD",40326
11001011000,"Southwest Washington, Washington, DC",40320
24033800605,"Greater Upper Marlboro, Upper Marlboro, MD",40087
24033805201,"Hyattsville, MD",40083
51013101900,"Ashton Heights, Arlington, VA",40002
24033806501,"Riverdale, Riverdale Park, MD",39709
24033800411,"Glenn Dale, MD",39697
11001003700,"Northwest Washington, Washington, DC",39561
24033800509,"Upper Marlboro, MD",39527
11001002702,"Mount Pleasant, Washington, DC",39484
24033801211,"Clinton, MD",39438
11001010300,"Northwest Washington, Washington, DC",39352
24033801404,"National Harbor, Oxon Hill, MD",39290
24033805202,"Takoma Park, MD",39179
24031702301,"Silver Spring, MD",39101
24033801901,"Temple Hills, MD",38804
51510200405,"Landmark, Alexandria, VA",38705
24033803521,"Bowie, MD",38697
24033803526,"Kettering, MD",38644
24033806712,"Greenbelt, MD",38595
51510201900,"Old Town, Alexandria, VA",38548
11001001902,"Manor Park, Washington, DC",38510
24031701704,"Takoma Park, MD",38383
24033805602,"Hyattsville, MD",38334
51013102901,"Shirlington, Arlington, VA",38073
11001010200,"Southwest Washington, Washington, DC",38027
11001002400,"Northwest Washington, Washington, DC",37965
51059420400,"Alexandria, VA",37945
24033805909,"Hyattsville, MD",37944
24033804700,"Mount Rainier, MD",37789
11001005002,"Downtown, Washington, DC",37730
24033803700,"Hyattsville, MD",37626
51510201202,"Potomac West, Alexandria, VA",37625
24033806000,"Hyattsville, MD",37595
24033804600,"Brentwood, MD",37558
11001001901,"Brightwood, Washington, DC",37552
24033803601,"Springdale, MD",37550
24031705602,"Chevy Chase, MD",37333
24033803608,"Lanham, MD",37272
24033803512,"Upper Marlboro, MD",37237
24033801407,"Fort Washington, MD",37196
24033800607,"Greater Upper Marlboro, Upper Marlboro, MD",37165
24033806300,"Hyattsville, MD",37153
24033802201,"Upper Marlboro, MD",37139
24033804900,"Hyattsville, MD",37096
24033800706,"Upper Marlboro, MD",37082
24033801904,"Suitland, Camp Springs, MD",37057
11001002801,"Columbia Heights, Washington, DC",37042
11001004002,"Adams Morgan, Washington, DC",37018
11001002001,"16th Street Heights, Washington, DC",36972
51510201802,"Old Town, Alexandria, VA",36874
24033803522,"Bowie, MD",36788
24033805000,"Hyattsville, MD",36752
24033803613,"Lanham, MD",36622
24033801405,"Oxon Hill, MD",36613
24031701900,"Takoma Park, MD",36444
11001004902,"Downtown, Washington, DC",36389
11001008402,"Northeast Washington, Washington, DC",36363
51510201600,"Old Town West, Alexandria, VA",36335
24033806601,"Prince Georges County, MD",36297
11001009507,"Northeast Washington, Washington, DC",36254
11001003302,"Bloomingdale, Washington, DC",36241
11001002502,"Northwest Washington, Washington, DC",36235
24033803607,"Lanham, MD",36107
11001009901,"Penn Branch, Washington, DC",36105
51013103100,"Nauck, Arlington, VA",36082
24033803803,"Riverdale, Woodlawn, MD",36059
24033803527,"Upper Marlboro, MD",35863
11001006900,"Southeast Washington, Washington, DC",35834
51510201203,"Potomac West, Alexandria, VA",35773
24033805601,"Hyattsville, MD",35669
11001009508,"Northeast Washington, Washington, DC",35650
24033801214,"Clinton, MD",35474
24033803513,"Largo, MD",35389
11001009000,"Fort Lincoln, Washington, DC",35356
24033800701,"Upper Marlboro, MD",35193
51013103501,"Arlington Ridge, Arlington, VA",35123
24033803602,"Glenarden, MD",35111
24033804002,"Bladensburg, MD",35046
11001001702,"Northwest Washington, Washington, DC",34956
11001009504,"Michigan Park, Washington, DC",34925
11001008100,"Northeast Washington, Washington, DC",34845
11001001803,"Brightwood, Washington, DC",34768
24033801706,"Temple Hills, MD",34753
11001009505,"Northeast Washington, Washington, DC",34720
24033801408,"Fort Washington, MD",34697
11001001804,"Brightwood, Washington, DC",34611
24033804102,"Hyattsville, MD",34539
11001001301,"Northwest Washington, Washington, DC",34460
11001007000,"Southeast Washington, Washington, DC",34335
24033803519,"Landover, Hyattsville, MD",34318
11001009203,"Northeast Washington, Washington, DC",34227
24033803524,"Hyattsville, MD",34201
24033801905,"Suitland, Camp Springs, MD",34121
11001002102,"Northwest Washington, Washington, DC",34038
24033803801,"Hyattsville, MD",34009
11001002202,"Northwest Washington, Washington, DC",33993
24033803514,"Largo, MD",33916
11001009503,"Northeast Washington, Washington, DC",33896
11001009903,"Southeast Washington, Washington, DC",33891
24033803612,"Lanham, MD",33797
24033802301,"District Heights, MD",33752
24033801212,"Camp Springs, MD",33618
24033804400,"Brentwood, MD",33599
11001008302,"Northeast Washington, Washington, DC",33550
24033801409,"Fort Washington, MD",33452
24033802204,"District Heights, MD",33417
11001005900,"Northwest Washington, Washington, DC",33414
11001004400,"Northwest Washington, Washington, DC",33345
24033802203,"Forestville, MD",33296
24033802103,"District Heights, MD",33244
24033801907,"Suitland, Suitland-Silver Hill, MD",33227
11001010500,"Southwest Washington, Washington, DC",33220
11001009302,"Brookland, Washington, DC",33144
11001009509,"Michigan Park, Washington, DC",33142
11001002201,"Northwest Washington, Washington, DC",33120
11001003800,"Northwest Washington, Washington, DC",33041
11001007703,"Fort Dupont, Washington, DC",32955
11001007803,"Lower Central NE, Washington, DC",32937
24033802502,"Capitol Heights, MD",32900
24033803525,"Hyattsville, MD",32877
11001007808,"Grant Park, Washington, DC",32739
24033801708,"Oxon Hill, MD",32688
24033801906,"Morningside, MD",32622
11001007809,"Northeast Washington, Washington, DC",32535
11001002802,"Columbia Heights, Washington, DC",32373
11001011100,"Northeast Washington, Washington, DC",32367
11001002101,"Brightwood Park, Washington, DC",32359
24033802104,"District Heights, MD",32254
24033802804,"Capitol Heights, MD",32229
11001009400,"Northeast Washington, Washington, DC",32213
11001009501,"Northeast Washington, Washington, DC",32208
11001002900,"Northwest Washington, Washington, DC",32170
11001004801,"Northwest Washington, Washington, DC",32169
24033802501,"Suitland, Suitland-Silver Hill, MD",32068
11001007603,"Southeast Washington, Washington, DC",32064
24033803508,"Glenarden, MD",32052
11001002002,"16th Street Heights, Washington, DC",31981
24033802001,"Suitland, Suitland-Silver Hill, MD",31958
11001009301,"Northeast Washington, Washington, DC",31954
11001006802,"Barney Circle, Washington, DC",31943
11001007707,"Benning Ridge, Washington, DC",31943
11001002301,"Northwest Washington, Washington, DC",31890
24033801805,"Temple Hills, MD",31772
11001008001,"Northeast Washington, Washington, DC",31739
24031701702,"Takoma Park, MD",31645
24033805908,"Chillum, MD",31623
24033803900,"Hyattsville, MD",31564
51510201204,"Del Ray, Alexandria, VA",31545
24033801701,"Temple Hills, MD",31463
24033803002,"Capitol Heights, MD",31455
24033801702,"Temple Hills, MD",31434
24033804802,"Mount Rainier, MD",31368
24033802803,"Capitol Heights, MD",31295
24033804801,"Mount Rainier, MD",31104
11001009604,"Northeast Washington, Washington, DC",31096
11001002501,"16th Street Heights, Washington, DC",31049
24033802408,"Capitol Heights, MD",31004
24033802404,"District Heights, MD",30946
24033804001,"Bladensburg, MD",30936
24033804300,"Hyattsville, MD",30818
11001007604,"Southeast Washington, Washington, DC",30750
24033801500,"Oxon Hill, MD",30698
24033801908,"Suitland, Suitland-Silver Hill, MD",30668
24033801807,"Hillcrest Heights, MD",30635
11001003100,"Northwest Washington, Washington, DC",30476
11001009902,"Southeast Washington, Washington, DC",30419
24033802107,"District Heights, MD",30336
11001008701,"Eckington, Washington, DC",30328
11001008410,"Northeast Washington, Washington, DC",30204
24033802407,"District Heights, MD",30079
11001009601,"Kenilworth, Washington, DC",30017
24033803402,"Landover, Hyattsville, MD",30017
24033801808,"Hillcrest Heights, MD",29992
24033801704,"Oxon Hill, MD",29987
11001008904,"Carver / Langston, Washington, DC",29986
24033802901,"Capitol Heights, MD",29890
11001004201,"Northwest Washington, Washington, DC",29856
24033802002,"District Heights, MD",29730
11001007304,"Congress Heights, Washington, DC",29674
11001007807,"Northeast Washington, Washington, DC",29656
24033803100,"Capitol Heights, MD",29644
11001010400,"Southeast Washington, Washington, DC",29528
11001009700,"Southeast Washington, Washington, DC",29442
11001007100,"Southeast Washington, Washington, DC",29383
24033802700,"Capitol Heights, MD",29335
24033801802,"Temple Hills, MD",29330
11001003200,"Northwest Washington, Washington, DC",29311
11001009603,"Northeast Washington, Washington, DC",29254
11001003600,"Columbia Heights, Washington, DC",29134
11001009810,"Southeast Washington, Washington, DC",29101
11001009905,"Marshall Heights, Washington, DC",29017
24033801801,"Temple Hills, MD",28929
24033802805,"Pepper Mill Village, Capitol Heights, MD",28918
11001007708,"Southeast Washington, Washington, DC",28916
24033801804,"Temple Hills, MD",28912
24033803300,"Hyattsville, MD",28788
11001004701,"Northwest Washington, Washington, DC",28716
24033801707,"Oxon Hill, MD",28701
24033803509,"Dodge Park, Hyattsville, MD",28684
11001003000,"Columbia Heights, Washington, DC",28683
24033803401,"Landover, Hyattsville, MD",28672
11001009907,"Southeast Washington, Washington, DC",28633
11001009807,"Bellevue, Washington, DC",28594
24033802406,"Suitland, Suitland-Silver Hill, MD",28524
11001004802,"Northwest Washington, Washington, DC",28480
11001007709,"Fairlawn, Washington, DC",28480
11001007806,"Northeast Washington, Washington, DC",28453
24033802106,"Suitland-Silver Hill, MD",28414
24033802405,"Suitland, Suitland-Silver Hill, MD",28399
11001009804,"Southeast Washington, Washington, DC",28374
11001004600,"Northwest Washington, Washington, DC",28195
11001004901,"Northwest Washington, Washington, DC",28155
11001003301,"Bloomingdale, Washington, DC",28129
24033803200,"Hyattsville, MD",28116
11001009811,"Southeast Washington, Washington, DC",28027
24033802600,"Capitol Heights, MD",28026
11001009801,"Southeast Washington, Washington, DC",27892
11001008002,"Northeast Washington, Washington, DC",27871
11001003500,"Northwest Washington, Washington, DC",27864
11001007407,"Barry Farm, Washington, DC",27856
24033803001,"Capitol Heights, MD",27816
11001008903,"Carver / Langston, Washington, DC",27644
24033801600,"Oxon Hill, MD",27616
11001007403,"Shipley, Washington, DC",27489
11001007200,"Capitol Riverfront, Washington, DC",27446
11001009102,"Brentwood, Washington, DC",27311
11001008802,"Northeast Washington, Washington, DC",27289
11001007601,"Southeast Washington, Washington, DC",27227
11001007605,"Fairlawn, Washington, DC",27207
11001007502,"Southeast Washington, Washington, DC",27149
11001010600,"Near Northeast, Washington, DC",27056
11001009803,"Congress Heights, Washington, DC",26956
11001006801,"Hill East, Washington, DC",26860
11001007901,"Northeast Washington, Washington, DC",26623
11001007504,"Historic Anacostia, Washington, DC",26583
11001007903,"Kingman Park, Washington, DC",26478
11001007409,"Southeast Washington, Washington, DC",26436
11001007804,"Lincoln Heights, Washington, DC",26392
11001009904,"Marshall Heights, Washington, DC",26215
11001007503,"Historic Anacostia, Washington, DC",26063
11001009802,"Southeast Washington, Washington, DC",25739
11001009906,"Marshall Heights, Washington, DC",25722
11001009204,"Edgewood, Washington, DC",25533
11001007406,"Southeast Washington, Washington, DC",25422
11001006400,"Southwest Washington, Washington, DC",25404
11001008702,"Eckington, Washington, DC",25392
11001010900,"Southwest Washington, Washington, DC",25132
11001003400,"Howard University, Washington, DC",24810
11001009602,"Mayfair, Washington, DC",24741
11001008804,"Northeast Washington, Washington, DC",24717
11001007408,"Southeast Washington, Washington, DC",23782
11001008803,"Northeast Washington, Washington, DC",23076
11001005001,"Logan Circle, Washington, DC",23055
11001007404,"Douglass, Washington, DC",22162
11001004702,"Northwest Washington, Washington, DC",18661
11001007401,"Barry Farm, Washington, DC",18377
11001006202,"Northwest Washington, Washington, DC",
11001006804,"Southeast Washington, Washington, DC",
11001000201,"Georgetown, Washington, DC",