﻿"tract","Name","Household_Income_rP_gP_p25"
26163556600,"Livonia, MI",68436
26163556500,"Livonia, MI",60655
26163551200,"Grosse Pointe Woods, MI",58348
26163551700,"Grosse Pointe Woods, MI",54797
26163563900,"Canton, MI",52590
26163573000,"Dearborn Heights, MI",52428
26163576000,"Allen Park, MI",51732
26163576300,"Allen Park, MI",49784
26163550700,"Grosse Pointe Farms, MI",48751
26163560200,"Northville, MI",48622
26163551100,"Grosse Pointe Woods, MI",48581
26163550300,"Grosse Pointe Park, MI",48561
26163557600,"Livonia, MI",47103
26163558100,"Livonia, MI",46957
26163575300,"Dearborn, MI",46638
26163557100,"Livonia, MI",45947
26163558800,"Livonia, MI",45159
26163556300,"Livonia, MI",45082
26163551800,"Grosse Pointe Woods, MI",44863
26163559100,"Livonia, MI",44267
26163556900,"Livonia, MI",43960
26163550100,"Grosse Pointe Park, MI",43813
26163558400,"Livonia, MI",43751
26163564100,"Canton, MI",43558
26163550900,"Grosse Pointe Shores, MI",43408
26163558900,"Livonia, MI",43299
26163562800,"Plymouth, MI",43229
26163558500,"Livonia, MI",42781
26163576700,"Allen Park, MI",42643
26163550400,"Grosse Pointe, MI",42608
26163574600,"Dearborn, MI",42581
26163556700,"Livonia, MI",42469
26125136700,"Northville, MI",42327
26163571600,"Dearborn Heights, MI",42155
26163576400,"Allen Park, MI",42080
26163576600,"Allen Park, MI",41991
26163551600,"Harper Woods, MI",41925
26163572200,"Dearborn Heights, MI",41791
26163559000,"Livonia, MI",41788
26163551300,"Harper Woods, MI",41480
26163555600,"Redford Charter Township, MI",41060
26163582100,"Southgate, MI",41007
26163567400,"Westland, MI",41007
26163558000,"Livonia, MI",40992
26163563200,"Canton, MI",40780
26163580500,"Wyandotte, MI",40662
26125165100,"Farmington, MI",40632
26163561600,"Plymouth, MI",40592
26163565700,"Westland, MI",39996
26163579900,"Dearborn, MI",39896
26163581100,"Southgate, MI",39640
26163569300,"Garden City, MI",39634
26163552200,"Hamtramck, MI",39603
26163569600,"Garden City, MI",39580
26163556400,"Livonia, MI",39507
26163567300,"Westland, MI",39394
26163581900,"Southgate, MI",39392
26163574700,"Dearborn, MI",39293
26163557700,"Livonia, MI",39062
26163581200,"Southgate, MI",39016
26163576200,"Allen Park, MI",38997
26163582000,"Southgate, MI",38965
26163575000,"Dearborn, MI",38592
26163577700,"Lincoln Park, MI",38583
26163571500,"Dearborn Heights, MI",38564
26125168600,"Farmington Hills, MI",38428
26163556200,"Livonia, MI",38399
26163573702,"Dearborn, MI",38118
26163596300,"Grosse Ile Township, MI",38070
26163574300,"Dearborn, MI",37968
26163551400,"Harper Woods, MI",37825
26163550800,"Grosse Pointe Farms, MI",37711
26163559200,"Livonia, MI",37678
26163565000,"Canton, MI",37630
26163569400,"Garden City, MI",37611
26163555300,"Redford Charter Township, MI",37470
26163555100,"Redford Charter Township, MI",37412
26163565600,"Westland, MI",37321
26163552000,"Hamtramck, MI",37298
26163550200,"Grosse Pointe Park, MI",37246
26125167400,"Farmington Hills, MI",37225
26163565100,"Westland, MI",37207
26163575500,"Dearborn, MI",37107
26163574800,"Dearborn, MI",36997
26163575600,"Dearborn, MI",36874
26163574900,"Dearborn, MI",36714
26163558200,"Livonia, MI",36703
26099258600,"Eastpointe, MI",36554
26163573100,"Dearborn Heights, MI",36364
26099258900,"Eastpointe, MI",36357
26163560400,"Northville, MI",36350
26163557300,"Livonia, MI",36268
26163575200,"Dearborn, MI",36246
26163574000,"Dearborn, MI",36211
26163563300,"Canton, MI",36206
26163571800,"Dearborn Heights, MI",36073
26163567201,"Westland, MI",35859
26163568900,"Westland, MI",35829
26163571900,"Dearborn Heights, MI",35797
26163564700,"Canton, MI",35784
26163568700,"Westland, MI",35677
26163573900,"Dearborn, MI",35620
26163554600,"Redford Charter Township, MI",35605
26163573800,"Dearborn, MI",35527
26163558700,"Livonia, MI",35457
26163551500,"Harper Woods, MI",35372
26163562900,"Plymouth, MI",35363
26163558300,"Livonia, MI",35243
26125168400,"Northville, MI",35054
26163573300,"Dearborn, MI",34977
26163554300,"Redford Charter Township, MI",34852
26163573600,"Dearborn, MI",34723
26163564800,"Canton, MI",34719
26163567202,"Westland, MI",34687
26163575400,"Dearborn, MI",34570
26163576500,"Allen Park, MI",34556
26163572800,"Dearborn Heights, MI",34541
26163567800,"Westland, MI",34365
26163572100,"Dearborn Heights, MI",34219
26163583900,"Taylor, MI",34107
26163575100,"Dearborn, MI",34098
26163581600,"Southgate, MI",34083
26163572000,"Dearborn Heights, MI",34006
26163577500,"Lincoln Park, MI",33978
26163573701,"Dearborn, MI",33959
26163556100,"Livonia, MI",33945
26163580600,"Wyandotte, MI",33937
26163574202,"Dearborn, MI",33812
26163580400,"Wyandotte, MI",33773
26163557000,"Livonia, MI",33754
26163569800,"Garden City, MI",33753
26163572700,"Dearborn Heights, MI",33577
26163557500,"Livonia, MI",33563
26163552300,"Hamtramck, MI",33524
26163569900,"Garden City, MI",33502
26163569500,"Garden City, MI",33478
26163560300,"Northville, MI",33432
26163520200,"Wayne State, Detroit, MI",33263
26163583300,"Taylor, MI",33254
26163569700,"Garden City, MI",33167
26163557200,"Livonia, MI",33139
26163583500,"Taylor, MI",33035
26163562500,"Plymouth, MI",32952
26163556800,"Livonia, MI",32849
26163587900,"Belleville, MI",32829
26163568400,"Westland, MI",32799
26163573400,"Dearborn, MI",32699
26163555500,"Redford Charter Township, MI",32692
26163564000,"Canton, MI",32646
26163538200,"Sherwood Forest, Detroit, MI",32484
26163571700,"Dearborn Heights, MI",32466
26163567100,"Westland, MI",32463
26163580800,"Wyandotte, MI",32385
26163577900,"Lincoln Park, MI",32355
26163569100,"Garden City, MI",32353
26125173500,"Ferndale, MI",32311
26163583400,"Taylor, MI",32271
26163550500,"Grosse Pointe, MI",32266
26163584300,"Taylor, MI",32176
26163550600,"Grosse Pointe Farms, MI",31914
26163576100,"Allen Park, MI",31842
26125173400,"Ferndale, MI",31802
26163577400,"Lincoln Park, MI",31776
26163557900,"Livonia, MI",31709
26163581500,"Southgate, MI",31596
26125167300,"Farmington Hills, MI",31584
26163574100,"Dearborn, MI",31478
26163566800,"Wayne, MI",31363
26163546200,"Parkland, Detroit, MI",31362
26163580900,"Wyandotte, MI",31324
26163543000,"North Rosedale Park, Detroit, MI",31285
26163554400,"Redford Charter Township, MI",31178
26163580700,"Wyandotte, MI",31131
26163584600,"Taylor, MI",31104
26163552100,"Hamtramck, MI",31081
26163565300,"Westland, MI",31052
26163584100,"Taylor, MI",31042
26163577800,"Lincoln Park, MI",31007
26163588400,"Van Buren Charter Township, MI",31005
26163568000,"Westland, MI",30936
26163516500,"Rivertown - Warehouse District, Detroit, MI",30914
26163581800,"Southgate, MI",30830
26163572600,"Dearborn Heights, MI",30797
26163586300,"Romulus, MI",30458
26163577200,"Lincoln Park, MI",30328
26163578000,"Lincoln Park, MI",30254
26163577300,"Lincoln Park, MI",30248
26163565200,"Westland, MI",30030
26099258800,"Eastpointe, MI",29998
26163567900,"Westland, MI",29930
26163565800,"Westland, MI",29896
26163572400,"Dearborn Heights, MI",29892
26163583200,"Taylor, MI",29836
26163565900,"Westland, MI",29739
26099258500,"Eastpointe, MI",29712
26163584400,"Taylor, MI",29682
26163588000,"Van Buren Charter Township, MI",29672
26163569200,"Garden City, MI",29670
26163568200,"Westland, MI",29665
26163554900,"Redford Charter Township, MI",29531
26163554200,"Redford Charter Township, MI",29472
26163580200,"Wyandotte, MI",29453
26163568800,"Westland, MI",29406
26163584700,"Taylor, MI",29344
26163584000,"Taylor, MI",29324
26163584500,"Taylor, MI",29179
26163572900,"Dearborn Heights, MI",29176
26099268400,"Warren, MI",29156
26163583000,"Taylor, MI",29131
26163573500,"Dearborn, MI",29128
26163566600,"Wayne, MI",29080
26163580300,"Wyandotte, MI",29075
26163554500,"Redford Charter Township, MI",29071
26163545700,"Warrendale, Detroit, MI",28965
26163578600,"Melvindale, MI",28845
26163566500,"Wayne, MI",28742
26163566900,"Wayne, MI",28697
26163557400,"Livonia, MI",28662
26163572500,"Dearborn Heights, MI",28556
26163554100,"Redford Charter Township, MI",28424
26163543100,"North Rosedale Park, Detroit, MI",28393
26163544000,"Castle Rouge, Detroit, MI",28375
26163585700,"Romulus, MI",28369
26163526100,"Detroit, MI",28360
26099264200,"Warren, MI",28311
26163521400,"Corktown, Detroit, MI",28128
26163520800,"West Side Industrial, Detroit, MI",27951
26125173300,"Ferndale, MI",27876
26163554700,"Redford Charter Township, MI",27860
26163545600,"Detroit, MI",27859
26163583700,"Taylor, MI",27845
26163584200,"Taylor, MI",27767
26125162500,"Southfield, MI",27683
26163578500,"Melvindale, MI",27674
26163583600,"Taylor, MI",27600
26163585900,"Romulus, MI",27494
26125162300,"Southfield, MI",27466
26163583100,"Taylor, MI",27436
26099263700,"Fitzgerald, Warren, MI",27173
26163577600,"Lincoln Park, MI",27158
26125173600,"Ferndale, MI",27071
26163520300,"Cass Corridor, Detroit, MI",27057
26099263800,"Warren, MI",27008
26163568300,"Westland, MI",27001
26163566700,"Wayne, MI",26983
26125175300,"Hazel Park, MI",26960
26163585500,"Romulus, MI",26927
26163579200,"River Rouge, MI",26879
26163579700,"Ecorse, MI",26873
26163538700,"Detroit, MI",26851
26163542900,"Rosedale Park, Detroit, MI",26816
26163526000,"Detroit, MI",26778
26163583800,"Taylor, MI",26741
26163510600,"Hamtramck, MI",26680
26163531200,"Boston Edison, Detroit, MI",26677
26163586200,"Romulus, MI",26659
26163521100,"Hubbard - Richard, Detroit, MI",26651
26125175200,"Hazel Park, MI",26628
26163535600,"Aviation Sub., Detroit, MI",26563
26163570200,"Inkster, MI",26527
26163567000,"Westland, MI",26439
26163558600,"Livonia, MI",26415
26163545800,"Warrendale, Detroit, MI",26413
26163542800,"Grandmont #1, Detroit, MI",26407
26163523300,"Mexicantown - Southwest Detroit, Detroit, MI",26375
26099263600,"Fitzgerald, Warren, MI",26347
26163570100,"Inkster, MI",26277
26163552400,"Hamtramck, MI",26212
26163577000,"Lincoln Park, MI",26208
26163541800,"Five Points, Detroit, MI",26139
26125171600,"Oak Park, MI",26047
26163554800,"Redford Charter Township, MI",26014
26163518000,"Art Center, Detroit, MI",25938
26163541500,"Berg - Lahser, Detroit, MI",25753
26163523800,"Mexicantown - Southwest Detroit, Detroit, MI",25687
26099264000,"Warren, MI",25668
26163501700,"Cornerstone Village, Detroit, MI",25613
26163501500,"Cornerstone Village, Detroit, MI",25586
26163525600,"Detroit, MI",25431
26163524200,"Springwells Village, Detroit, MI",25394
26163539100,"Eight Mile Wyoming, Detroit, MI",25371
26163524100,"Springwells Village, Detroit, MI",25340
26163524500,"Oakwood Heights, Detroit, MI",25292
26163506100,"Detroit, MI",25159
26163500800,"Detroit, MI",25148
26163544300,"The Eye, Detroit, MI",25078
26099268300,"Warren, MI",25064
26163524000,"Springwells Village, Detroit, MI",25036
26163525800,"Detroit, MI",24982
26163538100,"Green Acres, Detroit, MI",24964
26163584800,"Taylor, MI",24817
26163568500,"Norwayne, Westland, MI",24803
26163555400,"Redford Charter Township, MI",24785
26163546300,"Detroit, MI",24663
26163538500,"Bagley, Detroit, MI",24636
26163510500,"Hamtramck, MI",24623
26163570400,"Inkster, MI",24604
26163539400,"Detroit, MI",24446
26163545900,"Warrendale, Detroit, MI",24445
26125161800,"Southfield, MI",24440
26163513700,"Jefferson Chalmers, Detroit, MI",24434
26163542500,"Grandmont - Rosedale, Detroit, MI",24303
26163566400,"Wayne, MI",24284
26163523200,"Mexicantown - Southwest Detroit, Detroit, MI",24259
26163542400,"Grandmont - Rosedale, Detroit, MI",24187
26125162200,"Southfield, MI",24080
26163585600,"Romulus, MI",24079
26163538600,"Bagley, Detroit, MI",23903
26163507900,"Highland Park, MI",23868
26163545500,"Detroit, MI",23833
26163564900,"Canton, MI",23804
26163540500,"Detroit, MI",23793
26163579500,"Ecorse, MI",23778
26163520700,"Downtown, Detroit, MI",23767
26163500200,"Regent Park, Detroit, MI",23763
26163523100,"Mexicantown - Southwest Detroit, Detroit, MI",23716
26163552800,"Hamtramck, MI",23675
26163520400,"Midtown, Detroit, MI",23675
26163540800,"Detroit, MI",23658
26163532300,"Boston Edison, Detroit, MI",23637
26163543400,"Brightmoor, Detroit, MI",23600
26163513300,"Jefferson Chalmers, Detroit, MI",23582
26163538800,"Detroit, MI",23547
26163585800,"Romulus, MI",23531
26163525700,"Detroit, MI",23501
26163538400,"University District, Detroit, MI",23468
26125171500,"Oak Park, MI",23467
26163513600,"Detroit, MI",23460
26163540600,"Detroit, MI",23442
26163505500,"Detroit, MI",23439
26163546500,"Franklin Park, Detroit, MI",23366
26163579800,"Ecorse, MI",23337
26163523400,"Mexicantown - Southwest Detroit, Detroit, MI",23299
26163577100,"Lincoln Park, MI",23200
26163518500,"Detroit, MI",23199
26125172500,"Ferndale, MI",23194
26163542200,"Grandmont - Rosedale, Detroit, MI",23075
26163501400,"East English Village, Detroit, MI",23068
26163524700,"Boynton, Detroit, MI",23031
26163537600,"Detroit, MI",22979
26163517500,"Medical Center, Detroit, MI",22910
26163508000,"Chaldean Town, Highland Park, MI",22888
26163507100,"Grixdale, Detroit, MI",22816
26163546800,"Franklin Park, Detroit, MI",22787
26163538900,"Detroit, MI",22779
26163539200,"Detroit, MI",22772
26163570500,"Inkster, MI",22767
26163516900,"Elmwood Park, Detroit, MI",22749
26163530200,"Martin Park, Detroit, MI",22740
26163539700,"Detroit, MI",22713
26163580100,"Wyandotte, MI",22697
26163541400,"Detroit, MI",22666
26163524900,"Delray, Detroit, MI",22637
26163539300,"Detroit, MI",22637
26163516100,"Detroit, MI",22595
26163541700,"Detroit, MI",22563
26163540700,"Detroit, MI",22498
26163539600,"Detroit, MI",22483
26163524300,"Springwells Village, Detroit, MI",22481
26163536200,"Detroit, MI",22480
26163546100,"Warrendale, Detroit, MI",22431
26163542600,"Detroit, MI",22429
26163579100,"River Rouge, MI",22345
26163540400,"Detroit, MI",22288
26163501800,"East English Village, Detroit, MI",22237
26163543200,"Riverdale, Detroit, MI",22204
26163516700,"Elmwood Park, Detroit, MI",22150
26163526300,"Detroit, MI",22140
26163541300,"The Eye, Detroit, MI",22109
26163579300,"River Rouge, MI",22071
26163531800,"Dexter-Linwood, Detroit, MI",21975
26163525000,"Delray, Detroit, MI",21941
26163514200,"Detroit, MI",21914
26163531500,"Dexter-Linwood, Detroit, MI",21889
26163516600,"Elmwood Park, Detroit, MI",21863
26163544100,"Eliza Howell, Detroit, MI",21841
26163533900,"New Center, Detroit, MI",21831
26163544200,"Riverdale, Detroit, MI",21826
26163503400,"Osborn, Detroit, MI",21825
26163531600,"Oakman Blvd., Detroit, MI",21798
26163507000,"Krainz Woods, Detroit, MI",21763
26163540200,"Detroit, MI",21744
26163534100,"Detroit, MI",21742
26163533200,"Detroit, MI",21716
26163542100,"Detroit, MI",21671
26163500100,"Regent Park, Detroit, MI",21667
26163516200,"Detroit, MI",21654
26163571000,"Inkster, MI",21626
26163518900,"Forest Park, Detroit, MI",21612
26163501900,"Morningside, Detroit, MI",21606
26163501000,"Detroit, MI",21596
26163530500,"Russell Woods, Detroit, MI",21581
26163541000,"Detroit, MI",21560
26163526200,"Detroit, MI",21549
26163546600,"Franklin Park, Detroit, MI",21544
26163506800,"Detroit, MI",21518
26163524800,"Boynton, Detroit, MI",21429
26163537700,"Detroit, MI",21417
26163503100,"Mohican Regent, Detroit, MI",21410
26163517100,"Lafayette Park, Detroit, MI",21389
26163510700,"Detroit, MI",21351
26163540900,"Detroit, MI",21327
26163535300,"Detroit, MI",21287
26163530800,"Petosky-Otsego, Detroit, MI",21280
26163504800,"Detroit, MI",21279
26163513200,"Jefferson Chalmers, Detroit, MI",21279
26163546900,"Detroit, MI",21203
26163503200,"Osborn, Detroit, MI",21188
26163536400,"Detroit, MI",21170
26163503300,"Osborn, Detroit, MI",21166
26163521900,"Woodbridge, Detroit, MI",21119
26163517000,"Lafayette Park, Detroit, MI",21086
26163536900,"Detroit, MI",21073
26163531700,"Dexter-Linwood, Detroit, MI",21033
26163501600,"Cornerstone Village, Detroit, MI",21010
26163525400,"Detroit, MI",21008
26163542300,"Grandmont - Rosedale, Detroit, MI",20996
26163514500,"Detroit, MI",20971
26163540100,"Detroit, MI",20923
26163518400,"Poletown East, Detroit, MI",20864
26163515300,"Islandview, Detroit, MI",20836
26125162400,"Southfield, MI",20808
26163537500,"Belmont, Detroit, MI",20803
26163542700,"Detroit, MI",20793
26163500700,"Detroit, MI",20774
26163506900,"Detroit, MI",20723
26163530400,"Oakman Blvd., Detroit, MI",20700
26163546700,"Franklin Park, Detroit, MI",20678
26163538300,"Detroit, MI",20677
26163546400,"Weatherby, Detroit, MI",20668
26163531400,"Dexter-Linwood, Detroit, MI",20620
26163535000,"Barton - McFarland, Detroit, MI",20603
26163534300,"Detroit, MI",20574
26163536500,"Detroit, MI",20554
26163503600,"Osborn, Detroit, MI",20533
26163533400,"Petosky-Otsego, Detroit, MI",20517
26163531900,"Dexter-Linwood, Detroit, MI",20466
26163506500,"Krainz Woods, Detroit, MI",20457
26163534500,"Detroit, MI",20446
26163541100,"Detroit, MI",20396
26163506700,"Detroit, MI",20318
26163536100,"Fitzgerald, Detroit, MI",20309
26163541200,"Detroit, MI",20291
26163540300,"Detroit, MI",20260
26163515400,"Detroit, MI",20232
26163502000,"Morningside, Detroit, MI",20205
26163511300,"Detroit, MI",20179
26163543500,"Detroit, MI",20168
26163539500,"Detroit, MI",20146
26163537000,"Detroit, MI",20140
26163521500,"North Corktown, Detroit, MI",20138
26163532400,"Virginia Park, Detroit, MI",20062
26163511400,"Arden Park, Detroit, MI",20055
26163553100,"Highland Park, MI",20046
26163532600,"Detroit, MI",20002
26163536600,"Detroit, MI",19981
26163501100,"Detroit, MI",19970
26163535400,"Fiskhorn, Detroit, MI",19966
26163504700,"Detroit, MI",19965
26163505200,"LaSalle College Park, Detroit, MI",19956
26163545200,"Grandale, Detroit, MI",19929
26163534700,"Barton - McFarland, Detroit, MI",19918
26163546000,"Warrendale, Detroit, MI",19902
26163504900,"Osborn, Detroit, MI",19893
26163534200,"Detroit, MI",19883
26163539000,"Eight Mile Wyoming, Detroit, MI",19872
26163527200,"Detroit, MI",19866
26163500900,"Detroit, MI",19863
26163507200,"Detroit, MI",19845
26163505400,"LaSalle College Park, Detroit, MI",19787
26163515700,"Detroit, MI",19769
26163534600,"Detroit, MI",19757
26163522300,"NW Goldberg, Detroit, MI",19751
26163545300,"Grandale, Detroit, MI",19742
26163530900,"Petosky-Otsego, Detroit, MI",19736
26163536800,"Detroit, MI",19703
26163505100,"Osborn, Detroit, MI",19696
26163533100,"Virginia Park, Detroit, MI",19688
26163522000,"Core City, Detroit, MI",19685
26163543700,"Brightmoor, Detroit, MI",19665
26163535700,"Barton - McFarland, Detroit, MI",19643
26163507500,"Highland Park, MI",19641
26163517300,"Brush Park, Detroit, MI",19630
26163533600,"Detroit, MI",19607
26163537800,"Detroit, MI",19574
26163506600,"Detroit, MI",19544
26163515200,"Islandview, Detroit, MI",19543
26163532700,"Virginia Park, Detroit, MI",19540
26163507800,"Highland Park, MI",19523
26163512100,"Chandler Park, Detroit, MI",19511
26163533500,"Detroit, MI",19491
26163579600,"Ecorse, MI",19490
26163512200,"Detroit, MI",19486
26163532200,"Detroit, MI",19479
26163500300,"Detroit, MI",19427
26163515600,"Detroit, MI",19305
26163511200,"North End, Detroit, MI",19216
26163553600,"Highland Park, MI",19190
26163570800,"Inkster, MI",19187
26163503500,"Osborn, Detroit, MI",19167
26163531100,"Detroit, MI",19147
26163535200,"Detroit, MI",19134
26163501300,"Morningside, Detroit, MI",19114
26163570900,"Inkster, MI",19114
26163504300,"Detroit, MI",19110
26163530100,"Detroit, MI",19092
26163553000,"Highland Park, MI",19066
26163530300,"Detroit, MI",19021
26163506200,"Detroit, MI",19006
26163535500,"Fiskhorn, Detroit, MI",19002
26163536300,"Fitzgerald, Detroit, MI",18953
26163506400,"Hamtramck, MI",18932
26163522500,"Midtown, Detroit, MI",18921
26163500500,"Detroit, MI",18903
26163545100,"Grandale, Detroit, MI",18863
26163500600,"Detroit, MI",18843
26163543800,"Brightmoor, Detroit, MI",18831
26163512600,"Detroit, MI",18803
26163505000,"Osborn, Detroit, MI",18794
26163553800,"Highland Park, MI",18792
26163501200,"Detroit, MI",18772
26163504200,"Detroit, MI",18743
26163522400,"Detroit, MI",18711
26163507300,"Highland Park, MI",18704
26163537300,"Detroit, MI",18646
26163508100,"Detroit, MI",18638
26163510400,"Hamtramck, MI",18632
26163512300,"Detroit, MI",18605
26163527300,"Detroit, MI",18580
26163512900,"Detroit, MI",18573
26163516000,"Detroit, MI",18427
26163533300,"Detroit, MI",18426
26163514300,"Detroit, MI",18407
26163570600,"Inkster, MI",18267
26163553400,"Highland Park, MI",18127
26163511900,"North End, Detroit, MI",18050
26163506300,"Detroit, MI",18049
26163533000,"LaSalle Gardens, Detroit, MI",18041
26163543900,"Brightmoor, Detroit, MI",18041
26163543600,"Brightmoor, Detroit, MI",18028
26163507400,"Highland Park, MI",18027
26163526400,"Detroit, MI",17962
26163537200,"Detroit, MI",17945
26163514100,"Detroit, MI",17921
26163534400,"Barton - McFarland, Detroit, MI",17914
26163537100,"Littlefield, Detroit, MI",17876
26163525500,"Detroit, MI",17872
26163504400,"Detroit, MI",17775
26163511000,"Detroit, MI",17704
26163518600,"Detroit, MI",17630
26163516300,"Islandview, Detroit, MI",17571
26163504100,"Detroit, MI",17548
26163533700,"Detroit, MI",17521
26163521300,"Mexicantown - Southwest Detroit, Detroit, MI",17442
26163515900,"Detroit, MI",17399
26163516400,"Islandview, Detroit, MI",17248
26163522100,"Core City, Detroit, MI",17246
26163526500,"Detroit, MI",17219
26163504000,"Detroit, MI",17217
26163553200,"Highland Park, MI",17157
26163518800,"Detroit, MI",16839
26163503900,"Detroit, MI",16718
26163513900,"Detroit, MI",16691
26163522200,"Detroit, MI",16631
26163512400,"Detroit, MI",16616
26163516800,"McDougall - Hunt, Detroit, MI",16434
26163535100,"Barton - McFarland, Detroit, MI",16235
26163517200,"Downtown, Detroit, MI",16034
26163553300,"Highland Park, MI",16011
26163500400,"Detroit, MI",15629
26163531300,"Dexter-Linwood, Detroit, MI",15453
26163536700,"Detroit, MI",15377
26163545400,"Detroit, MI",15361
26163985200,"Conner Creek Industrial, Detroit, MI",
26163521800,"Woodbridge, Detroit, MI",
26163985300,"West Side Industrial, Detroit, MI",
26163985400,"Romulus, MI",
26163985900,"Poletown East, Detroit, MI",
26099982200,"Warren, MI",
26163985100,"Milwaukee Junction, Detroit, MI",
26163985000,"Detroit, MI",