﻿"tract","Name","Household_Income_rP_gP_p50"
26163556600,"Livonia, MI",70007
26163556500,"Livonia, MI",65110
26163551200,"Grosse Pointe Woods, MI",60947
26163551700,"Grosse Pointe Woods, MI",60308
26163573000,"Dearborn Heights, MI",59085
26163550700,"Grosse Pointe Farms, MI",56850
26163551100,"Grosse Pointe Woods, MI",55651
26163550300,"Grosse Pointe Park, MI",55458
26163563900,"Canton, MI",55224
26163557600,"Livonia, MI",55058
26163560200,"Northville, MI",54857
26163550900,"Grosse Pointe Shores, MI",53905
26163551800,"Grosse Pointe Woods, MI",53106
26163557100,"Livonia, MI",52371
26163556700,"Livonia, MI",52226
26163576300,"Allen Park, MI",51408
26163558100,"Livonia, MI",51320
26163576000,"Allen Park, MI",51312
26163551300,"Harper Woods, MI",51250
26163550400,"Grosse Pointe, MI",51226
26125136700,"Northville, MI",51192
26163558400,"Livonia, MI",51054
26163556400,"Livonia, MI",50764
26163558800,"Livonia, MI",50763
26163550100,"Grosse Pointe Park, MI",50744
26163556300,"Livonia, MI",50678
26163556900,"Livonia, MI",50455
26163571600,"Dearborn Heights, MI",50118
26163550800,"Grosse Pointe Farms, MI",49608
26163575300,"Dearborn, MI",49568
26163558000,"Livonia, MI",49555
26163562800,"Plymouth, MI",49285
26125165100,"Farmington, MI",49213
26163576700,"Allen Park, MI",48864
26163559100,"Livonia, MI",48858
26163564100,"Canton, MI",48746
26163558900,"Livonia, MI",48575
26163520200,"Wayne State, Detroit, MI",48434
26163559000,"Livonia, MI",48432
26163576600,"Allen Park, MI",48218
26163576400,"Allen Park, MI",48133
26163561600,"Plymouth, MI",48068
26163579900,"Dearborn, MI",47820
26163558500,"Livonia, MI",47714
26163574700,"Dearborn, MI",47586
26163581100,"Southgate, MI",47574
26163574600,"Dearborn, MI",47412
26163573100,"Dearborn Heights, MI",47366
26163572200,"Dearborn Heights, MI",47353
26163580500,"Wyandotte, MI",47192
26163581200,"Southgate, MI",47020
26163582100,"Southgate, MI",46929
26163557700,"Livonia, MI",46703
26163574800,"Dearborn, MI",46585
26163552000,"Hamtramck, MI",46464
26163551400,"Harper Woods, MI",46413
26125168400,"Northville, MI",46315
26163557300,"Livonia, MI",46079
26125168600,"Farmington Hills, MI",45916
26163576200,"Allen Park, MI",45895
26163555600,"Redford Charter Township, MI",45823
26163551600,"Harper Woods, MI",45778
26163567400,"Westland, MI",45677
26163596300,"Grosse Ile Township, MI",45603
26163559200,"Livonia, MI",45589
26163560400,"Northville, MI",45317
26163565000,"Canton, MI",45191
26163558700,"Livonia, MI",45111
26163571500,"Dearborn Heights, MI",45023
26163560300,"Northville, MI",44990
26163563300,"Canton, MI",44983
26163576500,"Allen Park, MI",44944
26163557500,"Livonia, MI",44735
26163581900,"Southgate, MI",44487
26163563200,"Canton, MI",44389
26163577700,"Lincoln Park, MI",44366
26163550600,"Grosse Pointe Farms, MI",44321
26163575200,"Dearborn, MI",44201
26163557200,"Livonia, MI",44163
26163562900,"Plymouth, MI",44095
26163550200,"Grosse Pointe Park, MI",44072
26163575600,"Dearborn, MI",43990
26163571800,"Dearborn Heights, MI",43988
26163564700,"Canton, MI",43958
26163550500,"Grosse Pointe, MI",43931
26163551500,"Harper Woods, MI",43794
26163582000,"Southgate, MI",43696
26163571900,"Dearborn Heights, MI",43660
26163565700,"Westland, MI",43585
26163574900,"Dearborn, MI",43568
26163569600,"Garden City, MI",43506
26163558200,"Livonia, MI",43505
26163555100,"Redford Charter Township, MI",43502
26163581600,"Southgate, MI",43293
26163564800,"Canton, MI",43240
26163580400,"Wyandotte, MI",43164
26163556800,"Livonia, MI",43123
26163565600,"Westland, MI",43107
26163575500,"Dearborn, MI",43098
26163557900,"Livonia, MI",43079
26163575000,"Dearborn, MI",43079
26163575400,"Dearborn, MI",43032
26163569300,"Garden City, MI",42894
26163573702,"Dearborn, MI",42808
26163574300,"Dearborn, MI",42773
26163546200,"Parkland, Detroit, MI",42651
26163555300,"Redford Charter Township, MI",42610
26163575100,"Dearborn, MI",42526
26163574000,"Dearborn, MI",42499
26163574202,"Dearborn, MI",42442
26163556200,"Livonia, MI",42425
26125167400,"Farmington Hills, MI",42370
26163567202,"Westland, MI",42350
26163580600,"Wyandotte, MI",42336
26163554600,"Redford Charter Township, MI",42313
26163569400,"Garden City, MI",42307
26163557000,"Livonia, MI",42253
26163567201,"Westland, MI",42209
26163567300,"Westland, MI",41761
26163573800,"Dearborn, MI",41605
26163552200,"Hamtramck, MI",41604
26163554300,"Redford Charter Township, MI",41561
26163556100,"Livonia, MI",41319
26163572100,"Dearborn Heights, MI",41252
26163569900,"Garden City, MI",41020
26163571700,"Dearborn Heights, MI",40706
26163555500,"Redford Charter Township, MI",40595
26099258600,"Eastpointe, MI",40581
26163558300,"Livonia, MI",40549
26163567800,"Westland, MI",40486
26163565200,"Westland, MI",40462
26163580900,"Wyandotte, MI",40342
26163583900,"Taylor, MI",40315
26163557400,"Livonia, MI",40302
26163573701,"Dearborn, MI",40229
26163576100,"Allen Park, MI",40214
26163520300,"Cass Corridor, Detroit, MI",40182
26099258900,"Eastpointe, MI",40119
26163583500,"Taylor, MI",40101
26163572700,"Dearborn Heights, MI",40015
26163572000,"Dearborn Heights, MI",40012
26163581500,"Southgate, MI",39995
26163573900,"Dearborn, MI",39976
26163569500,"Garden City, MI",39946
26125173300,"Ferndale, MI",39889
26163568000,"Westland, MI",39778
26163588400,"Van Buren Charter Township, MI",39706
26163568900,"Westland, MI",39526
26099258500,"Eastpointe, MI",39505
26163586300,"Romulus, MI",39337
26163577400,"Lincoln Park, MI",39332
26163580800,"Wyandotte, MI",39241
26163565100,"Westland, MI",39185
26163580700,"Wyandotte, MI",39171
26125167300,"Farmington Hills, MI",39126
26163566500,"Wayne, MI",38850
26163554500,"Redford Charter Township, MI",38679
26163572800,"Dearborn Heights, MI",38641
26163577800,"Lincoln Park, MI",38570
26163552300,"Hamtramck, MI",38562
26163577900,"Lincoln Park, MI",38561
26125173400,"Ferndale, MI",38542
26163569100,"Garden City, MI",38537
26163554200,"Redford Charter Township, MI",38535
26163518000,"Art Center, Detroit, MI",38521
26163574100,"Dearborn, MI",38436
26163580200,"Wyandotte, MI",38352
26163573300,"Dearborn, MI",38108
26163572900,"Dearborn Heights, MI",38088
26163554700,"Redford Charter Township, MI",38087
26163581800,"Southgate, MI",38061
26163580300,"Wyandotte, MI",38039
26163554400,"Redford Charter Township, MI",38025
26163583600,"Taylor, MI",37824
26163578000,"Lincoln Park, MI",37814
26099258800,"Eastpointe, MI",37807
26163568200,"Westland, MI",37777
26163573600,"Dearborn, MI",37776
26163558600,"Livonia, MI",37624
26163569800,"Garden City, MI",37567
26163572400,"Dearborn Heights, MI",37542
26163569700,"Garden City, MI",37533
26163567100,"Westland, MI",37497
26163584500,"Taylor, MI",37459
26163573400,"Dearborn, MI",37457
26163568800,"Westland, MI",37417
26163568400,"Westland, MI",37409
26163521400,"Corktown, Detroit, MI",37350
26163584100,"Taylor, MI",37298
26163565800,"Westland, MI",37248
26163565900,"Westland, MI",37219
26163569200,"Garden City, MI",37026
26163584400,"Taylor, MI",36925
26163565300,"Westland, MI",36908
26163585900,"Romulus, MI",36903
26163584700,"Taylor, MI",36830
26163562500,"Plymouth, MI",36775
26163568700,"Westland, MI",36731
26163524000,"Springwells Village, Detroit, MI",36623
26163583700,"Taylor, MI",36622
26163577600,"Lincoln Park, MI",36538
26163584300,"Taylor, MI",36485
26163567900,"Westland, MI",36479
26163554900,"Redford Charter Township, MI",36455
26163583300,"Taylor, MI",36453
26163583800,"Taylor, MI",36344
26163584000,"Taylor, MI",36321
26163543000,"North Rosedale Park, Detroit, MI",36242
26163554100,"Redford Charter Township, MI",36094
26163545700,"Warrendale, Detroit, MI",36055
26163516500,"Rivertown - Warehouse District, Detroit, MI",36052
26163577500,"Lincoln Park, MI",35985
26163572600,"Dearborn Heights, MI",35750
26163566800,"Wayne, MI",35644
26163588000,"Van Buren Charter Township, MI",35529
26163583400,"Taylor, MI",35385
26163587900,"Belleville, MI",35356
26163554800,"Redford Charter Township, MI",35273
26163525800,"Detroit, MI",35117
26125175200,"Hazel Park, MI",35105
26163577200,"Lincoln Park, MI",35008
26163584200,"Taylor, MI",34998
26163577300,"Lincoln Park, MI",34970
26163538200,"Sherwood Forest, Detroit, MI",34930
26163566600,"Wayne, MI",34914
26163578500,"Melvindale, MI",34909
26099268400,"Warren, MI",34640
26163545600,"Detroit, MI",34601
26163543100,"North Rosedale Park, Detroit, MI",34583
26163568300,"Westland, MI",34564
26099263700,"Fitzgerald, Warren, MI",34485
26163544000,"Castle Rouge, Detroit, MI",34471
26163583000,"Taylor, MI",34446
26163541800,"Five Points, Detroit, MI",34436
26163584600,"Taylor, MI",34379
26163566900,"Wayne, MI",34294
26163521100,"Hubbard - Richard, Detroit, MI",34287
26163580100,"Wyandotte, MI",34247
26163583200,"Taylor, MI",34234
26163572500,"Dearborn Heights, MI",34148
26099264200,"Warren, MI",34132
26163564000,"Canton, MI",34109
26125173500,"Ferndale, MI",34098
26163526100,"Detroit, MI",34019
26125162500,"Southfield, MI",33803
26163578600,"Melvindale, MI",33755
26163564900,"Canton, MI",33520
26163524900,"Delray, Detroit, MI",33392
26099268300,"Warren, MI",33299
26163566700,"Wayne, MI",33286
26163552100,"Hamtramck, MI",33274
26125175300,"Hazel Park, MI",33264
26163555400,"Redford Charter Township, MI",33230
26163579700,"Ecorse, MI",33148
26163501700,"Cornerstone Village, Detroit, MI",33039
26163510600,"Hamtramck, MI",32991
26099263600,"Fitzgerald, Warren, MI",32966
26163570200,"Inkster, MI",32868
26163524100,"Springwells Village, Detroit, MI",32860
26163573500,"Dearborn, MI",32850
26163525700,"Detroit, MI",32850
26163586200,"Romulus, MI",32796
26163501500,"Cornerstone Village, Detroit, MI",32630
26163579200,"River Rouge, MI",32582
26163523300,"Mexicantown - Southwest Detroit, Detroit, MI",32461
26125173600,"Ferndale, MI",32416
26163526000,"Detroit, MI",32372
26163542800,"Grandmont #1, Detroit, MI",32356
26163520800,"West Side Industrial, Detroit, MI",32327
26163523800,"Mexicantown - Southwest Detroit, Detroit, MI",32314
26163570100,"Inkster, MI",32239
26163579100,"River Rouge, MI",32204
26163542900,"Rosedale Park, Detroit, MI",32153
26163524200,"Springwells Village, Detroit, MI",32066
26163517000,"Lafayette Park, Detroit, MI",31998
26163583100,"Taylor, MI",31977
26125161800,"Southfield, MI",31799
26163585700,"Romulus, MI",31776
26163535600,"Aviation Sub., Detroit, MI",31736
26099264000,"Warren, MI",31587
26163545800,"Warrendale, Detroit, MI",31560
26163523200,"Mexicantown - Southwest Detroit, Detroit, MI",31447
26163545900,"Warrendale, Detroit, MI",31433
26163577000,"Lincoln Park, MI",31335
26163525000,"Delray, Detroit, MI",31236
26163585500,"Romulus, MI",31106
26163541300,"The Eye, Detroit, MI",31017
26163520400,"Midtown, Detroit, MI",30966
26163541400,"Detroit, MI",30917
26163584800,"Taylor, MI",30850
26125162300,"Southfield, MI",30792
26163546300,"Detroit, MI",30725
26163500800,"Detroit, MI",30711
26163543400,"Brightmoor, Detroit, MI",30617
26099263800,"Warren, MI",30542
26163501800,"East English Village, Detroit, MI",30537
26163544300,"The Eye, Detroit, MI",30511
26163508000,"Chaldean Town, Highland Park, MI",30459
26163506100,"Detroit, MI",30441
26163536500,"Detroit, MI",30436
26163542500,"Grandmont - Rosedale, Detroit, MI",30398
26163541500,"Berg - Lahser, Detroit, MI",30304
26163538400,"University District, Detroit, MI",30282
26163513700,"Jefferson Chalmers, Detroit, MI",30238
26125162200,"Southfield, MI",30206
26163518500,"Detroit, MI",30140
26163546100,"Warrendale, Detroit, MI",29997
26163501600,"Cornerstone Village, Detroit, MI",29921
26163526300,"Detroit, MI",29862
26163568500,"Norwayne, Westland, MI",29828
26163532300,"Boston Edison, Detroit, MI",29766
26163523400,"Mexicantown - Southwest Detroit, Detroit, MI",29697
26163538800,"Detroit, MI",29590
26163538100,"Green Acres, Detroit, MI",29587
26163515400,"Detroit, MI",29581
26163538700,"Detroit, MI",29509
26163567000,"Westland, MI",29461
26163505500,"Detroit, MI",29451
26163530500,"Russell Woods, Detroit, MI",29437
26163515700,"Detroit, MI",29357
26163577100,"Lincoln Park, MI",29354
26163531200,"Boston Edison, Detroit, MI",29276
26125162400,"Southfield, MI",29213
26163500200,"Regent Park, Detroit, MI",29210
26163516900,"Elmwood Park, Detroit, MI",29189
26163539400,"Detroit, MI",29181
26163524500,"Oakwood Heights, Detroit, MI",29164
26125171600,"Oak Park, MI",29155
26163585800,"Romulus, MI",29097
26163546500,"Franklin Park, Detroit, MI",28988
26163544200,"Riverdale, Detroit, MI",28973
26163521500,"North Corktown, Detroit, MI",28958
26163538300,"Detroit, MI",28957
26163530400,"Oakman Blvd., Detroit, MI",28951
26163510500,"Hamtramck, MI",28913
26163579500,"Ecorse, MI",28911
26163507900,"Highland Park, MI",28888
26163539100,"Eight Mile Wyoming, Detroit, MI",28768
26163540400,"Detroit, MI",28762
26163544100,"Eliza Howell, Detroit, MI",28737
26163524300,"Springwells Village, Detroit, MI",28665
26163501400,"East English Village, Detroit, MI",28651
26163542400,"Grandmont - Rosedale, Detroit, MI",28543
26163513300,"Jefferson Chalmers, Detroit, MI",28533
26163507000,"Krainz Woods, Detroit, MI",28526
26163585600,"Romulus, MI",28466
26163500100,"Regent Park, Detroit, MI",28448
26163566400,"Wayne, MI",28429
26163516100,"Detroit, MI",28295
26163543200,"Riverdale, Detroit, MI",28283
26163540500,"Detroit, MI",28241
26163545500,"Detroit, MI",28210
26163526200,"Detroit, MI",28135
26163539600,"Detroit, MI",28093
26163521900,"Woodbridge, Detroit, MI",28088
26163570400,"Inkster, MI",28012
26163520700,"Downtown, Detroit, MI",27994
26163530200,"Martin Park, Detroit, MI",27971
26163531800,"Dexter-Linwood, Detroit, MI",27943
26163541700,"Detroit, MI",27918
26163534500,"Detroit, MI",27829
26163525600,"Detroit, MI",27814
26163538900,"Detroit, MI",27793
26163500700,"Detroit, MI",27774
26163579800,"Ecorse, MI",27769
26125171500,"Oak Park, MI",27695
26163540600,"Detroit, MI",27675
26163511400,"Arden Park, Detroit, MI",27654
26163507100,"Grixdale, Detroit, MI",27570
26163552800,"Hamtramck, MI",27558
26163501000,"Detroit, MI",27524
26163532600,"Detroit, MI",27522
26163536200,"Detroit, MI",27503
26163534300,"Detroit, MI",27425
26163538500,"Bagley, Detroit, MI",27422
26163503400,"Osborn, Detroit, MI",27346
26163518400,"Poletown East, Detroit, MI",27325
26163540200,"Detroit, MI",27305
26163517500,"Medical Center, Detroit, MI",27289
26163538600,"Bagley, Detroit, MI",27268
26163522300,"NW Goldberg, Detroit, MI",27151
26163533200,"Detroit, MI",27060
26163542300,"Grandmont - Rosedale, Detroit, MI",27050
26163534100,"Detroit, MI",27006
26163527200,"Detroit, MI",26995
26163515600,"Detroit, MI",26987
26163543500,"Detroit, MI",26949
26163535400,"Fiskhorn, Detroit, MI",26944
26163546800,"Franklin Park, Detroit, MI",26925
26163517100,"Lafayette Park, Detroit, MI",26900
26163501900,"Morningside, Detroit, MI",26869
26163537600,"Detroit, MI",26864
26163540800,"Detroit, MI",26808
26163500900,"Detroit, MI",26781
26125172500,"Ferndale, MI",26758
26163514500,"Detroit, MI",26754
26163531500,"Dexter-Linwood, Detroit, MI",26729
26163542100,"Detroit, MI",26714
26163539300,"Detroit, MI",26714
26163531600,"Oakman Blvd., Detroit, MI",26683
26163524800,"Boynton, Detroit, MI",26672
26163531700,"Dexter-Linwood, Detroit, MI",26638
26163570500,"Inkster, MI",26605
26163552400,"Hamtramck, MI",26561
26163541000,"Detroit, MI",26560
26163518900,"Forest Park, Detroit, MI",26518
26163533400,"Petosky-Otsego, Detroit, MI",26490
26163516200,"Detroit, MI",26478
26163523100,"Mexicantown - Southwest Detroit, Detroit, MI",26338
26163503200,"Osborn, Detroit, MI",26319
26163506800,"Detroit, MI",26296
26163540700,"Detroit, MI",26261
26163539500,"Detroit, MI",26243
26163516300,"Islandview, Detroit, MI",26230
26163546600,"Franklin Park, Detroit, MI",26218
26163525400,"Detroit, MI",26212
26163540900,"Detroit, MI",26198
26163539200,"Detroit, MI",26186
26163542200,"Grandmont - Rosedale, Detroit, MI",26170
26163504900,"Osborn, Detroit, MI",26034
26163546400,"Weatherby, Detroit, MI",25925
26163524700,"Boynton, Detroit, MI",25922
26163533900,"New Center, Detroit, MI",25873
26163513600,"Detroit, MI",25865
26163514200,"Detroit, MI",25856
26163542600,"Detroit, MI",25831
26163546700,"Franklin Park, Detroit, MI",25745
26163535300,"Detroit, MI",25610
26163541200,"Detroit, MI",25568
26163540100,"Detroit, MI",25521
26163503100,"Mohican Regent, Detroit, MI",25476
26163516600,"Elmwood Park, Detroit, MI",25435
26163541100,"Detroit, MI",25376
26163506500,"Krainz Woods, Detroit, MI",25308
26163506700,"Detroit, MI",25304
26163532400,"Virginia Park, Detroit, MI",25151
26163536900,"Detroit, MI",24999
26163522400,"Detroit, MI",24997
26163517300,"Brush Park, Detroit, MI",24974
26163553600,"Highland Park, MI",24952
26163505200,"LaSalle College Park, Detroit, MI",24947
26163504800,"Detroit, MI",24916
26163515300,"Islandview, Detroit, MI",24857
26163546900,"Detroit, MI",24840
26163500300,"Detroit, MI",24818
26163537000,"Detroit, MI",24772
26163525500,"Detroit, MI",24759
26163533500,"Detroit, MI",24745
26163533100,"Virginia Park, Detroit, MI",24730
26163516700,"Elmwood Park, Detroit, MI",24724
26163514300,"Detroit, MI",24710
26163539000,"Eight Mile Wyoming, Detroit, MI",24694
26163537700,"Detroit, MI",24683
26163579300,"River Rouge, MI",24672
26163536800,"Detroit, MI",24628
26163531400,"Dexter-Linwood, Detroit, MI",24587
26163531900,"Dexter-Linwood, Detroit, MI",24580
26163535200,"Detroit, MI",24555
26163507200,"Detroit, MI",24508
26163535500,"Fiskhorn, Detroit, MI",24484
26163511200,"North End, Detroit, MI",24426
26163534600,"Detroit, MI",24417
26163543700,"Brightmoor, Detroit, MI",24402
26163542700,"Detroit, MI",24373
26163553100,"Highland Park, MI",24357
26163500500,"Detroit, MI",24356
26163534200,"Detroit, MI",24353
26163503300,"Osborn, Detroit, MI",24352
26163504400,"Detroit, MI",24350
26163506200,"Detroit, MI",24344
26163543800,"Brightmoor, Detroit, MI",24317
26163553400,"Highland Park, MI",24306
26163503600,"Osborn, Detroit, MI",24304
26163533600,"Detroit, MI",24263
26163501300,"Morningside, Detroit, MI",24251
26163535000,"Barton - McFarland, Detroit, MI",24206
26163537300,"Detroit, MI",24190
26163500600,"Detroit, MI",24187
26163501100,"Detroit, MI",24187
26163510400,"Hamtramck, MI",23932
26163505400,"LaSalle College Park, Detroit, MI",23911
26163506900,"Detroit, MI",23910
26163537500,"Belmont, Detroit, MI",23878
26163543900,"Brightmoor, Detroit, MI",23873
26163536400,"Detroit, MI",23851
26163534700,"Barton - McFarland, Detroit, MI",23845
26163512200,"Detroit, MI",23828
26163545200,"Grandale, Detroit, MI",23817
26163516400,"Islandview, Detroit, MI",23779
26163540300,"Detroit, MI",23755
26163546000,"Warrendale, Detroit, MI",23741
26163570900,"Inkster, MI",23736
26163533700,"Detroit, MI",23590
26163545300,"Grandale, Detroit, MI",23581
26163522500,"Midtown, Detroit, MI",23549
26163571000,"Inkster, MI",23526
26163511300,"Detroit, MI",23501
26163502000,"Morningside, Detroit, MI",23487
26163535700,"Barton - McFarland, Detroit, MI",23468
26163536100,"Fitzgerald, Detroit, MI",23465
26163507500,"Highland Park, MI",23449
26163516800,"McDougall - Hunt, Detroit, MI",23405
26163507400,"Highland Park, MI",23321
26163503500,"Osborn, Detroit, MI",23261
26163532700,"Virginia Park, Detroit, MI",23259
26163533000,"LaSalle Gardens, Detroit, MI",23225
26163532200,"Detroit, MI",23210
26163513200,"Jefferson Chalmers, Detroit, MI",23202
26163512100,"Chandler Park, Detroit, MI",23157
26163506600,"Detroit, MI",23113
26163505100,"Osborn, Detroit, MI",23072
26163506400,"Hamtramck, MI",23012
26163531100,"Detroit, MI",22918
26163537800,"Detroit, MI",22917
26163506300,"Detroit, MI",22906
26163539700,"Detroit, MI",22873
26163501200,"Detroit, MI",22832
26163512900,"Detroit, MI",22828
26163522100,"Core City, Detroit, MI",22795
26163512600,"Detroit, MI",22664
26163507800,"Highland Park, MI",22567
26163530300,"Detroit, MI",22467
26163504000,"Detroit, MI",22431
26163553000,"Highland Park, MI",22317
26163516000,"Detroit, MI",22271
26163504200,"Detroit, MI",22232
26163510700,"Detroit, MI",22223
26163504700,"Detroit, MI",22137
26163508100,"Detroit, MI",22092
26163543600,"Brightmoor, Detroit, MI",22091
26163505000,"Osborn, Detroit, MI",22087
26163530800,"Petosky-Otsego, Detroit, MI",22084
26163511900,"North End, Detroit, MI",22078
26163545100,"Grandale, Detroit, MI",21938
26163504300,"Detroit, MI",21748
26163570600,"Inkster, MI",21741
26163515200,"Islandview, Detroit, MI",21633
26163514100,"Detroit, MI",21569
26163515900,"Detroit, MI",21568
26163537200,"Detroit, MI",21555
26163533300,"Detroit, MI",21546
26163526500,"Detroit, MI",21535
26163536300,"Fitzgerald, Detroit, MI",21404
26163526400,"Detroit, MI",21369
26163579600,"Ecorse, MI",21198
26163530900,"Petosky-Otsego, Detroit, MI",21151
26163527300,"Detroit, MI",20812
26163536600,"Detroit, MI",20780
26163504100,"Detroit, MI",20658
26163534400,"Barton - McFarland, Detroit, MI",20545
26163553800,"Highland Park, MI",20420
26163507300,"Highland Park, MI",20389
26163553200,"Highland Park, MI",20328
26163530100,"Detroit, MI",20180
26163500400,"Detroit, MI",19939
26163570800,"Inkster, MI",19886
26163503900,"Detroit, MI",19559
26163511000,"Detroit, MI",19272
26163531300,"Dexter-Linwood, Detroit, MI",19071
26163512300,"Detroit, MI",19047
26163518800,"Detroit, MI",19036
26163537100,"Littlefield, Detroit, MI",18909
26163521300,"Mexicantown - Southwest Detroit, Detroit, MI",18834
26163512400,"Detroit, MI",18790
26163536700,"Detroit, MI",18731
26163513900,"Detroit, MI",18335
26163517200,"Downtown, Detroit, MI",18215
26163535100,"Barton - McFarland, Detroit, MI",18094
26163518600,"Detroit, MI",17257
26163545400,"Detroit, MI",17155
26163522000,"Core City, Detroit, MI",16138
26163553300,"Highland Park, MI",15056
26163522200,"Detroit, MI",11131
26163985200,"Conner Creek Industrial, Detroit, MI",
26163521800,"Woodbridge, Detroit, MI",
26163985300,"West Side Industrial, Detroit, MI",
26163985400,"Romulus, MI",
26163985900,"Poletown East, Detroit, MI",
26099982200,"Warren, MI",
26163985100,"Milwaukee Junction, Detroit, MI",
26163985000,"Detroit, MI",