﻿"tract","Name","Household_Income_rP_gP_p75"
26163556600,"Livonia, MI",71537
26163556500,"Livonia, MI",69586
26163520200,"Wayne State, Detroit, MI",67481
26163573000,"Dearborn Heights, MI",66127
26163551700,"Grosse Pointe Woods, MI",66014
26163550900,"Grosse Pointe Shores, MI",65946
26163550700,"Grosse Pointe Farms, MI",65678
26163556400,"Livonia, MI",63950
26163557600,"Livonia, MI",63762
26163550800,"Grosse Pointe Farms, MI",63716
26163551200,"Grosse Pointe Woods, MI",63536
26163556700,"Livonia, MI",63324
26163551100,"Grosse Pointe Woods, MI",63262
26163550300,"Grosse Pointe Park, MI",62862
26163551300,"Harper Woods, MI",62385
26163551800,"Grosse Pointe Woods, MI",62215
26163560200,"Northville, MI",61482
26125136700,"Northville, MI",61125
26163550400,"Grosse Pointe, MI",60839
26163573100,"Dearborn Heights, MI",60199
26125168400,"Northville, MI",59479
26163557100,"Livonia, MI",59247
26163558000,"Livonia, MI",59103
26163550600,"Grosse Pointe Farms, MI",59015
26163558400,"Livonia, MI",59007
26163571600,"Dearborn Heights, MI",58907
26125165100,"Farmington, MI",58791
26163560300,"Northville, MI",58522
26163550100,"Grosse Pointe Park, MI",58244
26163563900,"Canton, MI",57854
26163557500,"Livonia, MI",57713
26163550500,"Grosse Pointe, MI",57548
26163574800,"Dearborn, MI",57467
26163556900,"Livonia, MI",57427
26163557300,"Livonia, MI",57253
26163557200,"Livonia, MI",56904
26163576500,"Allen Park, MI",56855
26163574700,"Dearborn, MI",56799
26163552000,"Hamtramck, MI",56788
26163558800,"Livonia, MI",56681
26163556300,"Livonia, MI",56586
26163579900,"Dearborn, MI",56557
26163581100,"Southgate, MI",56326
26163561600,"Plymouth, MI",56242
26163557900,"Livonia, MI",56229
26163558700,"Livonia, MI",56036
26163551400,"Harper Woods, MI",55982
26163581200,"Southgate, MI",55851
26163558100,"Livonia, MI",55827
26163562800,"Plymouth, MI",55731
26163546200,"Parkland, Detroit, MI",55660
26163559000,"Livonia, MI",55588
26163576700,"Allen Park, MI",55513
26163520300,"Cass Corridor, Detroit, MI",55488
26163560400,"Northville, MI",55352
26163557700,"Livonia, MI",55077
26163576600,"Allen Park, MI",54872
26163556800,"Livonia, MI",54792
26163563300,"Canton, MI",54765
26163576400,"Allen Park, MI",54576
26163559200,"Livonia, MI",54282
26163580500,"Wyandotte, MI",54212
26163564100,"Canton, MI",54187
26163558900,"Livonia, MI",54115
26125168600,"Farmington Hills, MI",54093
26163596300,"Grosse Ile Township, MI",53827
26163562900,"Plymouth, MI",53789
26163580400,"Wyandotte, MI",53673
26125173300,"Ferndale, MI",53639
26163559100,"Livonia, MI",53622
26163557400,"Livonia, MI",53585
26163581600,"Southgate, MI",53575
26163565000,"Canton, MI",53442
26163576200,"Allen Park, MI",53346
26163572200,"Dearborn Heights, MI",53231
26163582100,"Southgate, MI",53218
26163551500,"Harper Woods, MI",53083
26163576300,"Allen Park, MI",53011
26163564700,"Canton, MI",52940
26163575200,"Dearborn, MI",52915
26163558500,"Livonia, MI",52862
26163518000,"Art Center, Detroit, MI",52855
26163571800,"Dearborn Heights, MI",52649
26163564800,"Canton, MI",52637
26163575300,"Dearborn, MI",52514
26163574600,"Dearborn, MI",52452
26163575400,"Dearborn, MI",52346
26163571900,"Dearborn Heights, MI",52254
26163565200,"Westland, MI",52157
26163574202,"Dearborn, MI",51947
26163571500,"Dearborn Heights, MI",51936
26163575100,"Dearborn, MI",51777
26163575600,"Dearborn, MI",51670
26163557000,"Livonia, MI",51584
26163580600,"Wyandotte, MI",51545
26163550200,"Grosse Pointe Park, MI",51402
26163574900,"Dearborn, MI",50932
26163576000,"Allen Park, MI",50916
26163558200,"Livonia, MI",50805
26163555600,"Redford Charter Township, MI",50776
26163567202,"Westland, MI",50655
26163567400,"Westland, MI",50523
26163577700,"Lincoln Park, MI",50475
26099258500,"Eastpointe, MI",50307
26163580900,"Wyandotte, MI",50227
26163558600,"Livonia, MI",50057
26163566500,"Wayne, MI",50002
26163555100,"Redford Charter Township, MI",49961
26163581900,"Southgate, MI",49808
26163551600,"Harper Woods, MI",49723
26163571700,"Dearborn Heights, MI",49648
26163554600,"Redford Charter Township, MI",49472
26163575500,"Dearborn, MI",49431
26163524000,"Springwells Village, Detroit, MI",49419
26163568000,"Westland, MI",49414
26163554700,"Redford Charter Township, MI",49324
26163576100,"Allen Park, MI",49296
26163556100,"Livonia, MI",49236
26163565600,"Westland, MI",49201
26163554500,"Redford Charter Township, MI",49191
26163574000,"Dearborn, MI",49166
26163588400,"Van Buren Charter Township, MI",49163
26163555500,"Redford Charter Township, MI",49121
26163581500,"Southgate, MI",49101
26163569900,"Garden City, MI",49101
26163583600,"Taylor, MI",49034
26163586300,"Romulus, MI",48989
26163567201,"Westland, MI",48941
26163572100,"Dearborn Heights, MI",48754
26163554300,"Redford Charter Township, MI",48692
26163582000,"Southgate, MI",48601
26163554200,"Redford Charter Township, MI",48361
26163563200,"Canton, MI",48062
26163573800,"Dearborn, MI",48001
26163580200,"Wyandotte, MI",47964
26163555300,"Redford Charter Township, MI",47958
26163580700,"Wyandotte, MI",47793
26163574300,"Dearborn, MI",47746
26125167400,"Farmington Hills, MI",47723
26163580300,"Wyandotte, MI",47709
26163575000,"Dearborn, MI",47701
26163572900,"Dearborn Heights, MI",47698
26163573702,"Dearborn, MI",47653
26163583500,"Taylor, MI",47606
26163569600,"Garden City, MI",47520
26163577400,"Lincoln Park, MI",47381
26163521400,"Corktown, Detroit, MI",47286
26163565700,"Westland, MI",47233
26163569400,"Garden City, MI",47154
26125167300,"Farmington Hills, MI",47153
26163585900,"Romulus, MI",47031
26163567800,"Westland, MI",46903
26163583900,"Taylor, MI",46826
26163573701,"Dearborn, MI",46811
26163572700,"Dearborn Heights, MI",46789
26163569500,"Garden City, MI",46754
26163580100,"Wyandotte, MI",46692
26163583800,"Taylor, MI",46664
26163577600,"Lincoln Park, MI",46607
26163577800,"Lincoln Park, MI",46598
26163556200,"Livonia, MI",46541
26163580800,"Wyandotte, MI",46469
26163568200,"Westland, MI",46411
26163572000,"Dearborn Heights, MI",46288
26163584500,"Taylor, MI",46274
26163569300,"Garden City, MI",46182
26099258800,"Eastpointe, MI",46084
26163558300,"Livonia, MI",46039
26163583700,"Taylor, MI",45975
26163525800,"Detroit, MI",45961
26163568800,"Westland, MI",45913
26163578000,"Lincoln Park, MI",45801
26163574100,"Dearborn, MI",45752
26163581800,"Southgate, MI",45678
26163572400,"Dearborn Heights, MI",45623
26125173400,"Ferndale, MI",45612
26163554400,"Redford Charter Township, MI",45196
26163554800,"Redford Charter Township, MI",45097
26163565900,"Westland, MI",45085
26163577900,"Lincoln Park, MI",45020
26163569100,"Garden City, MI",44971
26163565800,"Westland, MI",44967
26163524900,"Delray, Detroit, MI",44776
26163569200,"Garden City, MI",44740
26163584700,"Taylor, MI",44686
26099258600,"Eastpointe, MI",44669
26163584400,"Taylor, MI",44507
26163573900,"Dearborn, MI",44417
26163554100,"Redford Charter Township, MI",44130
26163567300,"Westland, MI",44110
26125175200,"Hazel Park, MI",44009
26099258900,"Eastpointe, MI",43922
26163584100,"Taylor, MI",43774
26163552300,"Hamtramck, MI",43718
26163564900,"Canton, MI",43716
26163554900,"Redford Charter Township, MI",43656
26163584000,"Taylor, MI",43598
26163552200,"Hamtramck, MI",43574
26163545700,"Warrendale, Detroit, MI",43425
26163517000,"Lafayette Park, Detroit, MI",43404
26163567900,"Westland, MI",43259
26163568900,"Westland, MI",43251
26163541800,"Five Points, Detroit, MI",43092
26163565300,"Westland, MI",42929
26163572800,"Dearborn Heights, MI",42785
26163567100,"Westland, MI",42633
26163525700,"Detroit, MI",42569
26163584200,"Taylor, MI",42482
26163579100,"River Rouge, MI",42437
26163568300,"Westland, MI",42399
26163578500,"Melvindale, MI",42395
26163573400,"Dearborn, MI",42289
26163521100,"Hubbard - Richard, Detroit, MI",42190
26163568400,"Westland, MI",42083
26099263700,"Fitzgerald, Warren, MI",42038
26163555400,"Redford Charter Township, MI",41969
26163569700,"Garden City, MI",41947
26099268300,"Warren, MI",41809
26163545600,"Detroit, MI",41529
26163588000,"Van Buren Charter Township, MI",41518
26163569800,"Garden City, MI",41396
26163543000,"North Rosedale Park, Detroit, MI",41270
26163516500,"Rivertown - Warehouse District, Detroit, MI",41269
26163573300,"Dearborn, MI",41224
26163565100,"Westland, MI",41129
26163543100,"North Rosedale Park, Detroit, MI",40906
26163566600,"Wayne, MI",40859
26163584300,"Taylor, MI",40827
26163573600,"Dearborn, MI",40812
26163572600,"Dearborn Heights, MI",40766
26163525000,"Delray, Detroit, MI",40755
26163544000,"Castle Rouge, Detroit, MI",40690
26163501700,"Cornerstone Village, Detroit, MI",40639
26163562500,"Plymouth, MI",40607
26163524100,"Springwells Village, Detroit, MI",40553
26163536500,"Detroit, MI",40531
26099268400,"Warren, MI",40202
26163541300,"The Eye, Detroit, MI",40097
26099264200,"Warren, MI",40043
26125162500,"Southfield, MI",40021
26163566900,"Wayne, MI",39969
26163566800,"Wayne, MI",39942
26163583000,"Taylor, MI",39822
26163572500,"Dearborn Heights, MI",39813
26163501500,"Cornerstone Village, Detroit, MI",39793
26163526100,"Detroit, MI",39753
26163577300,"Lincoln Park, MI",39725
26163577200,"Lincoln Park, MI",39720
26099263600,"Fitzgerald, Warren, MI",39689
26163566700,"Wayne, MI",39683
26125175300,"Hazel Park, MI",39661
26163583300,"Taylor, MI",39633
26163579700,"Ecorse, MI",39511
26163510600,"Hamtramck, MI",39386
26163570200,"Inkster, MI",39290
26163541400,"Detroit, MI",39282
26125161800,"Southfield, MI",39261
26163515700,"Detroit, MI",39041
26163515400,"Detroit, MI",39025
26163523800,"Mexicantown - Southwest Detroit, Detroit, MI",39016
26163586200,"Romulus, MI",38996
26163501800,"East English Village, Detroit, MI",38926
26163501600,"Cornerstone Village, Detroit, MI",38923
26163524200,"Springwells Village, Detroit, MI",38807
26163523200,"Mexicantown - Southwest Detroit, Detroit, MI",38705
26163578600,"Melvindale, MI",38683
26163583200,"Taylor, MI",38640
26163523300,"Mexicantown - Southwest Detroit, Detroit, MI",38594
26163545900,"Warrendale, Detroit, MI",38480
26163583400,"Taylor, MI",38475
26163542800,"Grandmont #1, Detroit, MI",38342
26163579200,"River Rouge, MI",38315
26163520400,"Midtown, Detroit, MI",38313
26163570100,"Inkster, MI",38235
26163508000,"Chaldean Town, Highland Park, MI",38071
26163526000,"Detroit, MI",37986
26163577500,"Lincoln Park, MI",37951
26163587900,"Belleville, MI",37849
26163521500,"North Corktown, Detroit, MI",37793
26125173600,"Ferndale, MI",37769
26163568700,"Westland, MI",37753
26163543400,"Brightmoor, Detroit, MI",37653
26125162400,"Southfield, MI",37626
26163584600,"Taylor, MI",37623
26163526300,"Detroit, MI",37598
26163546100,"Warrendale, Detroit, MI",37577
26099264000,"Warren, MI",37512
26163542900,"Rosedale Park, Detroit, MI",37490
26163538200,"Sherwood Forest, Detroit, MI",37337
26163530500,"Russell Woods, Detroit, MI",37288
26163538300,"Detroit, MI",37225
26163530400,"Oakman Blvd., Detroit, MI",37188
26163538400,"University District, Detroit, MI",37091
26163518500,"Detroit, MI",37074
26163535600,"Aviation Sub., Detroit, MI",36891
26163584800,"Taylor, MI",36872
26163546300,"Detroit, MI",36771
26163545800,"Warrendale, Detroit, MI",36683
26163520800,"West Side Industrial, Detroit, MI",36673
26163573500,"Dearborn, MI",36531
26163583100,"Taylor, MI",36485
26163542500,"Grandmont - Rosedale, Detroit, MI",36463
26163577000,"Lincoln Park, MI",36430
26125162200,"Southfield, MI",36298
26163500800,"Detroit, MI",36239
26163544200,"Riverdale, Detroit, MI",36062
26163523400,"Mexicantown - Southwest Detroit, Detroit, MI",36047
26163513700,"Jefferson Chalmers, Detroit, MI",35998
26163544300,"The Eye, Detroit, MI",35899
26163532300,"Boston Edison, Detroit, MI",35844
26125173500,"Ferndale, MI",35844
26163506100,"Detroit, MI",35673
26163538800,"Detroit, MI",35571
26163516900,"Elmwood Park, Detroit, MI",35559
26163544100,"Eliza Howell, Detroit, MI",35555
26163564000,"Canton, MI",35533
26163577100,"Lincoln Park, MI",35438
26163552100,"Hamtramck, MI",35415
26163505500,"Detroit, MI",35392
26163585500,"Romulus, MI",35227
26163507000,"Krainz Woods, Detroit, MI",35199
26163540400,"Detroit, MI",35150
26163511400,"Arden Park, Detroit, MI",35144
26163500100,"Regent Park, Detroit, MI",35135
26163585700,"Romulus, MI",35125
26163534500,"Detroit, MI",35105
26163521900,"Woodbridge, Detroit, MI",34952
26163532600,"Detroit, MI",34925
26163541500,"Berg - Lahser, Detroit, MI",34786
26163568500,"Norwayne, Westland, MI",34781
26163516300,"Islandview, Detroit, MI",34776
26163524300,"Springwells Village, Detroit, MI",34753
26163500700,"Detroit, MI",34657
26163526200,"Detroit, MI",34611
26163585800,"Romulus, MI",34575
26163500200,"Regent Park, Detroit, MI",34569
26163515600,"Detroit, MI",34535
26163546500,"Franklin Park, Detroit, MI",34519
26163522300,"NW Goldberg, Detroit, MI",34416
26163543200,"Riverdale, Detroit, MI",34248
26163534300,"Detroit, MI",34142
26163501400,"East English Village, Detroit, MI",34130
26163538100,"Green Acres, Detroit, MI",34126
26125162300,"Southfield, MI",34049
26099263800,"Warren, MI",34002
26163527200,"Detroit, MI",33979
26163579500,"Ecorse, MI",33946
26163516100,"Detroit, MI",33880
26163539400,"Detroit, MI",33824
26163507900,"Highland Park, MI",33810
26163531800,"Dexter-Linwood, Detroit, MI",33787
26163535400,"Fiskhorn, Detroit, MI",33777
26163518400,"Poletown East, Detroit, MI",33646
26163539600,"Detroit, MI",33582
26163543500,"Detroit, MI",33582
26163500900,"Detroit, MI",33548
26163513300,"Jefferson Chalmers, Detroit, MI",33374
26163501000,"Detroit, MI",33314
26163541700,"Detroit, MI",33146
26163510500,"Hamtramck, MI",33104
26163530200,"Martin Park, Detroit, MI",33076
26163542300,"Grandmont - Rosedale, Detroit, MI",32955
26163524500,"Oakwood Heights, Detroit, MI",32943
26163542400,"Grandmont - Rosedale, Detroit, MI",32793
26163585600,"Romulus, MI",32744
26163503400,"Osborn, Detroit, MI",32726
26163540200,"Detroit, MI",32725
26163538900,"Detroit, MI",32679
26163540500,"Detroit, MI",32575
26163545500,"Detroit, MI",32473
26163566400,"Wayne, MI",32466
26163567000,"Westland, MI",32402
26163536200,"Detroit, MI",32391
26163514500,"Detroit, MI",32382
26163533400,"Petosky-Otsego, Detroit, MI",32301
26163517100,"Lafayette Park, Detroit, MI",32261
26163533200,"Detroit, MI",32259
26163507100,"Grixdale, Detroit, MI",32192
26125171600,"Oak Park, MI",32176
26163539500,"Detroit, MI",32172
26163534100,"Detroit, MI",32125
26163520700,"Downtown, Detroit, MI",32103
26163538700,"Detroit, MI",32089
26163531700,"Dexter-Linwood, Detroit, MI",32086
26163579800,"Ecorse, MI",32077
26163539100,"Eight Mile Wyoming, Detroit, MI",32071
26163504900,"Osborn, Detroit, MI",32002
26163501900,"Morningside, Detroit, MI",31983
26125171500,"Oak Park, MI",31801
26163531200,"Boston Edison, Detroit, MI",31796
26163540600,"Detroit, MI",31785
26163524800,"Boynton, Detroit, MI",31762
26163542100,"Detroit, MI",31608
26163517500,"Medical Center, Detroit, MI",31536
26163525500,"Detroit, MI",31468
26163531500,"Dexter-Linwood, Detroit, MI",31424
26163531600,"Oakman Blvd., Detroit, MI",31421
26163541000,"Detroit, MI",31408
26163552800,"Hamtramck, MI",31323
26163570400,"Inkster, MI",31315
26163503200,"Osborn, Detroit, MI",31292
26163518900,"Forest Park, Detroit, MI",31272
26163525400,"Detroit, MI",31256
26163516200,"Detroit, MI",31151
26163522400,"Detroit, MI",31096
26163546400,"Weatherby, Detroit, MI",31015
26163546800,"Franklin Park, Detroit, MI",30931
26163506800,"Detroit, MI",30921
26163540900,"Detroit, MI",30911
26163514300,"Detroit, MI",30825
26163504400,"Detroit, MI",30745
26163546600,"Franklin Park, Detroit, MI",30739
26163541200,"Detroit, MI",30672
26163539300,"Detroit, MI",30658
26163546700,"Franklin Park, Detroit, MI",30645
26163537600,"Detroit, MI",30622
26163553600,"Highland Park, MI",30529
26163538600,"Bagley, Detroit, MI",30519
26163570500,"Inkster, MI",30313
26163553400,"Highland Park, MI",30301
26163516800,"McDougall - Hunt, Detroit, MI",30236
26125172500,"Ferndale, MI",30200
26163541100,"Detroit, MI",30186
26163516400,"Islandview, Detroit, MI",30143
26163517300,"Brush Park, Detroit, MI",30137
26163506700,"Detroit, MI",30118
26163525600,"Detroit, MI",30113
26163538500,"Bagley, Detroit, MI",30110
26163532400,"Virginia Park, Detroit, MI",30064
26163500300,"Detroit, MI",30024
26163506500,"Krainz Woods, Detroit, MI",29989
26163540100,"Detroit, MI",29958
26163540700,"Detroit, MI",29891
26163540800,"Detroit, MI",29847
26163533500,"Detroit, MI",29816
26163535200,"Detroit, MI",29793
26163535500,"Fiskhorn, Detroit, MI",29783
26163535300,"Detroit, MI",29780
26163533900,"New Center, Detroit, MI",29772
26163505200,"LaSalle College Park, Detroit, MI",29762
26163514200,"Detroit, MI",29657
26163500500,"Detroit, MI",29625
26163543800,"Brightmoor, Detroit, MI",29619
26163533100,"Virginia Park, Detroit, MI",29594
26163537300,"Detroit, MI",29550
26163543900,"Brightmoor, Detroit, MI",29527
26163506200,"Detroit, MI",29501
26163533700,"Detroit, MI",29487
26163539200,"Detroit, MI",29477
26163511200,"North End, Detroit, MI",29456
26163503100,"Mohican Regent, Detroit, MI",29394
26163536800,"Detroit, MI",29377
26163500600,"Detroit, MI",29350
26163539000,"Eight Mile Wyoming, Detroit, MI",29343
26163537000,"Detroit, MI",29237
26163501300,"Morningside, Detroit, MI",29210
26163542200,"Grandmont - Rosedale, Detroit, MI",29151
26163542600,"Detroit, MI",29108
26163510400,"Hamtramck, MI",29054
26163507200,"Detroit, MI",29000
26163543700,"Brightmoor, Detroit, MI",28966
26163534600,"Detroit, MI",28906
26163516600,"Elmwood Park, Detroit, MI",28874
26163523100,"Mexicantown - Southwest Detroit, Detroit, MI",28861
26163536900,"Detroit, MI",28778
26163533600,"Detroit, MI",28749
26163515300,"Islandview, Detroit, MI",28726
26163524700,"Boynton, Detroit, MI",28703
26163534200,"Detroit, MI",28658
26163531900,"Dexter-Linwood, Detroit, MI",28539
26163553100,"Highland Park, MI",28508
26163507400,"Highland Park, MI",28449
26163504800,"Detroit, MI",28413
26163531400,"Dexter-Linwood, Detroit, MI",28403
26163546900,"Detroit, MI",28339
26163501100,"Detroit, MI",28247
26163533000,"LaSalle Gardens, Detroit, MI",28246
26163522100,"Core City, Detroit, MI",28196
26163570900,"Inkster, MI",28193
26163513600,"Detroit, MI",28178
26163522500,"Midtown, Detroit, MI",28013
26163512200,"Detroit, MI",28010
26163503600,"Osborn, Detroit, MI",27930
26163505400,"LaSalle College Park, Detroit, MI",27880
26163537700,"Detroit, MI",27821
26163542700,"Detroit, MI",27815
26163535000,"Barton - McFarland, Detroit, MI",27669
26163534700,"Barton - McFarland, Detroit, MI",27623
26163506300,"Detroit, MI",27609
26163545200,"Grandale, Detroit, MI",27558
26163504000,"Detroit, MI",27506
26163546000,"Warrendale, Detroit, MI",27433
26163503300,"Osborn, Detroit, MI",27412
26163545300,"Grandale, Detroit, MI",27274
26163503500,"Osborn, Detroit, MI",27205
26163516700,"Elmwood Park, Detroit, MI",27193
26163579300,"River Rouge, MI",27168
26163535700,"Barton - McFarland, Detroit, MI",27146
26163540300,"Detroit, MI",27114
26163507500,"Highland Park, MI",27112
26163506900,"Detroit, MI",26970
26163506400,"Hamtramck, MI",26944
26163512900,"Detroit, MI",26934
26163552400,"Hamtramck, MI",26896
26163532700,"Virginia Park, Detroit, MI",26836
26163537500,"Belmont, Detroit, MI",26830
26163532200,"Detroit, MI",26798
26163501200,"Detroit, MI",26747
26163511300,"Detroit, MI",26692
26163512100,"Chandler Park, Detroit, MI",26663
26163502000,"Morningside, Detroit, MI",26640
26163531100,"Detroit, MI",26550
26163506600,"Detroit, MI",26545
26163536100,"Fitzgerald, Detroit, MI",26496
26163536400,"Detroit, MI",26423
26163512600,"Detroit, MI",26387
26163505100,"Osborn, Detroit, MI",26317
26163537800,"Detroit, MI",26132
26163543600,"Brightmoor, Detroit, MI",26024
26163516000,"Detroit, MI",25982
26163511900,"North End, Detroit, MI",25976
26163530300,"Detroit, MI",25787
26163526500,"Detroit, MI",25739
26163515900,"Detroit, MI",25621
26163504200,"Detroit, MI",25596
26163507800,"Highland Park, MI",25493
26163553000,"Highland Park, MI",25449
26163508100,"Detroit, MI",25424
26163571000,"Inkster, MI",25348
26163505000,"Osborn, Detroit, MI",25261
26163514100,"Detroit, MI",25105
26163570600,"Inkster, MI",25101
26163537200,"Detroit, MI",25054
26163513200,"Jefferson Chalmers, Detroit, MI",25047
26163545100,"Grandale, Detroit, MI",24903
26163526400,"Detroit, MI",24671
26163533300,"Detroit, MI",24560
26163504300,"Detroit, MI",24287
26163500400,"Detroit, MI",24226
26163504700,"Detroit, MI",24225
26163536300,"Fitzgerald, Detroit, MI",23766
26163504100,"Detroit, MI",23683
26163515200,"Islandview, Detroit, MI",23642
26163553200,"Highland Park, MI",23428
26163534400,"Barton - McFarland, Detroit, MI",23100
26163510700,"Detroit, MI",23058
26163539700,"Detroit, MI",23027
26163527300,"Detroit, MI",22966
26163530800,"Petosky-Otsego, Detroit, MI",22854
26163579600,"Ecorse, MI",22839
26163531300,"Dexter-Linwood, Detroit, MI",22691
26163530900,"Petosky-Otsego, Detroit, MI",22510
26163503900,"Detroit, MI",22355
26163536700,"Detroit, MI",22097
26163507300,"Highland Park, MI",22015
26163553800,"Highland Park, MI",21990
26163536600,"Detroit, MI",21547
26163530100,"Detroit, MI",21229
26163518800,"Detroit, MI",21196
26163512400,"Detroit, MI",20934
26163511000,"Detroit, MI",20799
26163570800,"Inkster, MI",20557
26163517200,"Downtown, Detroit, MI",20381
26163521300,"Mexicantown - Southwest Detroit, Detroit, MI",20191
26163513900,"Detroit, MI",19951
26163535100,"Barton - McFarland, Detroit, MI",19932
26163537100,"Littlefield, Detroit, MI",19911
26163512300,"Detroit, MI",19470
26163545400,"Detroit, MI",18940
26163518600,"Detroit, MI",16902
26163553300,"Highland Park, MI",14148
26163522000,"Core City, Detroit, MI",12886
26163522200,"Detroit, MI",4631
26163985200,"Conner Creek Industrial, Detroit, MI",
26163521800,"Woodbridge, Detroit, MI",
26163985300,"West Side Industrial, Detroit, MI",
26163985400,"Romulus, MI",
26163985900,"Poletown East, Detroit, MI",
26099982200,"Warren, MI",
26163985100,"Milwaukee Junction, Detroit, MI",
26163985000,"Detroit, MI",