﻿"tract","Name","Household_Income_rP_gP_p75"
48201430400,"Memorial, Houston, TX",85387
48201430300,"Hunter Creek Village, Houston, TX",74785
48201411400,"River Oaks, Houston, TX",74375
48201450700,"Westside, Houston, TX",74159
48201412400,"Southwest Houston, Houston, TX",73469
48157674200,"Sweetwater, Sugar Land, TX",73078
48201430800,"Westside, Houston, TX",71925
48201250900,"Kingwood, Houston, TX",71446
48201420800,"Southwest Houston, Houston, TX",71208
48201542500,"Williamsburg Settlement, Katy, TX",70859
48157673901,"New Territory, Sugar Land, TX",70672
48201540901,"Hearthstone, Houston, TX",70414
48201430600,"The Villages, Houston, TX",70133
48201551800,"Jersey Village, TX",69721
48157674400,"Maranatha Farms, Sugar Land, TX",69683
48201340400,"Clear Lake, Houston, TX",69626
48157671700,"Sugar Creek, Sugar Land, TX",69626
48201454501,"Energy Corridor, Houston, TX",68444
48201412500,"Southwest Houston, Houston, TX",68378
48201340202,"Clear Lake, Houston, TX",68332
48157671601,"Sugar Land, TX",68064
48201454700,"Nottingham Country, Katy, TX",68030
48201454400,"George Bush Park/Eldridge, Houston, TX",67973
48201554101,"Memorial Northwest, Spring, TX",67843
48157671602,"Plantation Bend, Sugar Land, TX",67705
48201420900,"Southwest Houston, Bellaire, TX",67694
48201541601,"Houston, TX",67452
48201554301,"Lakewood Forest, Houston, TX",67427
48157674501,"Missouri City, TX",67098
48157673003,"Katy, TX",67025
48201413201,"Braeswood Place, Houston, TX",66969
48157672100,"Sugar Lakes, Sugar Land, TX",66927
48201251800,"Crosby, TX",66857
48157674100,"Settlers Park, Sugar Land, TX",66641
48201423500,"Southwest Houston, Houston, TX",66387
48201430700,"Memorial, Houston, TX",65991
48201340800,"Clear Lake, Houston, TX",65902
48201451001,"Westside, Houston, TX",65777
48201455300,"Katy, TX",65437
48201554002,"Champion Forest, Spring, TX",65260
48201431402,"Westside, Houston, TX",64923
48201340600,"Clear Lake, Houston, TX",64907
48201430900,"Westside, Houston, TX",64881
48039660400,"Pearland, TX",64796
48201454900,"Westgreen Park, Katy, TX",64748
48157673902,"Telfair, Sugar Land, TX",64486
48201450100,"Westside, Houston, TX",64423
48201450200,"Memorial, Houston, TX",64235
48201431302,"Westside, Houston, TX",64176
48157674000,"Woodstream, Sugar Land, TX",64174
48201240802,"Humble, TX",64157
48201340301,"Clear Lake, Houston, TX",64118
48201430500,"Westside, Houston, TX",64096
48157674300,"Heritage Colony, Missouri City, TX",63958
48201323701,"Pasadena, TX",63892
48201430100,"Memorial, Houston, TX",63794
48157673800,"New Territory, Sugar Land, TX",63788
48201522201,"Northwest Houston, Houston, TX",63698
48201342001,"Baywood Shadows, Pasadena, TX",63694
48201412300,"Southwest Houston, Houston, TX",63637
48167720200,"Friendswood, TX",63484
48201411600,"Southwest Houston, Houston, TX",63484
48201541201,"Copperfield Westcreek Village, Houston, TX",63453
48201431000,"Westside, Houston, TX",63424
48201421700,"Southwest Houston, Houston, TX",63339
48201553402,"Spring, TX",63255
48157673001,"Cinco Ranch North Lake Village, Katy, TX",63203
48201531200,"Northside, Houston, TX",63160
48201340203,"Brookwood, Houston, TX",63104
48201420200,"Southwest Houston, Houston, TX",62932
48201451601,"George Bush Park/Eldridge, Houston, TX",62899
48201553401,"Enchanted Oaks, Spring, TX",62896
48201522500,"Northwest Houston, Houston, TX",62887
48039660100,"Pearland, TX",62884
48201553802,"Spring, TX",62845
48201350100,"Southbelt/ Ellington, Houston, TX",62809
48201250800,"Kings River Village, Atascocita, TX",62736
48201454302,"Windgate, Houston, TX",62680
48201530900,"Northside, Houston, TX",62679
48201555702,"Fairfield Village West, Cypress, TX",62647
48201553801,"Spring Creek Oaks, Spring, TX",62496
48157673002,"Westside, Katy, TX",62438
48201342800,"Deer Park, TX",62436
48201554401,"Coles Crossing, Cypress, TX",62429
48201553700,"Wimbledon Estates & Racquet Club, Spring, TX",62420
48201541203,"Copperfield Southdown Village, Houston, TX",62408
48201412600,"Southwest Houston, Houston, TX",62354
48201554502,"Longwood Village, Cypress, TX",62341
48201422000,"Southwest Houston, Houston, TX",62309
48201552900,"Houston, TX",62193
48157675400,"Rosenberg, TX",62161
48201431202,"Westside, Houston, TX",62145
48201451200,"Briarforest, Houston, TX",62116
48157674700,"Riverpark West, Richmond, TX",62101
48201555701,"Fairfield Inwood Park, Cypress, TX",62012
48201421900,"Southwest Houston, Houston, TX",61983
48201552602,"Cypress Forest, Houston, TX",61928
48201552800,"Champions Park, Houston, TX",61926
48201333300,"Greater Hobby Area, Houston, TX",61887
48157671501,"Lakeside Meadow At Brightwater, Missouri City, TX",61873
48201233701,"Northeast Houston, Galena Park, TX",61785
48201552002,"Crossroads Park, Houston, TX",61756
48201413000,"Southwest Houston, Houston, TX",61748
48201341400,"Seabrook, TX",61728
48201541100,"Copperfield Middlegate Village, Houston, TX",61683
48201454600,"Nottingham Country, Katy, TX",61680
48201423201,"Greater Fondren Southwest, Houston, TX",61654
48201522000,"Northwest Houston, Houston, TX",61647
48201534203,"Houston, TX",61548
48157673500,"The Grove, Richmond, TX",61459
48201451100,"Briarforest, Houston, TX",61394
48201333901,"Southbelt/ Ellington, Houston, TX",61365
48201431700,"Southwest Houston, Houston, TX",61329
48201413100,"Braeswood Place, Houston, TX",61297
48201340302,"Clear Lake, Houston, TX",61296
48201251000,"Kingwood, Houston, TX",61278
48201321800,"Meadowbrook/ Allendale, Houston, TX",61266
48201422402,"Greater Fondren Southwest, Houston, TX",61262
48201432100,"Westside, Houston, TX",61247
48201540902,"Easton Commons, Houston, TX",61231
48167721400,"South Shore Harbour, League City, TX",61225
48201552301,"Ravensway Lake, Cypress, TX",61202
48201314400,"Astrodome, Houston, TX",61195
48201430200,"Memorial, Houston, TX",61193
48157673600,"Richmond, TX",61167
48201431501,"Westside, Houston, TX",61159
48201420700,"Southwest Houston, Houston, TX",61145
48201411200,"River Oaks, Houston, TX",61091
48201455200,"West Memorial, Katy, TX",61086
48201421800,"Southwest Houston, Houston, TX",61081
48201220300,"North Houston, Houston, TX",61065
48201552302,"Cypress, TX",61064
48201411900,"South Central Houston, Houston, TX",61056
48201314001,"Astrodome, Houston, TX",61023
48201554102,"Spring, TX",60990
48201432802,"Southwest Houston, Houston, TX",60974
48157671001,"Quail Valley, Missouri City, TX",60937
48201411800,"Greenway/Upper Kirby, Houston, TX",60901
48201553001,"Oak Creek Village, Houston, TX",60889
48201452300,"Southwest Houston, Houston, TX",60874
48201451902,"George Bush Park/Eldridge, Houston, TX",60865
48201252700,"Crosby, TX",60849
48201453501,"Alief, Houston, TX",60726
48201311100,"Greater East End, Houston, TX",60651
48201253200,"Baytown, TX",60602
48473680100,"Katy, TX",60573
48201553500,"Cypresswood, Spring, TX",60565
48201450500,"Westside, Houston, TX",60563
48201532002,"North Houston, Houston, TX",60559
48201454502,"Energy Corridor, Katy, TX",60524
48201253900,"Baytown, TX",60461
48201555600,"Tomball, TX",60445
48157672500,"Kingsbridge Court, Houston, TX",60415
48201250402,"Atasca Woods, Atascocita, TX",60363
48201552001,"Steeplechase, Houston, TX",60312
48201412700,"Southwest Houston, Bellaire, TX",60275
48157674602,"Sugar Land, TX",60241
48167720100,"Friendswood, TX",60237
48473680200,"Pattison, TX",60231
48157672302,"Ragus Lake Estates, Sugar Land, TX",60229
48157671502,"Oyster Creek Plantation, Missouri City, TX",60104
48201553900,"Memorial Northwest, Spring, TX",60062
48201324000,"Pasadena, TX",60057
48201554700,"Lakewood Grove, Tomball, TX",60047
48157673400,"Lakes Of Mission Grove, Richmond, TX",60007
48201455000,"Katy, TX",59937
48201421403,"Southwest Houston, Houston, TX",59913
48201543002,"Cypress, TX",59902
48167720301,"Friendswood, TX",59889
48201551200,"Greenwood Forest, Houston, TX",59880
48039660300,"Pearland, TX",59870
48201342500,"Erin Glen, Deer Park, TX",59843
48201542800,"Village Green West, Katy, TX",59835
48071710100,"Mont Belvieu, TX",59829
48071710200,"Baytown, TX",59791
48157671900,"Meadows, Meadows Place, TX",59772
48201422600,"Southwest Houston, Houston, TX",59760
48039660802,"Pearland, TX",59752
48201340201,"Clear Lake, Houston, TX",59735
48157674800,"Lamar Estates, Rosenberg, TX",59728
48201454800,"Memorial Parkway, Katy, TX",59692
48201323702,"Parkgate, Pasadena, TX",59680
48201431502,"Westside, Houston, TX",59602
48201253300,"Baytown, TX",59593
48201420300,"Southwest Houston, Houston, TX",59573
48201553600,"Terranova, Spring, TX",59573
48157674601,"Greatwood Shores, Sugar Land, TX",59570
48201254400,"Middletown, Baytown, TX",59525
48201510500,"Greater Heights, Houston, TX",59519
48201451300,"Briarforest, Houston, TX",59483
48201551702,"Willowbridge, Houston, TX",59459
48201310100,"Greater East End, Houston, TX",59417
48157672701,"Sugar Land, TX",59403
48201340700,"Clear Lake, Houston, TX",59401
48157672200,"Sugar Land, TX",59373
48201554302,"Cypress, TX",59362
48201431101,"Westside, Houston, TX",59327
48201350601,"Heritage Park, Friendswood, TX",59258
48201522402,"Northwest Houston, Houston, TX",59251
48201420400,"Southwest Houston, Houston, TX",59240
48201522302,"Northwest Houston, Houston, TX",59239
48157675200,"Cambridge Village, Rosenberg, TX",59144
48201252400,"Old River Terrace, Channelview, TX",59094
48201251902,"Newport, Crosby, TX",59084
48339692002,"Spring, TX",58924
48201554802,"Gleannloch Farms, Spring, TX",58855
48201450802,"Briarforest, Houston, TX",58799
48201432001,"Westside, Houston, TX",58793
48201222800,"Aldine Gardens, Houston, TX",58773
48201342400,"Bowling Green, Pasadena, TX",58768
48201552102,"Tower Oaks Meadows, Houston, TX",58757
48201433300,"Westside, Houston, TX",58754
48201342700,"Deer Park, TX",58726
48201233300,"Northeast Houston, Houston, TX",58712
48201350300,"Southbelt/ Ellington, Houston, TX",58671
48201551300,"Cutten Green, Houston, TX",58628
48201251100,"Kingwood, Humble, TX",58492
48201450600,"Energy Corridor, Houston, TX",58485
48201454000,"Mission Bend San Gabriel, Houston, TX",58472
48201552700,"Houston, TX",58471
48201342100,"Pasadena, TX",58455
48201554402,"Cypress Point Lake Estates, Cypress, TX",58445
48201552103,"Bonaire, Houston, TX",58438
48201541202,"Copperfield Southcreek Village, Houston, TX",58395
48201554001,"Spring, TX",58386
48201455101,"Cimarron, Katy, TX",58363
48157675100,"Villages Of Town Center, Rosenberg, TX",58343
48201554801,"Tomball, TX",58275
48201551400,"Independence Grove, Houston, TX",58260
48201323802,"Pasadena, TX",58256
48201342002,"Fairmont Estates, Pasadena, TX",58154
48201432702,"Westside, Houston, TX",58149
48201433202,"Southwest Houston, Houston, TX",58099
48201511002,"Lazybrook/ Timbergrove, Houston, TX",58082
48201540502,"Bear Creek Village, Houston, TX",58080
48201555502,"Tomball, TX",58076
48039660900,"Pearland, TX",58026
48201411700,"Greenway/Upper Kirby, Houston, TX",58016
48201450801,"Westside, Houston, TX",58003
48201431600,"Westside, Houston, TX",57999
48201320602,"Meadowbrook/ Allendale, Houston, TX",57955
48201350602,"Heritage Park, Friendswood, TX",57910
48157673101,"Marshall Oaks, Katy, TX",57875
48201534202,"Woodwind Lakes, Houston, TX",57807
48201521900,"Northwest Houston, Houston, TX",57801
48157672301,"Townewest, Sugar Land, TX",57761
48201252100,"K-lake Terrace, Houston, TX",57726
48201342900,"Deer Park, TX",57672
48201542600,"Lakecrest, Katy, TX",57646
48201451500,"Westside, Houston, TX",57639
48201412800,"Southwest Houston, Bellaire, TX",57594
48201412200,"South Central Houston, Houston, TX",57509
48201450300,"Memorial, Houston, TX",57497
48201511301,"Greater Heights, Houston, TX",57471
48157672400,"Sugar Land, TX",57467
48201455102,"Katy, TX",57456
48201252800,"St Charles Place, Crosby, TX",57392
48201451602,"George Bush Park/Eldridge, Houston, TX",57386
48201422800,"Westside, Houston, TX",57383
48157671300,"Dove Country, Stafford, TX",57356
48201541002,"Stone Gate, Houston, TX",57342
48201241300,"Spring Lakes, Spring, TX",57326
48201553002,"Northgate Country Club Nine, Houston, TX",57239
48201323500,"Alta Vista Acres, Pasadena, TX",57228
48201531500,"Northside, Houston, TX",57202
48157673200,"Brookshire, TX",57194
48039660500,"Pearland, TX",57179
48201551701,"Houston, TX",57165
48201411100,"River Oaks, Houston, TX",57114
48201540700,"Concord Bridge, Houston, TX",57088
48201554501,"Cypress, TX",57050
48201421000,"Southwest Houston, Bellaire, TX",57013
48201250702,"Kingwood Glen, Humble, TX",57002
48201254500,"Baytown, TX",56951
48201431801,"Southwest Houston, Houston, TX",56928
48201541900,"Barker Ridge, Houston, TX",56921
48201553100,"Ponderosa Forest, Houston, TX",56913
48201454100,"Houston, TX",56910
48201553200,"Houston, TX",56902
48201510800,"Washington Ave./ Memorial Park, Houston, TX",56839
48201252000,"Summerwood, Houston, TX",56827
48157673102,"Katy, TX",56768
48201254200,"Goose Creek, Baytown, TX",56751
48201554600,"Lakewood Forest, Tomball, TX",56656
48201510400,"Greater Heights, Houston, TX",56649
48201321700,"Meadowbrook/ Allendale, Houston, TX",56600
48201421600,"Gulfton, Houston, TX",56589
48157673300,"Fulshear, TX",56508
48201554403,"Villages Of Cypress Lakes, Cypress, TX",56451
48201541500,"Windsong, Houston, TX",56445
48201251901,"Crosby, TX",56421
48201541700,"Addicks, Houston, TX",56405
48201511302,"Northside, Houston, TX",56328
48201542000,"Silvermill, Katy, TX",56321
48201531400,"Northside, Houston, TX",56315
48201531300,"North Houston, Houston, TX",56257
48157675300,"Rosenberg, TX",56206
48201521800,"Northwest Houston, Houston, TX",56201
48201233001,"Northeast Houston, Houston, TX",56159
48201323801,"Pasadena, TX",56131
48201433201,"Southwest Houston, Houston, TX",56126
48201321600,"Wedgewood, Pasadena, TX",56115
48157672601,"Mission Bend South, Houston, TX",56082
48201551703,"Houston, TX",56047
48201412900,"Southwest Houston, Houston, TX",55997
48201254000,"Plumwood, Baytown, TX",55923
48201323600,"Parkview South, Pasadena, TX",55903
48201250600,"Humble, TX",55897
48201453401,"Alief, Houston, TX",55874
48201221800,"Westfield Manor, Houston, TX",55850
48201321500,"Mount Vernon, South Houston, TX",55802
48201410600,"Central Business District, Houston, TX",55793
48201240400,"Houston, TX",55784
48201431201,"Westside, Houston, TX",55779
48201450900,"Westside, Houston, TX",55764
48473680300,"Prairie View, TX",55749
48201452100,"Westside, Houston, TX",55739
48201323200,"Oak Cliff, Pasadena, TX",55734
48201341202,"Houston, TX",55727
48201350700,"Wedgewood Village, Friendswood, TX",55718
48201410401,"Hyde Park, Houston, TX",55713
48201432200,"Westside, Houston, TX",55692
48157670901,"Lake Shore Harbour, Missouri City, TX",55663
48201350400,"Southbelt/ Ellington, Houston, TX",55611
48201532400,"Northside, Houston, TX",55586
48201521000,"Northwest Houston, Houston, TX",55577
48201342300,"South Pasadena Plaza, Deer Park, TX",55573
48201310800,"Greater East End, Houston, TX",55521
48201311800,"Gulfgate/ Pine Valley, Houston, TX",55495
48201451401,"Westside, Houston, TX",55489
48201551100,"Briarchase, Houston, TX",55486
48039660602,"Pearland, TX",55484
48157672702,"Pheasant Creek, Sugar Land, TX",55479
48201541001,"Copper Grove, Houston, TX",55400
48201340500,"Clear Lake, Houston, TX",55384
48201253700,"Baytown, TX",55317
48201251700,"Huffman, TX",55305
48201411502,"Greenway/Upper Kirby, Houston, TX",55286
48201452600,"Eldridge View, Houston, TX",55253
48201233400,"Northeast Houston, Houston, TX",55247
48201332800,"Golfcrest, Houston, TX",55237
48201241103,"Timber Lane, Spring, TX",55208
48201450400,"Memorial, Houston, TX",55202
48201221300,"North Houston, Houston, TX",55200
48201411501,"Greenway/Upper Kirby, Houston, TX",55133
48201252200,"Houston Farms, Houston, TX",55119
48201452000,"George Bush Park/Eldridge, Houston, TX",55093
48201411000,"Southwest Houston, Houston, TX",55088
48201433400,"Westside, Houston, TX",55065
48039660801,"Pearland, TX",55062
48201542700,"Katy, TX",55042
48201454301,"Oak Park Ridge, Houston, TX",54993
48167721201,"South Shore Harbour, League City, TX",54941
48157672001,"Barrington Place, Sugar Land, TX",54903
48201240801,"North Park Forest, Houston, TX",54875
48201422500,"Southwest Houston, Houston, TX",54845
48291701100,"Dayton, TX",54812
48201311300,"Greater East End, Houston, TX",54806
48201343200,"La Porte, TX",54802
48201552200,"Cypress Chase, Cypress, TX",54774
48201321000,"Edgebrook, Houston, TX",54767
48201253800,"Baytown, TX",54739
48201423302,"Greater Fondren Southwest, Houston, TX",54697
48201451402,"George Bush Park/Eldridge, Houston, TX",54676
48201552500,"Marwood Estates, Houston, TX",54664
48201452801,"Alief, Houston, TX",54639
48201554200,"Charterwood, Houston, TX",54632
48201542900,"Katy, TX",54608
48201253600,"Baytown, TX",54554
48039660702,"Manvel, TX",54554
48201540100,"Lakes On Eldridge North, Houston, TX",54527
48201412000,"South Central Houston, Houston, TX",54479
48201451901,"George Bush Park/Eldridge, Houston, TX",54443
48201341502,"Seabrook, TX",54386
48201533902,"Northwest Park, Houston, TX",54289
48157672800,"Orchard Lake Estates, Sugar Land, TX",54243
48201241102,"Birnam Wood, Spring, TX",54228
48201431900,"Southwest Houston, Houston, TX",54216
48339692400,"Montgomery County, TX",54210
48157674604,"Richmond, TX",54161
48201532100,"North Houston, Houston, TX",54152
48201310500,"Greater East End, Houston, TX",54127
48201543100,"Hockley, TX",54124
48201454200,"Houston, TX",54105
48201350500,"Southbelt/ Ellington, Houston, TX",54102
48201522401,"Spring Branch West, Houston, TX",54084
48201253500,"Lantern Park, Baytown, TX",54071
48039660200,"Friendswood, TX",54068
48201980100,"Humble, TX",54058
48167721300,"League City, TX",54023
48201453403,"Westside, Houston, TX",54014
48201510600,"Washington Ave./ Memorial Park, Houston, TX",54000
48201530200,"Northside, Houston, TX",53984
48157671400,"Colony Lake Estates, Stafford, TX",53972
48201432902,"Sharpstown, Houston, TX",53964
48157671002,"Quail Valley, Missouri City, TX",53944
48201421500,"Southwest Houston, Houston, TX",53900
48201350200,"Southbelt/ Ellington, Houston, TX",53890
48039660701,"Pearland, TX",53875
48201250701,"Atascocita, TX",53831
48201533500,"Hidden Valley, Houston, TX",53829
48201252900,"Highlands, TX",53826
48167721600,"Kemah, TX",53810
48201541300,"Stone Creek, Houston, TX",53730
48201333000,"Golfcrest, Houston, TX",53694
48201543200,"Houston, TX",53690
48201222300,"Houston, TX",53672
48201413300,"Southwest Houston, Houston, TX",53642
48157672602,"Mission Glen Estates, Houston, TX",53614
48201322700,"Berkshire Village, Pasadena, TX",53586
48201343301,"La Porte, TX",53570
48201421401,"Gulfton, Houston, TX",53567
48201542400,"Westgrenn, Katy, TX",53566
48201323000,"Satsuma Gardens, Pasadena, TX",53523
48201423301,"Southwest Houston, Houston, TX",53511
48201532700,"Inwood Club Estates, Houston, TX",53488
48201532502,"Greater Inwood, Houston, TX",53474
48201322600,"Birnham Woods, Pasadena, TX",53471
48201250401,"Atasca Woods, Humble, TX",53404
48201343100,"Fairmont Park West, La Porte, TX",53339
48201341201,"Webster, TX",53339
48201453000,"Southwest Houston, Houston, TX",53327
48201453402,"Alief, Houston, TX",53290
48201440100,"Southwest Houston, Houston, TX",53232
48201420100,"Southwest Houston, Houston, TX",53226
48167721500,"Kemah, TX",53223
48201341301,"Clear Lake, Houston, TX",53214
48201551600,"Harvest Bend, Houston, TX",53183
48201541800,"Houston, TX",53151
48201543003,"Yaupon Ranch, Cypress, TX",53039
48201100000,"Central Business District, Houston, TX",53006
48201221400,"North Houston, Houston, TX",52995
48201333600,"Southeast Houston, Houston, TX",52989
48201520300,"Northwest Houston, Houston, TX",52987
48201431401,"Westside, Houston, TX",52976
48201410200,"Montrose, Houston, TX",52960
48201453502,"Westside, Houston, TX",52937
48201320800,"South Houston, TX",52891
48201531700,"North Houston, Houston, TX",52873
48201410100,"Fourth Ward, Houston, TX",52873
48201540601,"Georgetown Colony, Houston, TX",52872
48201511600,"Greater Heights, Houston, TX",52870
48201341501,"El Lago, TX",52864
48201542102,"Katy, TX",52848
48201453800,"Southwest Houston, Houston, TX",52824
48201451403,"Westside, Houston, TX",52808
48201552400,"Tower Oaks, Houston, TX",52782
48201222503,"Northside, Houston, TX",52713
48201540602,"Yorktown Colony, Houston, TX",52700
48201233103,"Northeast Houston, Houston, TX",52690
48201413202,"Braeswood Place, Houston, TX",52669
48201521700,"Fairbanks/ Northwest Crossing, Houston, TX",52625
48201510900,"Lazybrook/ Timbergrove, Houston, TX",52622
48201321300,"Edgebrook, Houston, TX",52619
48201333700,"Greater Hobby Area, Houston, TX",52532
48201522100,"Northwest Houston, Houston, TX",52511
48201452202,"Westchase, Houston, TX",52497
48201254300,"Baytown, TX",52468
48201324100,"Pasadena, TX",52445
48201320900,"Edgebrook, Houston, TX",52443
48201341700,"Harris County, TX",52438
48201341800,"Shady River, La Porte, TX",52435
48201531000,"North Houston, Houston, TX",52423
48201541602,"Glencairn, Houston, TX",52392
48201311500,"Greater East End, Houston, TX",52362
48201542101,"Katy, TX",52336
48201521100,"Northwest Houston, Houston, TX",52309
48201220200,"Northside, Houston, TX",52304
48201534003,"Blue Creek, Houston, TX",52289
48201532501,"Woodland Trails West, Houston, TX",52285
48201241000,"Greengate Place, Spring, TX",52273
48201332900,"Golfcrest, Houston, TX",52272
48201520200,"Northwest Houston, Houston, TX",52175
48039660601,"Pearland, TX",52123
48201341000,"Clear Lake, Webster, TX",52120
48201341100,"Webster, TX",52118
48201542301,"Katy, TX",52103
48201541003,"Houston, TX",52101
48201323300,"South Pasadena Villas, Pasadena, TX",52058
48201220500,"North Houston, Houston, TX",52041
48201543001,"Cypress, TX",52008
48201534201,"Wagon Wheel Estates, Houston, TX",52005
48201452400,"Alief, Houston, TX",51974
48201232200,"Fall Creek, Humble, TX",51919
48201250302,"Humble, TX",51865
48201342200,"Bramley, Pasadena, TX",51842
48201311900,"Southeast Houston, Houston, TX",51840
48201321900,"Pasadena, TX",51815
48201520700,"Northwest Houston, Houston, TX",51719
48201350802,"Friendswood, TX",51717
48201451800,"Westside, Houston, TX",51716
48201550302,"North Forest, Houston, TX",51708
48201221500,"Northside, Houston, TX",51675
48201233500,"Northeast Houston, Houston, TX",51668
48201233702,"Northeast Houston, Galena Park, TX",51636
48201254700,"Baytown, TX",51636
48201310300,"South Central Houston, Houston, TX",51612
48201311200,"Greater East End, Houston, TX",51600
48201334003,"Southbelt/ Ellington, Houston, TX",51595
48157672002,"Southmeadow, Stafford, TX",51544
48201240902,"Kenswick, Humble, TX",51531
48201452700,"Pheasant Trace Village, Houston, TX",51458
48201252301,"Sterling Green South, Channelview, TX",51411
48157674603,"Tara, Richmond, TX",51402
48201220900,"Northeast Houston, Houston, TX",51380
48201210400,"Northside, Houston, TX",51359
48201323900,"Golden Acres, Pasadena, TX",51348
48157671800,"Stafford, TX",51265
48201452900,"Alief, Houston, TX",51255
48201221600,"Northline Terrace, Houston, TX",51214
48201511400,"Greater Heights, Houston, TX",51212
48201321402,"South Houston, TX",51187
48201531600,"Northside, Houston, TX",51109
48201241200,"Timber Lane, Spring, TX",51071
48201433600,"Southwest Houston, Houston, TX",51020
48201410300,"Montrose, Houston, TX",51004
48201233101,"Northeast Houston, Houston, TX",51003
48201311700,"Southeast Houston, Houston, TX",50997
48201422702,"Southwest Houston, Houston, TX",50982
48201411300,"Southwest Houston, Houston, TX",50978
48201343600,"Bay Front To La Porte, La Porte, TX",50971
48201421101,"Southwest Houston, Houston, TX",50969
48201410500,"Montrose, Houston, TX",50968
48201250500,"Atascocita Timbers, Humble, TX",50966
48201556000,"Hockley, TX",50961
48201522202,"Northwest Houston, Houston, TX",50937
48201310400,"South Central Houston, Houston, TX",50929
48201240901,"Foxwood, Humble, TX",50854
48157672900,"Grand Mission, Richmond, TX",50758
48157675800,"East Bernard, TX",50726
48201240701,"North View, Houston, TX",50726
48201453900,"Houston, TX",50719
48201211500,"Northeast Houston, Houston, TX",50675
48157675500,"Rosenberg, TX",50672
48201254100,"Baytown, TX",50636
48201422100,"Southwest Houston, Houston, TX",50603
48201510100,"Washington Ave./ Memorial Park, Houston, TX",50553
48201521300,"Northwest Houston, Houston, TX",50529
48201521500,"Kempwood, Houston, TX",50461
48201552101,"Wortham Grove, Houston, TX",50387
48201343000,"La Porte, TX",50312
48201252600,"Old River Acres, Channelview, TX",50296
48201532600,"Inwood North, Houston, TX",50274
48201222000,"Eastex/ Jensen, Houston, TX",50273
48201212400,"Northeast Houston, Houston, TX",50140
48201233003,"Northeast Houston, Houston, TX",50116
48201232900,"Woodforest, Houston, TX",50077
48201320100,"Park Place, Houston, TX",50055
48201423401,"Greater Fondren Southwest, Houston, TX",50052
48201220700,"Eastex/ Jensen, Houston, TX",50007
48201253100,"Baytown, TX",50002
48201510700,"Washington Ave./ Memorial Park, Houston, TX",49962
48201343302,"La Porte, TX",49904
48201220400,"North Houston, Houston, TX",49896
48201540800,"Chimney Hill, Houston, TX",49886
48201550401,"Houston, TX",49881
48201221700,"Roos Acres, Houston, TX",49848
48201541400,"Glencairn, Houston, TX",49829
48201310900,"Greater East End, Houston, TX",49815
48201254600,"Britton Cravens, Baytown, TX",49805
48201410900,"Montrose, Houston, TX",49788
48201532200,"Northside, Houston, TX",49782
48201233002,"Northeast Houston, Houston, TX",49755
48201423600,"Southwest Houston, Houston, TX",49754
48201253000,"Country Terrace, Highlands, TX",49739
48201420500,"Southwest Houston, Houston, TX",49691
48201252302,"Sterling Green, Channelview, TX",49627
48201341302,"Clear Lake, Houston, TX",49624
48201540200,"Northwest Houston, Houston, TX",49622
48201312000,"South Central Houston, Houston, TX",49559
48201520500,"Northwest Houston, Houston, TX",49557
48201320200,"Park Place, Houston, TX",49507
48201420600,"Southwest Houston, Houston, TX",49500
48201533100,"Northside, Houston, TX",49490
48201340900,"Clear Lake, Webster, TX",49466
48201240100,"Greater Greenspoint, Houston, TX",49419
48201534100,"Houston, TX",49413
48201222501,"Northside, Houston, TX",49398
48201550900,"Kleinbrook, Houston, TX",49386
48201423000,"Braeburn, Houston, TX",49375
48201313100,"Museum District, Houston, TX",49281
48201220600,"Northside, Houston, TX",49245
48201511001,"Lazybrook/ Timbergrove, Houston, TX",49203
48201532800,"Northside, Houston, TX",49201
48201511500,"Northside, Houston, TX",49199
48201232401,"Houston, TX",49188
48201310600,"Greater East End, Houston, TX",49114
48201233703,"Northeast Houston, Houston, TX",49102
48201221100,"Eastex/ Jensen, Houston, TX",49097
48201410402,"Montrose, Houston, TX",49035
48201551500,"Meadow Vista, Houston, TX",48992
48201322800,"Red Bluff Terrace, Pasadena, TX",48957
48201321401,"South Houston, TX",48918
48201510300,"Northside, Houston, TX",48885
48201421300,"Sharpstown, Houston, TX",48744
48201232800,"Riviera East, Houston, TX",48681
48201421402,"Gulfton, Houston, TX",48667
48201422900,"Braeburn, Houston, TX",48594
48157671200,"Parkway Trails, Missouri City, TX",48590
48201533801,"Houston, TX",48560
48201453700,"Southwest Houston, Houston, TX",48558
48201540501,"Timber Creek Place, Houston, TX",48514
48201232403,"Houston, TX",48453
48201250301,"Humble, TX",48388
48201453601,"Alief, Houston, TX",48379
48201423402,"Greater Fondren Southwest, Houston, TX",48370
48201222401,"Northfield Place, Houston, TX",48322
48201522301,"Northwest Houston, Houston, TX",48302
48201231100,"Northeast Houston, Houston, TX",48266
48291701000,"Dayton, TX",48208
48201534002,"Willowood, Houston, TX",48162
48201221200,"Northside, Houston, TX",48136
48201311000,"Greater East End, Houston, TX",48110
48201313200,"Southeast Houston, Houston, TX",47972
48201531100,"North Houston, Houston, TX",47942
48201241500,"Humble, TX",47926
48201520100,"Westview, Houston, TX",47917
48201221900,"Oakwilde, Houston, TX",47912
48201510200,"Montrose, Houston, TX",47909
48201532001,"Greater Inwood, Houston, TX",47802
48201432500,"Westside, Houston, TX",47795
48201520601,"Northwest Houston, Houston, TX",47794
48201320500,"Meadowbrook/ Allendale, Houston, TX",47696
48201532900,"Inwood North, Houston, TX",47677
48201542302,"Katy, TX",47635
48157674900,"Richmond, TX",47617
48201551900,"Trails At Steeplechase Apts 3, Houston, TX",47570
48201432600,"Westside, Houston, TX",47569
48291700900,"Dayton, TX",47538
48201521600,"Carverdale, Houston, TX",47536
48201423202,"Greater Fondren Southwest, Houston, TX",47505
48201350801,"Forest Bend, Friendswood, TX",47470
48201341600,"Seabrook, TX",47459
48201521400,"Kempwood, Houston, TX",47448
48201432901,"Sharpstown, Houston, TX",47439
48201422701,"Southwest Houston, Houston, TX",47361
48201222200,"Orange Grove Britton, Houston, TX",47314
48201232402,"Pine Trails, Houston, TX",47312
48201422302,"Southwest Houston, Houston, TX",47278
48201451700,"Westside, Houston, TX",47256
48157671100,"Stafford, TX",47153
48201422301,"Greater Fondren Southwest, Houston, TX",47106
48201322100,"Pasadena Highlands, Pasadena, TX",47076
48201233200,"Northeast Houston, Houston, TX",47068
48201250100,"Humble, TX",47060
48157670102,"Fort Bend Houston, Houston, TX",47052
48201232500,"El Dorado/ Oates Prarie, Houston, TX",46995
48201333902,"Southbelt/ Ellington, Houston, TX",46978
48201553300,"Cypress Station, Houston, TX",46954
48201312500,"Midtown, Houston, TX",46902
48201233102,"Northeast Houston, Houston, TX",46886
48201223002,"High Meadows, Houston, TX",46840
48201232600,"Northeast Houston, Houston, TX",46800
48201533802,"Houston, TX",46752
48201320700,"Meadowbrook/ Allendale, Houston, TX",46741
48201333202,"Greater Hobby Area, Houston, TX",46737
48201550601,"Rushwood, Houston, TX",46733
48201222600,"Northside, Houston, TX",46718
48201511200,"Northside, Houston, TX",46649
48339692300,"Porter, TX",46597
48201431102,"Westside, Houston, TX",46574
48201323400,"Pasadena, TX",46567
48201330303,"Fondren Gardens, Houston, TX",46537
48201534001,"Houston, TX",46441
48201343700,"La Porte, TX",46406
48201550700,"Houston, TX",46304
48201210500,"Near Northside, Houston, TX",46294
48201314002,"Southwest Houston, Houston, TX",46284
48201252500,"Dezavalla Acres, Channelview, TX",46276
48201532300,"Fairbanks/ Northwest Crossing, Houston, TX",46262
48201313000,"MacGregor, Houston, TX",46194
48201453602,"Alief, Houston, TX",46184
48201431802,"Southwest Houston, Houston, TX",46181
48201232301,"Houston, TX",46169
48201410702,"Montrose, Houston, TX",46138
48201542200,"Katy, TX",46035
48201550500,"Houston, TX",45981
48201210600,"Northside, Houston, TX",45980
48201313900,"Astrodome, Houston, TX",45928
48201452500,"Southwest Houston, Houston, TX",45846
48201530100,"Northwest Houston, Houston, TX",45843
48201433003,"Chinatown, Houston, TX",45663
48201210900,"Northside, Houston, TX",45660
48201451002,"Westside, Houston, TX",45581
48201533901,"Northwest Park, Houston, TX",45503
48201334002,"Southbelt/ Ellington, Houston, TX",45235
48201552601,"Willowbrook, Houston, TX",45220
48201240702,"Houston, TX",45197
48201533200,"Greater Inwood, Houston, TX",45188
48201333100,"Southeast Houston, Houston, TX",45184
48157670700,"Houston, TX",45083
48201323100,"Satsuma Gardens, Pasadena, TX",45059
48201253400,"Wooster Terrace, Baytown, TX",44972
48201334001,"Southbelt/ Ellington, Houston, TX",44967
48201222502,"Swea Gardens, Houston, TX",44962
48201452802,"Westside, Houston, TX",44886
48201330700,"Central Southwest, Houston, TX",44849
48201321100,"Southbelt/ Ellington, Houston, TX",44836
48201533702,"Fallbrook, Houston, TX",44827
48201530700,"Northside, Houston, TX",44819
48201431301,"Westside, Houston, TX",44786
48201211900,"Northeast Houston, Houston, TX",44707
48201212300,"Near Northside, Houston, TX",44703
48201222402,"Oak Glen Place, Houston, TX",44649
48201410800,"Montrose, Houston, TX",44574
48201521200,"Northwest Houston, Houston, TX",44483
48201221000,"Eastex/ Jensen, Houston, TX",44467
48201332700,"Golfcrest, Houston, TX",44459
48201222700,"Houston, TX",44439
48201222100,"Greenwood Village, Houston, TX",44316
48201311600,"Greater East End, Houston, TX",44281
48201322200,"Park Brothers, Pasadena, TX",44265
48201533701,"Houston, TX",44249
48201520602,"Northwest Houston, Houston, TX",44056
48201232701,"Northeast Houston, Houston, TX",43890
48201311400,"Greater East End, Houston, TX",43874
48201340100,"Southbelt/ Ellington, Houston, TX",43835
48201432801,"Sharpstown, Houston, TX",43829
48201530600,"Independence Heights, Houston, TX",43735
48201220800,"Northeast Houston, Houston, TX",43643
48201453200,"Alief, Houston, TX",43465
48201334100,"Southwest Houston, Houston, TX",43321
48201320601,"Meadowbrook/ Allendale, Houston, TX",43209
48201453100,"Southwest Houston, Houston, TX",43169
48201230500,"Eastex/ Jensen, Houston, TX",43000
48201232302,"Stonefield Terrace, Houston, TX",42993
48201432002,"Westside, Houston, TX",42966
48201333201,"Southeast Houston, Houston, TX",42879
48201312600,"Museum District, Houston, TX",42868
48201322000,"Pasadena, TX",42848
48201511100,"Northside, Houston, TX",42718
48201550603,"Camden Park, Houston, TX",42681
48201550402,"Laurel Oaks, Houston, TX",42642
48201250200,"Humble, TX",42635
48201410701,"Montrose, Houston, TX",42591
48201453300,"Alief, Houston, TX",42545
48201322900,"Pasadena Gardens, Pasadena, TX",42479
48201333800,"Greater Hobby Area, Houston, TX",42427
48201452201,"Westside, Houston, TX",42412
48201240600,"Greenspoint, Houston, TX",42367
48201550301,"Houston, TX",42315
48201432400,"Westchase, Houston, TX",42289
48201421202,"Southwest Houston, Houston, TX",42253
48201432300,"Westside, Houston, TX",41968
48157675000,"Rosenberg, TX",41949
48201211600,"Northeast Houston, Houston, TX",41933
48201332600,"Golfcrest, Houston, TX",41885
48157670300,"Briargate, Missouri City, TX",41847
48201330400,"Southwest Houston, Houston, TX",41753
48201422401,"Southwest Houston, Houston, TX",41703
48201330302,"Southwest Houston, Houston, TX",41627
48157670800,"Fresno, TX",41603
48201222900,"Castlewood, Houston, TX",41574
48201312800,"Southeast Houston, Houston, TX",41534
48201231700,"Melwood Place, Houston, TX",41531
48201232000,"Houston, TX",41529
48201530800,"Acres Homes, Houston, TX",41440
48201223100,"Parkwood Estates, Houston, TX",41383
48201312900,"MacGregor, Houston, TX",41354
48201550800,"Greenfield Village, Houston, TX",41353
48201313400,"Southeast Houston, Houston, TX",41332
48201232702,"Northeast Houston, Houston, TX",41246
48201330500,"Southwest Houston, Houston, TX",41233
48201321200,"Southbelt/ Ellington, Pasadena, TX",41176
48201330600,"Southwest Houston, Houston, TX",41088
48201421102,"Southwest Houston, Houston, TX",41078
48201422200,"Greater Fondren Southwest, Houston, TX",40986
48201211200,"Northside, Houston, TX",40957
48157670500,"Hunters Glen, Missouri City, TX",40845
48201223001,"Fairgreen, Houston, TX",40787
48201550602,"Mckamy Meadows, Houston, TX",40740
48201421201,"Gulfton, Houston, TX",40644
48201333500,"Glenbrook Valley, Houston, TX",40516
48157670101,"Fort Bend Houston, Houston, TX",40363
48201312300,"Greater Third Ward, Houston, TX",40249
48201230700,"Northside, Houston, TX",40244
48201210700,"Northside, Houston, TX",40142
48201313600,"OST/ South Union, Houston, TX",40014
48201310700,"Greater East End, Houston, TX",39936
48201533400,"Heather Glen, Houston, TX",39929
48157670400,"Southwest Houston, Missouri City, TX",39914
48201211100,"Frenchtown, Houston, TX",39691
48201551000,"Northcliffe, Houston, TX",39677
48201330200,"Central Southwest, Houston, TX",39622
48201230600,"Northside, Houston, TX",39592
48201332300,"South Side, Houston, TX",39372
48201520400,"Northwest Houston, Houston, TX",39251
48157670902,"Fresno, TX",39048
48201330900,"Southwest Houston, Houston, TX",39015
48201312200,"Southeast Houston, Houston, TX",38922
48157670601,"Fort Bend Houston, Missouri City, TX",38774
48201433502,"Southwest Houston, Houston, TX",38642
48201530500,"Independence Heights, Houston, TX",38468
48157670602,"Southwest Houston, Missouri City, TX",38295
48201232100,"Pine Village North, Houston, TX",38271
48201433501,"Westside, Houston, TX",38260
48201231200,"East Houston, Houston, TX",38037
48157670200,"Southwest Houston, Houston, TX",37836
48201530300,"Independence Heights, Houston, TX",37591
48201233600,"Clinton Park Tri-Community, Houston, TX",37490
48201533600,"Charleston Gardens, Houston, TX",37452
48201550100,"Houston, TX",37422
48201211000,"Northside, Houston, TX",37373
48201231300,"East Houston, Houston, TX",37363
48201231800,"East Little York/ Homestead, Houston, TX",37289
48201332500,"Southeast Houston, Houston, TX",37058
48201331500,"Southeast Houston, Houston, TX",37049
48201314300,"South Main, Houston, TX",36723
48201330301,"Southwest Houston, Houston, TX",36722
48201332400,"Southeast Houston, Houston, TX",36716
48201313500,"South Side, Houston, TX",36706
48201332200,"South Side, Houston, TX",36452
48201330800,"Brunswick Lakes, Houston, TX",36399
48201531800,"Acres Homes, Houston, TX",36399
48201310200,"East Downtown, Houston, TX",36198
48201330100,"Central Southwest, Houston, TX",36195
48201324200,"Harrisburg/ Manchester, Houston, TX",36097
48201533000,"Acres Homes, Houston, TX",36095
48201211300,"Greater Fifth Ward, Houston, TX",36034
48201432701,"Westside, Houston, TX",36004
48201433100,"Chinatown, Houston, TX",35954
48201423100,"Braeburn, Houston, TX",35886
48201313300,"OST/ South Union, Houston, TX",35873
48201332000,"Southeast Houston, Houston, TX",35868
48201212500,"Northeast Houston, Houston, TX",35683
48201331700,"South Acres/ Crestmont Park, Houston, TX",35505
48201240501,"Greenbriar Place North, Houston, TX",35327
48201331601,"South Acres/ Crestmont Park, Houston, TX",35285
48201211700,"Northside, Houston, TX",35015
48201210800,"Northside, Houston, TX",34141
48201531900,"Acres Homes, Houston, TX",34025
48201240502,"Greater Greenspoint, Houston, TX",33868
48201550200,"Greater Greenspoint, Houston, TX",33512
48201331100,"Southeast Houston, Houston, TX",33439
48201230400,"Northeast Houston, Houston, TX",33373
48201231600,"East Little York/ Homestead, Houston, TX",33127
48201530400,"Independence Heights, Houston, TX",32773
48201331900,"South Park, Houston, TX",32684
48201313800,"OST/ South Union, Houston, TX",32569
48201312400,"Greater Third Ward, Houston, TX",31361
48201231900,"Northside, Houston, TX",31258
48201331300,"Southeast Houston, Houston, TX",31145
48201313700,"South Side, Houston, TX",31089
48201220100,"Eastex/ Jensen, Houston, TX",31044
48201433001,"Chinatown, Houston, TX",30974
48201230900,"Northeast Houston, Houston, TX",30236
48201331400,"Sunnyside, Houston, TX",30142
48201533300,"Acres Homes, Houston, TX",30048
48201231000,"East Houston, Houston, TX",30001
48201211400,"Northside, Houston, TX",29597
48201230200,"Northeast Houston, Houston, TX",29461
48201331602,"Southeast Houston, Houston, TX",29151
48201230100,"Northeast Houston, Houston, TX",27915
48201231500,"East Little York/ Homestead, Houston, TX",27717
48201331200,"Southeast Houston, Houston, TX",27501
48201230300,"Northeast Houston, Houston, TX",27351
48201230800,"Northside, Houston, TX",27147
48201231400,"Northeast Houston, Houston, TX",26883
48201331800,"Southeast Houston, Houston, TX",26380
48201312700,"Southeast Houston, Houston, TX",25894
48201433002,"Westside, Houston, TX",24738
48201332100,"South Side, Houston, TX",22766
48201210100,"Downtown, Houston, TX",
48157673700,"Richmond, TX",
48201980000,"Greater Hobby Area, Houston, TX",
48201312100,"Greater Third Ward, Houston, TX",
48201412100,"South Central Houston, Houston, TX",