﻿"tract","Name","Household_Income_rP_gP_p25"
48201430400,"Memorial, Houston, TX",85251
48157673901,"New Territory, Sugar Land, TX",64518
48157674200,"Sweetwater, Sugar Land, TX",63897
48201554101,"Memorial Northwest, Spring, TX",62215
48201542500,"Williamsburg Settlement, Katy, TX",61781
48201413201,"Braeswood Place, Houston, TX",61209
48201340202,"Clear Lake, Houston, TX",60953
48201250900,"Kingwood, Houston, TX",60786
48201340201,"Clear Lake, Houston, TX",59782
48201540901,"Hearthstone, Houston, TX",59621
48201451902,"George Bush Park/Eldridge, Houston, TX",59570
48201340800,"Clear Lake, Houston, TX",59024
48201412500,"Southwest Houston, Houston, TX",57870
48201450700,"Westside, Houston, TX",57590
48157671700,"Sugar Creek, Sugar Land, TX",57173
48201411400,"River Oaks, Houston, TX",56985
48157671602,"Plantation Bend, Sugar Land, TX",56833
48201543002,"Cypress, TX",56362
48201342001,"Baywood Shadows, Pasadena, TX",56302
48201430800,"Westside, Houston, TX",55882
48201421900,"Southwest Houston, Houston, TX",55856
48157674400,"Maranatha Farms, Sugar Land, TX",55662
48201423500,"Southwest Houston, Houston, TX",54971
48201454501,"Energy Corridor, Houston, TX",54305
48201451200,"Briarforest, Houston, TX",54261
48201412400,"Southwest Houston, Houston, TX",54165
48157673902,"Telfair, Sugar Land, TX",53795
48157671601,"Sugar Land, TX",53293
48201430700,"Memorial, Houston, TX",53144
48201430500,"Westside, Houston, TX",52700
48157673003,"Katy, TX",52576
48201431000,"Westside, Houston, TX",52321
48201340400,"Clear Lake, Houston, TX",52310
48201522500,"Northwest Houston, Houston, TX",52298
48201420800,"Southwest Houston, Houston, TX",52259
48201555702,"Fairfield Village West, Cypress, TX",52186
48201454700,"Nottingham Country, Katy, TX",52035
48201554002,"Champion Forest, Spring, TX",51984
48201551800,"Jersey Village, TX",51847
48201430300,"Hunter Creek Village, Houston, TX",51708
48201431402,"Westside, Houston, TX",51610
48201454900,"Westgreen Park, Katy, TX",50925
48157671501,"Lakeside Meadow At Brightwater, Missouri City, TX",50527
48157674100,"Settlers Park, Sugar Land, TX",50516
48157674000,"Woodstream, Sugar Land, TX",50370
48201341400,"Seabrook, TX",50100
48201430600,"The Villages, Houston, TX",50038
48201411800,"Greenway/Upper Kirby, Houston, TX",50037
48201411900,"South Central Houston, Houston, TX",49460
48157673800,"New Territory, Sugar Land, TX",49273
48157674602,"Sugar Land, TX",49086
48201554102,"Spring, TX",48961
48201553402,"Spring, TX",48940
48157673002,"Westside, Katy, TX",48852
48201454600,"Nottingham Country, Katy, TX",48814
48201554301,"Lakewood Forest, Houston, TX",48681
48201340600,"Clear Lake, Houston, TX",48618
48201555701,"Fairfield Inwood Park, Cypress, TX",48455
48201350100,"Southbelt/ Ellington, Houston, TX",48338
48157672001,"Barrington Place, Sugar Land, TX",48200
48157674300,"Heritage Colony, Missouri City, TX",48146
48201552602,"Cypress Forest, Houston, TX",48105
48157672100,"Sugar Lakes, Sugar Land, TX",48013
48201413100,"Braeswood Place, Houston, TX",47727
48201554502,"Longwood Village, Cypress, TX",47247
48201552800,"Champions Park, Houston, TX",47224
48201343302,"La Porte, TX",47202
48201430900,"Westside, Houston, TX",47184
48201412600,"Southwest Houston, Houston, TX",47181
48201421800,"Southwest Houston, Houston, TX",47128
48201553802,"Spring, TX",47115
48201411600,"Southwest Houston, Houston, TX",47047
48201553900,"Memorial Northwest, Spring, TX",47045
48157671900,"Meadows, Meadows Place, TX",46944
48201554401,"Coles Crossing, Cypress, TX",46901
48201541201,"Copperfield Westcreek Village, Houston, TX",46814
48201251902,"Newport, Crosby, TX",46729
48201342800,"Deer Park, TX",46708
48201553001,"Oak Creek Village, Houston, TX",46644
48201431502,"Westside, Houston, TX",46505
48201350601,"Heritage Park, Friendswood, TX",46364
48201420900,"Southwest Houston, Bellaire, TX",45945
48201421000,"Southwest Houston, Bellaire, TX",45832
48201540601,"Georgetown Colony, Houston, TX",45816
48201450900,"Westside, Houston, TX",45713
48201350602,"Heritage Park, Friendswood, TX",45683
48201451401,"Westside, Houston, TX",45648
48201340203,"Brookwood, Houston, TX",45625
48201551702,"Willowbridge, Houston, TX",45496
48201350300,"Southbelt/ Ellington, Houston, TX",45481
48201553700,"Wimbledon Estates & Racquet Club, Spring, TX",45449
48157673600,"Richmond, TX",45443
48201340302,"Clear Lake, Houston, TX",45429
48201554403,"Villages Of Cypress Lakes, Cypress, TX",45410
48201455000,"Katy, TX",45366
48201552301,"Ravensway Lake, Cypress, TX",45358
48157672301,"Townewest, Sugar Land, TX",45204
48201250800,"Kings River Village, Atascocita, TX",45180
48167721201,"South Shore Harbour, League City, TX",45148
48201541601,"Houston, TX",45114
48167720100,"Friendswood, TX",45021
48039660100,"Pearland, TX",44792
48201431501,"Westside, Houston, TX",44760
48201552302,"Cypress, TX",44630
48201555502,"Tomball, TX",44570
48201551300,"Cutten Green, Houston, TX",44350
48157673500,"The Grove, Richmond, TX",44277
48201251100,"Kingwood, Humble, TX",44246
48039660400,"Pearland, TX",44150
48201450400,"Memorial, Houston, TX",44141
48201540200,"Northwest Houston, Houston, TX",44065
48157672002,"Southmeadow, Stafford, TX",43970
48201340700,"Clear Lake, Houston, TX",43958
48201350200,"Southbelt/ Ellington, Houston, TX",43804
48201433300,"Westside, Houston, TX",43747
48473680100,"Katy, TX",43687
48039660300,"Pearland, TX",43678
48201540502,"Bear Creek Village, Houston, TX",43574
48201422000,"Southwest Houston, Houston, TX",43555
48201541500,"Windsong, Houston, TX",43484
48201453501,"Alief, Houston, TX",43385
48201250500,"Atascocita Timbers, Humble, TX",43239
48201455102,"Katy, TX",43221
48157673001,"Cinco Ranch North Lake Village, Katy, TX",43141
48201323801,"Pasadena, TX",43101
48201324000,"Pasadena, TX",43059
48201554801,"Tomball, TX",43043
48201452300,"Southwest Houston, Houston, TX",43013
48167721400,"South Shore Harbour, League City, TX",43002
48201541100,"Copperfield Middlegate Village, Houston, TX",42849
48201541203,"Copperfield Southdown Village, Houston, TX",42845
48201342500,"Erin Glen, Deer Park, TX",42822
48201340301,"Clear Lake, Houston, TX",42818
48201452700,"Pheasant Trace Village, Houston, TX",42811
48201431202,"Westside, Houston, TX",42810
48201540902,"Easton Commons, Houston, TX",42809
48039660802,"Pearland, TX",42777
48201455200,"West Memorial, Katy, TX",42769
48201554402,"Cypress Point Lake Estates, Cypress, TX",42702
48201420300,"Southwest Houston, Houston, TX",42650
48201534202,"Woodwind Lakes, Houston, TX",42607
48157672400,"Sugar Land, TX",42496
48201540700,"Concord Bridge, Houston, TX",42481
48201552103,"Bonaire, Houston, TX",42427
48201343301,"La Porte, TX",42400
48167720200,"Friendswood, TX",42359
48201323701,"Pasadena, TX",42357
48201450500,"Westside, Houston, TX",42344
48201314001,"Astrodome, Houston, TX",42272
48157672701,"Sugar Land, TX",42180
48201233002,"Northeast Houston, Houston, TX",42171
48201412700,"Southwest Houston, Bellaire, TX",42163
48201554700,"Lakewood Grove, Tomball, TX",42152
48201350700,"Wedgewood Village, Friendswood, TX",42060
48157672602,"Mission Glen Estates, Houston, TX",42031
48201552900,"Houston, TX",41978
48201554200,"Charterwood, Houston, TX",41951
48071710100,"Mont Belvieu, TX",41824
48157674501,"Missouri City, TX",41820
48157672800,"Orchard Lake Estates, Sugar Land, TX",41659
48201551200,"Greenwood Forest, Houston, TX",41641
48157672702,"Pheasant Creek, Sugar Land, TX",41600
48201342900,"Deer Park, TX",41568
48201543001,"Cypress, TX",41504
48201412300,"Southwest Houston, Houston, TX",41461
48201250702,"Kingwood Glen, Humble, TX",41428
48201453800,"Southwest Houston, Houston, TX",41424
48201333901,"Southbelt/ Ellington, Houston, TX",41393
48157670901,"Lake Shore Harbour, Missouri City, TX",41348
48201421700,"Southwest Houston, Houston, TX",41264
48201252100,"K-lake Terrace, Houston, TX",41207
48201341700,"Harris County, TX",41204
48157672500,"Kingsbridge Court, Houston, TX",41181
48201454800,"Memorial Parkway, Katy, TX",41177
48201451300,"Briarforest, Houston, TX",41137
48201454000,"Mission Bend San Gabriel, Houston, TX",41128
48201542900,"Katy, TX",41116
48201451402,"George Bush Park/Eldridge, Houston, TX",41068
48201430100,"Memorial, Houston, TX",40987
48201350400,"Southbelt/ Ellington, Houston, TX",40973
48201341301,"Clear Lake, Houston, TX",40958
48157671001,"Quail Valley, Missouri City, TX",40944
48201450300,"Memorial, Houston, TX",40917
48201411501,"Greenway/Upper Kirby, Houston, TX",40892
48201450801,"Westside, Houston, TX",40891
48201323702,"Parkgate, Pasadena, TX",40860
48157674601,"Greatwood Shores, Sugar Land, TX",40852
48201551600,"Harvest Bend, Houston, TX",40822
48201413000,"Southwest Houston, Houston, TX",40779
48157671400,"Colony Lake Estates, Stafford, TX",40752
48167720301,"Friendswood, TX",40752
48201450200,"Memorial, Houston, TX",40743
48201552001,"Steeplechase, Houston, TX",40742
48201531700,"North Houston, Houston, TX",40728
48201551701,"Houston, TX",40666
48201553500,"Cypresswood, Spring, TX",40640
48201542000,"Silvermill, Katy, TX",40630
48157672302,"Ragus Lake Estates, Sugar Land, TX",40562
48201341202,"Houston, TX",40548
48201552700,"Houston, TX",40544
48201250402,"Atasca Woods, Atascocita, TX",40517
48201451601,"George Bush Park/Eldridge, Houston, TX",40499
48201431302,"Westside, Houston, TX",40438
48201251800,"Crosby, TX",40406
48201542700,"Katy, TX",40381
48157672601,"Mission Bend South, Houston, TX",40340
48201541800,"Houston, TX",40335
48201342100,"Pasadena, TX",40315
48201541202,"Copperfield Southcreek Village, Houston, TX",40271
48201541001,"Copper Grove, Houston, TX",40267
48201251901,"Crosby, TX",40246
48201450100,"Westside, Houston, TX",40224
48201342002,"Fairmont Estates, Pasadena, TX",40133
48201411000,"Southwest Houston, Houston, TX",40115
48039660801,"Pearland, TX",40113
48157671502,"Oyster Creek Plantation, Missouri City, TX",40105
48201552002,"Crossroads Park, Houston, TX",40089
48201431801,"Southwest Houston, Houston, TX",40048
48201253200,"Baytown, TX",40042
48201412900,"Southwest Houston, Houston, TX",40035
48201420700,"Southwest Houston, Houston, TX",40033
48201322600,"Birnham Woods, Pasadena, TX",40031
48201553401,"Enchanted Oaks, Spring, TX",40012
48039660702,"Manvel, TX",40000
48201412200,"South Central Houston, Houston, TX",39927
48201541003,"Houston, TX",39907
48201552102,"Tower Oaks Meadows, Houston, TX",39868
48039660701,"Pearland, TX",39827
48201521900,"Northwest Houston, Houston, TX",39816
48201554302,"Cypress, TX",39662
48201551703,"Houston, TX",39659
48201552400,"Tower Oaks, Houston, TX",39659
48201453401,"Alief, Houston, TX",39651
48201343200,"La Porte, TX",39600
48201532002,"North Houston, Houston, TX",39580
48201252700,"Crosby, TX",39579
48201321600,"Wedgewood, Pasadena, TX",39567
48201433202,"Southwest Houston, Houston, TX",39516
48201451500,"Westside, Houston, TX",39488
48201250701,"Atascocita, TX",39464
48201343100,"Fairmont Park West, La Porte, TX",39355
48201233703,"Northeast Houston, Houston, TX",39316
48201553600,"Terranova, Spring, TX",39308
48201342700,"Deer Park, TX",39305
48201454502,"Energy Corridor, Katy, TX",39299
48201555600,"Tomball, TX",39227
48201531400,"Northside, Houston, TX",39180
48201455101,"Cimarron, Katy, TX",39168
48201521800,"Northwest Houston, Houston, TX",39157
48201251700,"Huffman, TX",39142
48201532501,"Woodland Trails West, Houston, TX",39087
48201553801,"Spring Creek Oaks, Spring, TX",39051
48201542101,"Katy, TX",39022
48201451602,"George Bush Park/Eldridge, Houston, TX",39020
48201541900,"Barker Ridge, Houston, TX",38987
48201454302,"Windgate, Houston, TX",38986
48201342400,"Bowling Green, Pasadena, TX",38961
48201433201,"Southwest Houston, Houston, TX",38935
48201420600,"Southwest Houston, Houston, TX",38899
48157672200,"Sugar Land, TX",38888
48201341600,"Seabrook, TX",38837
48201254600,"Britton Cravens, Baytown, TX",38809
48201311300,"Greater East End, Houston, TX",38773
48201431101,"Westside, Houston, TX",38754
48201542600,"Lakecrest, Katy, TX",38742
48201451800,"Westside, Houston, TX",38729
48201543003,"Yaupon Ranch, Cypress, TX",38695
48201542400,"Westgrenn, Katy, TX",38687
48201453402,"Alief, Houston, TX",38671
48201541602,"Glencairn, Houston, TX",38648
48201452600,"Eldridge View, Houston, TX",38634
48201311500,"Greater East End, Houston, TX",38618
48201542302,"Katy, TX",38601
48201554001,"Spring, TX",38564
48201541400,"Glencairn, Houston, TX",38550
48201453502,"Westside, Houston, TX",38510
48201254100,"Baytown, TX",38463
48201342200,"Bramley, Pasadena, TX",38428
48201333000,"Golfcrest, Houston, TX",38409
48201254400,"Middletown, Baytown, TX",38350
48201454400,"George Bush Park/Eldridge, Houston, TX",38309
48201233500,"Northeast Houston, Houston, TX",38294
48201322700,"Berkshire Village, Pasadena, TX",38272
48201453900,"Houston, TX",38241
48201452500,"Southwest Houston, Houston, TX",38237
48039660601,"Pearland, TX",38214
48201553100,"Ponderosa Forest, Houston, TX",38183
48201254700,"Baytown, TX",38175
48157674700,"Riverpark West, Richmond, TX",38166
48201452000,"George Bush Park/Eldridge, Houston, TX",38155
48201334003,"Southbelt/ Ellington, Houston, TX",38138
48201253300,"Baytown, TX",38090
48201411502,"Greenway/Upper Kirby, Houston, TX",38073
48201341000,"Clear Lake, Webster, TX",38070
48201541700,"Addicks, Houston, TX",38065
48201422702,"Southwest Houston, Houston, TX",38059
48201233400,"Northeast Houston, Houston, TX",38015
48039660200,"Friendswood, TX",38010
48167721500,"Kemah, TX",37976
48201233003,"Northeast Houston, Houston, TX",37926
48201333600,"Southeast Houston, Houston, TX",37897
48201411300,"Southwest Houston, Houston, TX",37875
48201432001,"Westside, Houston, TX",37859
48201551900,"Trails At Steeplechase Apts 3, Houston, TX",37841
48201252301,"Sterling Green South, Channelview, TX",37696
48201322100,"Pasadena Highlands, Pasadena, TX",37657
48201411700,"Greenway/Upper Kirby, Houston, TX",37639
48201340500,"Clear Lake, Houston, TX",37603
48201323600,"Parkview South, Pasadena, TX",37583
48201540800,"Chimney Hill, Houston, TX",37561
48201320900,"Edgebrook, Houston, TX",37532
48201322800,"Red Bluff Terrace, Pasadena, TX",37503
48201410600,"Central Business District, Houston, TX",37493
48201320200,"Park Place, Houston, TX",37473
48201450600,"Energy Corridor, Houston, TX",37420
48201554802,"Gleannloch Farms, Spring, TX",37414
48201253700,"Baytown, TX",37404
48201250401,"Atasca Woods, Humble, TX",37388
48201454301,"Oak Park Ridge, Houston, TX",37358
48201340100,"Southbelt/ Ellington, Houston, TX",37312
48201432100,"Westside, Houston, TX",37308
48157672900,"Grand Mission, Richmond, TX",37275
48201323200,"Oak Cliff, Pasadena, TX",37266
48201551400,"Independence Grove, Houston, TX",37251
48201320800,"South Houston, TX",37238
48201350500,"Southbelt/ Ellington, Houston, TX",37223
48201350802,"Friendswood, TX",37201
48201333700,"Greater Hobby Area, Houston, TX",37194
48201322200,"Park Brothers, Pasadena, TX",37148
48201534100,"Houston, TX",37145
48201453602,"Alief, Houston, TX",37130
48201321900,"Pasadena, TX",37122
48201252600,"Old River Acres, Channelview, TX",37112
48201340900,"Clear Lake, Webster, TX",37104
48201541002,"Stone Gate, Houston, TX",37093
48201432702,"Westside, Houston, TX",37073
48201542102,"Katy, TX",37060
48201252400,"Old River Terrace, Channelview, TX",37026
48157673300,"Fulshear, TX",37026
48201341501,"El Lago, TX",37011
48201334002,"Southbelt/ Ellington, Houston, TX",36985
48201412800,"Southwest Houston, Bellaire, TX",36976
48201551100,"Briarchase, Houston, TX",36968
48167721300,"League City, TX",36960
48201310300,"South Central Houston, Houston, TX",36959
48201454100,"Houston, TX",36939
48201453000,"Southwest Houston, Houston, TX",36927
48157674603,"Tara, Richmond, TX",36920
48201550900,"Kleinbrook, Houston, TX",36887
48201252900,"Highlands, TX",36883
48201341502,"Seabrook, TX",36880
48201430200,"Memorial, Houston, TX",36877
48201333902,"Southbelt/ Ellington, Houston, TX",36866
48201454200,"Houston, TX",36828
48201254200,"Goose Creek, Baytown, TX",36797
48201550500,"Houston, TX",36774
48157671300,"Dove Country, Stafford, TX",36773
48201241103,"Timber Lane, Spring, TX",36728
48201431700,"Southwest Houston, Houston, TX",36713
48201321700,"Meadowbrook/ Allendale, Houston, TX",36713
48201252000,"Summerwood, Houston, TX",36703
48201522402,"Northwest Houston, Houston, TX",36695
48201452801,"Alief, Houston, TX",36669
48201431301,"Westside, Houston, TX",36664
48201541300,"Stone Creek, Houston, TX",36599
48201511001,"Lazybrook/ Timbergrove, Houston, TX",36592
48201410900,"Montrose, Houston, TX",36566
48201452400,"Alief, Houston, TX",36548
48157673400,"Lakes Of Mission Grove, Richmond, TX",36546
48201511002,"Lazybrook/ Timbergrove, Houston, TX",36492
48201254000,"Plumwood, Baytown, TX",36472
48201431102,"Westside, Houston, TX",36459
48201253500,"Lantern Park, Baytown, TX",36449
48201542800,"Village Green West, Katy, TX",36408
48201241102,"Birnam Wood, Spring, TX",36403
48201540100,"Lakes On Eldridge North, Houston, TX",36391
48291700900,"Dayton, TX",36357
48201452900,"Alief, Houston, TX",36353
48201310700,"Greater East End, Houston, TX",36332
48201521500,"Kempwood, Houston, TX",36317
48201423201,"Greater Fondren Southwest, Houston, TX",36309
48201343000,"La Porte, TX",36304
48201413300,"Southwest Houston, Houston, TX",36294
48201534201,"Wagon Wheel Estates, Houston, TX",36277
48201321401,"South Houston, TX",36276
48201250302,"Humble, TX",36246
48201553002,"Northgate Country Club Nine, Houston, TX",36220
48201451001,"Westside, Houston, TX",36207
48201410701,"Montrose, Houston, TX",36204
48201321100,"Southbelt/ Ellington, Houston, TX",36204
48201451100,"Briarforest, Houston, TX",36186
48201321000,"Edgebrook, Houston, TX",36186
48157671800,"Stafford, TX",36171
48201232600,"Northeast Houston, Houston, TX",36171
48201223100,"Parkwood Estates, Houston, TX",36167
48201241300,"Spring Lakes, Spring, TX",36145
48201510400,"Greater Heights, Houston, TX",36125
48201421101,"Southwest Houston, Houston, TX",36093
48157673200,"Brookshire, TX",36073
48201432300,"Westside, Houston, TX",36011
48201431201,"Westside, Houston, TX",35986
48201233701,"Northeast Houston, Galena Park, TX",35985
48201233702,"Northeast Houston, Galena Park, TX",35982
48291701000,"Dayton, TX",35969
48201323500,"Alta Vista Acres, Pasadena, TX",35966
48201254300,"Baytown, TX",35949
48201232500,"El Dorado/ Oates Prarie, Houston, TX",35946
48201240902,"Kenswick, Humble, TX",35925
48201241200,"Timber Lane, Spring, TX",35914
48201333300,"Greater Hobby Area, Houston, TX",35891
48201451901,"George Bush Park/Eldridge, Houston, TX",35881
48201321500,"Mount Vernon, South Houston, TX",35862
48201453700,"Southwest Houston, Houston, TX",35859
48201552500,"Marwood Estates, Houston, TX",35841
48201343600,"Bay Front To La Porte, La Porte, TX",35840
48201552200,"Cypress Chase, Cypress, TX",35790
48201221300,"North Houston, Houston, TX",35746
48201321800,"Meadowbrook/ Allendale, Houston, TX",35727
48201533802,"Houston, TX",35716
48201520100,"Westview, Houston, TX",35696
48039660900,"Pearland, TX",35660
48201554501,"Cypress, TX",35640
48201420400,"Southwest Houston, Houston, TX",35634
48201220300,"North Houston, Houston, TX",35621
48039660500,"Pearland, TX",35615
48201311800,"Gulfgate/ Pine Valley, Houston, TX",35607
48201252302,"Sterling Green, Channelview, TX",35563
48201311200,"Greater East End, Houston, TX",35557
48201232401,"Houston, TX",35556
48201532400,"Northside, Houston, TX",35550
48201433002,"Westside, Houston, TX",35527
48201341100,"Webster, TX",35508
48201253900,"Baytown, TX",35500
48201510800,"Washington Ave./ Memorial Park, Houston, TX",35490
48201531500,"Northside, Houston, TX",35488
48201431900,"Southwest Houston, Houston, TX",35473
48201421300,"Sharpstown, Houston, TX",35454
48201343700,"La Porte, TX",35442
48201552601,"Willowbrook, Houston, TX",35442
48201334001,"Southbelt/ Ellington, Houston, TX",35426
48201543100,"Hockley, TX",35402
48201314002,"Southwest Houston, Houston, TX",35394
48201431401,"Westside, Houston, TX",35380
48201341201,"Webster, TX",35377
48201452202,"Westchase, Houston, TX",35373
48201324100,"Pasadena, TX",35363
48201522401,"Spring Branch West, Houston, TX",35357
48201341302,"Clear Lake, Houston, TX",35348
48201522000,"Northwest Houston, Houston, TX",35329
48473680300,"Prairie View, TX",35323
48201540602,"Yorktown Colony, Houston, TX",35310
48201542301,"Katy, TX",35279
48201522201,"Northwest Houston, Houston, TX",35267
48201311900,"Southeast Houston, Houston, TX",35237
48201533801,"Houston, TX",35182
48071710200,"Baytown, TX",35170
48201531100,"North Houston, Houston, TX",35138
48157670902,"Fresno, TX",35108
48039660602,"Pearland, TX",35087
48201221200,"Northside, Houston, TX",35086
48201240400,"Houston, TX",35055
48201350801,"Forest Bend, Friendswood, TX",35029
48201310600,"Greater East End, Houston, TX",35011
48201422100,"Southwest Houston, Houston, TX",35009
48201320500,"Meadowbrook/ Allendale, Houston, TX",35002
48201412000,"South Central Houston, Houston, TX",34972
48201250100,"Humble, TX",34950
48201341800,"Shady River, La Porte, TX",34930
48201323300,"South Pasadena Villas, Pasadena, TX",34925
48201210600,"Northside, Houston, TX",34894
48201323400,"Pasadena, TX",34892
48201254500,"Baytown, TX",34883
48201521300,"Northwest Houston, Houston, TX",34881
48201241000,"Greengate Place, Spring, TX",34874
48339692400,"Montgomery County, TX",34857
48201452100,"Westside, Houston, TX",34857
48201410702,"Montrose, Houston, TX",34851
48201322900,"Pasadena Gardens, Pasadena, TX",34847
48201342300,"South Pasadena Plaza, Deer Park, TX",34811
48201410401,"Hyde Park, Houston, TX",34805
48201253400,"Wooster Terrace, Baytown, TX",34754
48201540501,"Timber Creek Place, Houston, TX",34695
48201532600,"Inwood North, Houston, TX",34676
48201320100,"Park Place, Houston, TX",34675
48201510200,"Montrose, Houston, TX",34672
48201452201,"Westside, Houston, TX",34656
48201431802,"Southwest Houston, Houston, TX",34656
48201552101,"Wortham Grove, Houston, TX",34647
48201542200,"Katy, TX",34630
48201543200,"Houston, TX",34629
48201422800,"Westside, Houston, TX",34580
48201550603,"Camden Park, Houston, TX",34567
48201222502,"Swea Gardens, Houston, TX",34566
48201522100,"Northwest Houston, Houston, TX",34556
48201534001,"Houston, TX",34534
48201314400,"Astrodome, Houston, TX",34515
48201452802,"Westside, Houston, TX",34482
48201251000,"Kingwood, Houston, TX",34481
48201324200,"Harrisburg/ Manchester, Houston, TX",34479
48201240702,"Houston, TX",34476
48201310500,"Greater East End, Houston, TX",34464
48201411200,"River Oaks, Houston, TX",34431
48201222000,"Eastex/ Jensen, Houston, TX",34416
48201222100,"Greenwood Village, Houston, TX",34394
48291701100,"Dayton, TX",34362
48201520601,"Northwest Houston, Houston, TX",34357
48201250600,"Humble, TX",34347
48201240701,"North View, Houston, TX",34342
48201323802,"Pasadena, TX",34285
48201522302,"Northwest Houston, Houston, TX",34283
48201221400,"North Houston, Houston, TX",34282
48201310800,"Greater East End, Houston, TX",34259
48201332900,"Golfcrest, Houston, TX",34159
48201453403,"Westside, Houston, TX",34143
48201253600,"Baytown, TX",34087
48201332700,"Golfcrest, Houston, TX",34025
48201520500,"Northwest Houston, Houston, TX",34017
48201321402,"South Houston, TX",33997
48201233102,"Northeast Houston, Houston, TX",33988
48201511302,"Northside, Houston, TX",33971
48201432902,"Sharpstown, Houston, TX",33970
48201521000,"Northwest Houston, Houston, TX",33957
48201220600,"Northside, Houston, TX",33957
48201531600,"Northside, Houston, TX",33952
48157675100,"Villages Of Town Center, Rosenberg, TX",33935
48201220200,"Northside, Houston, TX",33923
48201431600,"Westside, Houston, TX",33912
48201232402,"Pine Trails, Houston, TX",33910
48201311000,"Greater East End, Houston, TX",33899
48201320700,"Meadowbrook/ Allendale, Houston, TX",33872
48201423402,"Greater Fondren Southwest, Houston, TX",33814
48201233300,"Northeast Houston, Houston, TX",33760
48201453300,"Alief, Houston, TX",33760
48167721600,"Kemah, TX",33753
48157671200,"Parkway Trails, Missouri City, TX",33745
48201511400,"Greater Heights, Houston, TX",33702
48201534002,"Willowood, Houston, TX",33669
48201420200,"Southwest Houston, Houston, TX",33666
48201240901,"Foxwood, Humble, TX",33664
48201531000,"North Houston, Houston, TX",33612
48201232200,"Fall Creek, Humble, TX",33608
48201323000,"Satsuma Gardens, Pasadena, TX",33591
48201321200,"Southbelt/ Ellington, Pasadena, TX",33560
48201330301,"Southwest Houston, Houston, TX",33549
48339692300,"Porter, TX",33526
48201510300,"Northside, Houston, TX",33524
48201252200,"Houston Farms, Houston, TX",33500
48201311100,"Greater East End, Houston, TX",33495
48201212400,"Northeast Houston, Houston, TX",33477
48157675500,"Rosenberg, TX",33474
48201320602,"Meadowbrook/ Allendale, Houston, TX",33470
48201233101,"Northeast Houston, Houston, TX",33468
48201222800,"Aldine Gardens, Houston, TX",33455
48201422600,"Southwest Houston, Houston, TX",33445
48201511500,"Northside, Houston, TX",33434
48157673101,"Marshall Oaks, Katy, TX",33419
48201253100,"Baytown, TX",33414
48201533901,"Northwest Park, Houston, TX",33403
48201432802,"Southwest Houston, Houston, TX",33336
48201320601,"Meadowbrook/ Allendale, Houston, TX",33335
48201450802,"Briarforest, Houston, TX",33316
48201250200,"Humble, TX",33279
48157675300,"Rosenberg, TX",33259
48201451002,"Westside, Houston, TX",33254
48201253800,"Baytown, TX",33248
48201451700,"Westside, Houston, TX",33222
48201534003,"Blue Creek, Houston, TX",33203
48201532502,"Greater Inwood, Houston, TX",33086
48201556000,"Hockley, TX",33083
48201532300,"Fairbanks/ Northwest Crossing, Houston, TX",33082
48201533500,"Hidden Valley, Houston, TX",33056
48201550601,"Rushwood, Houston, TX",33038
48201221700,"Roos Acres, Houston, TX",33038
48201323900,"Golden Acres, Pasadena, TX",32986
48201522301,"Northwest Houston, Houston, TX",32938
48201453601,"Alief, Houston, TX",32936
48157675200,"Cambridge Village, Rosenberg, TX",32928
48201511301,"Greater Heights, Houston, TX",32922
48201233200,"Northeast Houston, Houston, TX",32917
48201411100,"River Oaks, Houston, TX",32902
48201220400,"North Houston, Houston, TX",32896
48201451403,"Westside, Houston, TX",32867
48201240802,"Humble, TX",32861
48201432500,"Westside, Houston, TX",32845
48201323100,"Satsuma Gardens, Pasadena, TX",32842
48201554600,"Lakewood Forest, Tomball, TX",32839
48201310400,"South Central Houston, Houston, TX",32826
48201222401,"Northfield Place, Houston, TX",32825
48201510900,"Lazybrook/ Timbergrove, Houston, TX",32823
48201421500,"Southwest Houston, Houston, TX",32815
48201310900,"Greater East End, Houston, TX",32797
48201253000,"Country Terrace, Highlands, TX",32781
48201232900,"Woodforest, Houston, TX",32776
48201532800,"Northside, Houston, TX",32756
48201433400,"Westside, Houston, TX",32754
48201520300,"Northwest Houston, Houston, TX",32707
48201530900,"Northside, Houston, TX",32692
48201221600,"Northline Terrace, Houston, TX",32682
48201310100,"Greater East End, Houston, TX",32671
48201551000,"Northcliffe, Houston, TX",32652
48201453100,"Southwest Houston, Houston, TX",32595
48201422402,"Greater Fondren Southwest, Houston, TX",32517
48201511600,"Greater Heights, Houston, TX",32505
48201410200,"Montrose, Houston, TX",32494
48201321300,"Edgebrook, Houston, TX",32491
48201232403,"Houston, TX",32476
48201533902,"Northwest Park, Houston, TX",32443
48201210500,"Near Northside, Houston, TX",32441
48201413202,"Braeswood Place, Houston, TX",32426
48201222900,"Castlewood, Houston, TX",32408
48201511200,"Northside, Houston, TX",32398
48201550602,"Mckamy Meadows, Houston, TX",32330
48201432200,"Westside, Houston, TX",32309
48201220900,"Northeast Houston, Houston, TX",32289
48201553200,"Houston, TX",32286
48201520602,"Northwest Houston, Houston, TX",32245
48201222300,"Houston, TX",32191
48157670800,"Fresno, TX",32185
48201222402,"Oak Glen Place, Houston, TX",32161
48157671002,"Quail Valley, Missouri City, TX",32142
48201421600,"Gulfton, Houston, TX",32046
48201252800,"St Charles Place, Crosby, TX",32040
48157675400,"Rosenberg, TX",32014
48201410800,"Montrose, Houston, TX",31985
48201551500,"Meadow Vista, Houston, TX",31965
48201550700,"Houston, TX",31932
48201422701,"Southwest Houston, Houston, TX",31917
48201250301,"Humble, TX",31913
48201422900,"Braeburn, Houston, TX",31878
48157673102,"Katy, TX",31871
48201332600,"Golfcrest, Houston, TX",31865
48201553300,"Cypress Station, Houston, TX",31826
48201223002,"High Meadows, Houston, TX",31805
48201312000,"South Central Houston, Houston, TX",31803
48201421102,"Southwest Houston, Houston, TX",31802
48201521200,"Northwest Houston, Houston, TX",31717
48201311400,"Greater East End, Houston, TX",31678
48201333800,"Greater Hobby Area, Houston, TX",31673
48201221800,"Westfield Manor, Houston, TX",31670
48201520400,"Northwest Houston, Houston, TX",31650
48201333100,"Southeast Houston, Houston, TX",31649
48201433003,"Chinatown, Houston, TX",31643
48201421403,"Southwest Houston, Houston, TX",31608
48201522202,"Northwest Houston, Houston, TX",31558
48201530200,"Northside, Houston, TX",31531
48201550401,"Houston, TX",31518
48201532900,"Inwood North, Houston, TX",31469
48201100000,"Central Business District, Houston, TX",31439
48201332800,"Golfcrest, Houston, TX",31387
48201521600,"Carverdale, Houston, TX",31386
48201440100,"Southwest Houston, Houston, TX",31364
48201511100,"Northside, Houston, TX",31358
48201520700,"Northwest Houston, Houston, TX",31340
48201232800,"Riviera East, Houston, TX",31327
48201510700,"Washington Ave./ Memorial Park, Houston, TX",31267
48201211600,"Northeast Houston, Houston, TX",31217
48201211500,"Northeast Houston, Houston, TX",31215
48201221100,"Eastex/ Jensen, Houston, TX",31208
48201423600,"Southwest Houston, Houston, TX",31188
48201533701,"Houston, TX",31156
48201550302,"North Forest, Houston, TX",31155
48201252500,"Dezavalla Acres, Channelview, TX",31121
48201533702,"Fallbrook, Houston, TX",31104
48201455300,"Katy, TX",31080
48201240801,"North Park Forest, Houston, TX",31075
48201330302,"Southwest Houston, Houston, TX",31074
48157675800,"East Bernard, TX",30923
48201233001,"Northeast Houston, Houston, TX",30902
48201223001,"Fairgreen, Houston, TX",30893
48157674800,"Lamar Estates, Rosenberg, TX",30861
48201421402,"Gulfton, Houston, TX",30814
48201220500,"North Houston, Houston, TX",30796
48201330800,"Brunswick Lakes, Houston, TX",30785
48157670700,"Houston, TX",30767
48201550402,"Laurel Oaks, Houston, TX",30764
48201432002,"Westside, Houston, TX",30712
48157671100,"Stafford, TX",30693
48201532700,"Inwood Club Estates, Houston, TX",30632
48201221900,"Oakwilde, Houston, TX",30608
48201232701,"Northeast Houston, Houston, TX",30584
48201510600,"Washington Ave./ Memorial Park, Houston, TX",30534
48201311600,"Greater East End, Houston, TX",30521
48201521700,"Fairbanks/ Northwest Crossing, Houston, TX",30520
48201230500,"Eastex/ Jensen, Houston, TX",30465
48201211900,"Northeast Houston, Houston, TX",30426
48201521100,"Northwest Houston, Houston, TX",30425
48201322000,"Pasadena, TX",30316
48201531300,"North Houston, Houston, TX",30295
48157674604,"Richmond, TX",30225
48201311700,"Southeast Houston, Houston, TX",30135
48201453200,"Alief, Houston, TX",30091
48201432701,"Westside, Houston, TX",30035
48201421202,"Southwest Houston, Houston, TX",29916
48201220700,"Eastex/ Jensen, Houston, TX",29915
48201221000,"Eastex/ Jensen, Houston, TX",29897
48201333500,"Glenbrook Valley, Houston, TX",29890
48201312500,"Midtown, Houston, TX",29853
48201423401,"Greater Fondren Southwest, Houston, TX",29845
48201533600,"Charleston Gardens, Houston, TX",29759
48201521400,"Kempwood, Houston, TX",29743
48201432600,"Westside, Houston, TX",29721
48201420500,"Southwest Houston, Houston, TX",29694
48201534203,"Houston, TX",29676
48201423000,"Braeburn, Houston, TX",29618
48201212300,"Near Northside, Houston, TX",29556
48201510500,"Greater Heights, Houston, TX",29535
48201432400,"Westchase, Houston, TX",29473
48201432901,"Sharpstown, Houston, TX",29468
48201232301,"Houston, TX",29446
48201433502,"Southwest Houston, Houston, TX",29427
48201210400,"Northside, Houston, TX",29357
48201231700,"Melwood Place, Houston, TX",29312
48201221500,"Northside, Houston, TX",29301
48201433001,"Chinatown, Houston, TX",29264
48201410300,"Montrose, Houston, TX",29170
48201333202,"Greater Hobby Area, Houston, TX",29150
48157674900,"Richmond, TX",29088
48201410500,"Montrose, Houston, TX",29070
48201550301,"Houston, TX",29023
48157670601,"Fort Bend Houston, Missouri City, TX",29000
48157675000,"Rosenberg, TX",28984
48201222503,"Northside, Houston, TX",28980
48201520200,"Northwest Houston, Houston, TX",28979
48201432801,"Sharpstown, Houston, TX",28946
48201410402,"Montrose, Houston, TX",28892
48157670102,"Fort Bend Houston, Houston, TX",28863
48201241500,"Humble, TX",28860
48201530700,"Northside, Houston, TX",28856
48201330303,"Fondren Gardens, Houston, TX",28845
48201423302,"Greater Fondren Southwest, Houston, TX",28795
48339692002,"Spring, TX",28751
48473680200,"Pattison, TX",28680
48201530100,"Northwest Houston, Houston, TX",28665
48201222501,"Northside, Houston, TX",28646
48201233103,"Northeast Houston, Houston, TX",28601
48201222200,"Orange Grove Britton, Houston, TX",28576
48201550800,"Greenfield Village, Houston, TX",28500
48201423301,"Southwest Houston, Houston, TX",28478
48201533100,"Northside, Houston, TX",28456
48201421201,"Gulfton, Houston, TX",28416
48201530600,"Independence Heights, Houston, TX",28317
48201422302,"Southwest Houston, Houston, TX",28121
48201330500,"Southwest Houston, Houston, TX",28111
48201421401,"Gulfton, Houston, TX",28084
48157670500,"Hunters Glen, Missouri City, TX",28039
48201240100,"Greater Greenspoint, Houston, TX",27972
48201433600,"Southwest Houston, Houston, TX",27932
48201232702,"Northeast Houston, Houston, TX",27929
48201330100,"Central Southwest, Houston, TX",27926
48201232302,"Stonefield Terrace, Houston, TX",27906
48201330700,"Central Southwest, Houston, TX",27900
48201330400,"Southwest Houston, Houston, TX",27735
48201240600,"Greenspoint, Houston, TX",27732
48201210900,"Northside, Houston, TX",27714
48201433100,"Chinatown, Houston, TX",27684
48201532100,"North Houston, Houston, TX",27658
48201231100,"Northeast Houston, Houston, TX",27633
48201332500,"Southeast Houston, Houston, TX",27629
48201422500,"Southwest Houston, Houston, TX",27607
48201334100,"Southwest Houston, Houston, TX",27558
48201533400,"Heather Glen, Houston, TX",27531
48201313900,"Astrodome, Houston, TX",27388
48201531200,"Northside, Houston, TX",27373
48201333201,"Southeast Houston, Houston, TX",27333
48201330900,"Southwest Houston, Houston, TX",27332
48201420100,"Southwest Houston, Houston, TX",27313
48201510100,"Washington Ave./ Memorial Park, Houston, TX",27247
48201313100,"Museum District, Houston, TX",27222
48157670101,"Fort Bend Houston, Houston, TX",27157
48201222700,"Houston, TX",27050
48201533200,"Greater Inwood, Houston, TX",27023
48157670300,"Briargate, Missouri City, TX",26888
48201210700,"Northside, Houston, TX",26555
48201231800,"East Little York/ Homestead, Houston, TX",26495
48157670400,"Southwest Houston, Missouri City, TX",26378
48201410100,"Fourth Ward, Houston, TX",26361
48201423100,"Braeburn, Houston, TX",26300
48201550100,"Houston, TX",26204
48157670602,"Southwest Houston, Missouri City, TX",26189
48201222600,"Northside, Houston, TX",26170
48201232100,"Pine Village North, Houston, TX",26106
48201423202,"Greater Fondren Southwest, Houston, TX",25954
48201422301,"Greater Fondren Southwest, Houston, TX",25916
48201240502,"Greater Greenspoint, Houston, TX",25913
48201230600,"Northside, Houston, TX",25626
48201231200,"East Houston, Houston, TX",25572
48201433501,"Westside, Houston, TX",25417
48201330200,"Central Southwest, Houston, TX",25355
48157670200,"Southwest Houston, Houston, TX",25343
48201422401,"Southwest Houston, Houston, TX",25280
48201232000,"Houston, TX",25210
48201313000,"MacGregor, Houston, TX",25195
48201210800,"Northside, Houston, TX",25151
48201530800,"Acres Homes, Houston, TX",25124
48201332300,"South Side, Houston, TX",25072
48201240501,"Greenbriar Place North, Houston, TX",24738
48201220100,"Eastex/ Jensen, Houston, TX",24630
48201532001,"Greater Inwood, Houston, TX",24466
48201313200,"Southeast Houston, Houston, TX",24458
48201330600,"Southwest Houston, Houston, TX",24394
48201530500,"Independence Heights, Houston, TX",24365
48201533000,"Acres Homes, Houston, TX",24333
48201211100,"Frenchtown, Houston, TX",24306
48201331500,"Southeast Houston, Houston, TX",24091
48201422200,"Greater Fondren Southwest, Houston, TX",24087
48201312600,"Museum District, Houston, TX",24080
48201314300,"South Main, Houston, TX",24071
48201220800,"Northeast Houston, Houston, TX",23950
48201231900,"Northside, Houston, TX",23923
48201231600,"East Little York/ Homestead, Houston, TX",23907
48201212500,"Northeast Houston, Houston, TX",23856
48201312800,"Southeast Houston, Houston, TX",23820
48201530300,"Independence Heights, Houston, TX",23458
48201313300,"OST/ South Union, Houston, TX",23456
48201233600,"Clinton Park Tri-Community, Houston, TX",23332
48201532200,"Northside, Houston, TX",23269
48201530400,"Independence Heights, Houston, TX",23219
48201211200,"Northside, Houston, TX",23189
48201531900,"Acres Homes, Houston, TX",23127
48201312900,"MacGregor, Houston, TX",23126
48201230100,"Northeast Houston, Houston, TX",23083
48201331700,"South Acres/ Crestmont Park, Houston, TX",22995
48201231000,"East Houston, Houston, TX",22994
48201310200,"East Downtown, Houston, TX",22857
48201331601,"South Acres/ Crestmont Park, Houston, TX",22789
48201211300,"Greater Fifth Ward, Houston, TX",22739
48201231300,"East Houston, Houston, TX",22652
48201230400,"Northeast Houston, Houston, TX",22467
48201231400,"Northeast Houston, Houston, TX",22419
48201230700,"Northside, Houston, TX",22387
48201313400,"Southeast Houston, Houston, TX",22373
48201332000,"Southeast Houston, Houston, TX",22361
48201332200,"South Side, Houston, TX",22237
48201313600,"OST/ South Union, Houston, TX",22233
48201211700,"Northside, Houston, TX",22217
48201211000,"Northside, Houston, TX",22187
48201332400,"Southeast Houston, Houston, TX",21944
48201230900,"Northeast Houston, Houston, TX",21913
48201231500,"East Little York/ Homestead, Houston, TX",21805
48201331300,"Southeast Houston, Houston, TX",21656
48201550200,"Greater Greenspoint, Houston, TX",21618
48201211400,"Northside, Houston, TX",21556
48201331400,"Sunnyside, Houston, TX",21540
48201313700,"South Side, Houston, TX",21427
48201312300,"Greater Third Ward, Houston, TX",21316
48201313500,"South Side, Houston, TX",21261
48201313800,"OST/ South Union, Houston, TX",21084
48201331200,"Southeast Houston, Houston, TX",20881
48201230800,"Northside, Houston, TX",20809
48201531800,"Acres Homes, Houston, TX",20755
48201230300,"Northeast Houston, Houston, TX",20687
48201332100,"South Side, Houston, TX",20664
48201312200,"Southeast Houston, Houston, TX",20618
48201331100,"Southeast Houston, Houston, TX",20553
48201331800,"Southeast Houston, Houston, TX",20517
48201331900,"South Park, Houston, TX",20483
48201533300,"Acres Homes, Houston, TX",20454
48201230200,"Northeast Houston, Houston, TX",20188
48201312400,"Greater Third Ward, Houston, TX",19819
48201331602,"Southeast Houston, Houston, TX",18138
48201312700,"Southeast Houston, Houston, TX",17244
48201980100,"Humble, TX",0
48201210100,"Downtown, Houston, TX",
48157673700,"Richmond, TX",
48201980000,"Greater Hobby Area, Houston, TX",
48201312100,"Greater Third Ward, Houston, TX",
48201412100,"South Central Houston, Houston, TX",