﻿"tract","Name","Household_Income_rP_gP_p50"
48201430400,"Memorial, Houston, TX",85321
48157674200,"Sweetwater, Sugar Land, TX",68474
48157673901,"New Territory, Sugar Land, TX",67608
48201542500,"Williamsburg Settlement, Katy, TX",66306
48201250900,"Kingwood, Houston, TX",66076
48201450700,"Westside, Houston, TX",65652
48201411400,"River Oaks, Houston, TX",65420
48201554101,"Memorial Northwest, Spring, TX",65050
48201540901,"Hearthstone, Houston, TX",64968
48201340202,"Clear Lake, Houston, TX",64647
48201413201,"Braeswood Place, Houston, TX",64102
48201430800,"Westside, Houston, TX",63683
48201412400,"Southwest Houston, Houston, TX",63444
48157671700,"Sugar Creek, Sugar Land, TX",63296
48201412500,"Southwest Houston, Houston, TX",63066
48201430300,"Hunter Creek Village, Houston, TX",62634
48157674400,"Maranatha Farms, Sugar Land, TX",62508
48201340800,"Clear Lake, Houston, TX",62459
48157671602,"Plantation Bend, Sugar Land, TX",62194
48201420800,"Southwest Houston, Houston, TX",61339
48201454501,"Energy Corridor, Houston, TX",61191
48201340400,"Clear Lake, Houston, TX",60640
48201423500,"Southwest Houston, Houston, TX",60574
48157671601,"Sugar Land, TX",60461
48201551800,"Jersey Village, TX",60427
48201451902,"George Bush Park/Eldridge, Houston, TX",60230
48201342001,"Baywood Shadows, Pasadena, TX",59982
48201340201,"Clear Lake, Houston, TX",59758
48201454700,"Nottingham Country, Katy, TX",59756
48201430600,"The Villages, Houston, TX",59592
48157673003,"Katy, TX",59586
48201430700,"Memorial, Houston, TX",59412
48157673902,"Telfair, Sugar Land, TX",59046
48201421900,"Southwest Houston, Houston, TX",58919
48201554002,"Champion Forest, Spring, TX",58442
48201430500,"Westside, Houston, TX",58283
48157674100,"Settlers Park, Sugar Land, TX",58273
48201451200,"Briarforest, Houston, TX",58162
48201543002,"Cypress, TX",58149
48201431402,"Westside, Houston, TX",58083
48201431000,"Westside, Houston, TX",57759
48201454900,"Westgreen Park, Katy, TX",57621
48201554301,"Lakewood Forest, Houston, TX",57598
48201522500,"Northwest Houston, Houston, TX",57492
48201555702,"Fairfield Village West, Cypress, TX",57321
48157674000,"Woodstream, Sugar Land, TX",57056
48157672100,"Sugar Lakes, Sugar Land, TX",56994
48201340600,"Clear Lake, Houston, TX",56422
48157673800,"New Territory, Sugar Land, TX",56272
48201420900,"Southwest Houston, Bellaire, TX",56144
48157671501,"Lakeside Meadow At Brightwater, Missouri City, TX",56065
48201553402,"Spring, TX",55843
48201341400,"Seabrook, TX",55769
48157674300,"Heritage Colony, Missouri City, TX",55726
48201430900,"Westside, Houston, TX",55606
48201541601,"Houston, TX",55554
48157673002,"Westside, Katy, TX",55425
48201411800,"Greenway/Upper Kirby, Houston, TX",55351
48201350100,"Southbelt/ Ellington, Houston, TX",55312
48201411900,"South Central Houston, Houston, TX",55113
48201454600,"Nottingham Country, Katy, TX",55053
48201555701,"Fairfield Inwood Park, Cypress, TX",55010
48201411600,"Southwest Houston, Houston, TX",54901
48201554102,"Spring, TX",54813
48201552602,"Cypress Forest, Houston, TX",54779
48201541201,"Copperfield Westcreek Village, Houston, TX",54755
48201553802,"Spring, TX",54650
48157674602,"Sugar Land, TX",54526
48201554502,"Longwood Village, Cypress, TX",54495
48201412600,"Southwest Houston, Houston, TX",54464
48201554401,"Coles Crossing, Cypress, TX",54343
48201552800,"Champions Park, Houston, TX",54294
48201413100,"Braeswood Place, Houston, TX",54282
48201342800,"Deer Park, TX",54239
48201340203,"Brookwood, Houston, TX",53932
48201421800,"Southwest Houston, Houston, TX",53858
48039660400,"Pearland, TX",53835
48201553700,"Wimbledon Estates & Racquet Club, Spring, TX",53529
48201250800,"Kings River Village, Atascocita, TX",53518
48201553001,"Oak Creek Village, Houston, TX",53504
48157674501,"Missouri City, TX",53456
48039660100,"Pearland, TX",53364
48201553900,"Memorial Northwest, Spring, TX",53342
48157671900,"Meadows, Meadows Place, TX",53152
48201340302,"Clear Lake, Houston, TX",53009
48157673600,"Richmond, TX",52959
48201552301,"Ravensway Lake, Cypress, TX",52928
48201431502,"Westside, Houston, TX",52834
48201340301,"Clear Lake, Houston, TX",52769
48201251902,"Newport, Crosby, TX",52720
48201350601,"Heritage Park, Friendswood, TX",52602
48201431501,"Westside, Houston, TX",52579
48157673001,"Cinco Ranch North Lake Village, Katy, TX",52559
48201251800,"Crosby, TX",52508
48201552302,"Cypress, TX",52464
48157673500,"The Grove, Richmond, TX",52440
48201422000,"Southwest Houston, Houston, TX",52409
48201323701,"Pasadena, TX",52406
48201455000,"Katy, TX",52364
48167720100,"Friendswood, TX",52310
48167720200,"Friendswood, TX",52231
48201551702,"Willowbridge, Houston, TX",52218
48201541203,"Copperfield Southdown Village, Houston, TX",52046
48201431202,"Westside, Houston, TX",51909
48201350300,"Southbelt/ Ellington, Houston, TX",51849
48201412300,"Southwest Houston, Houston, TX",51773
48201541100,"Copperfield Middlegate Village, Houston, TX",51728
48473680100,"Katy, TX",51715
48201454400,"George Bush Park/Eldridge, Houston, TX",51699
48167721400,"South Shore Harbour, League City, TX",51614
48201453501,"Alief, Houston, TX",51613
48201350602,"Heritage Park, Friendswood, TX",51608
48201450200,"Memorial, Houston, TX",51605
48201430100,"Memorial, Houston, TX",51561
48201421700,"Southwest Houston, Houston, TX",51528
48157672001,"Barrington Place, Sugar Land, TX",51523
48201540902,"Easton Commons, Houston, TX",51506
48201452300,"Southwest Houston, Houston, TX",51467
48201552900,"Houston, TX",51452
48201455200,"West Memorial, Katy, TX",51422
48201431302,"Westside, Houston, TX",51403
48039660300,"Pearland, TX",51395
48201450100,"Westside, Houston, TX",51380
48201340700,"Clear Lake, Houston, TX",51342
48157672301,"Townewest, Sugar Land, TX",51282
48201421000,"Southwest Houston, Bellaire, TX",51276
48201551300,"Cutten Green, Houston, TX",51210
48201324000,"Pasadena, TX",51133
48201314001,"Astrodome, Houston, TX",51116
48201251100,"Kingwood, Humble, TX",51092
48201555502,"Tomball, TX",51082
48201450500,"Westside, Houston, TX",50957
48201433300,"Westside, Houston, TX",50937
48201342500,"Erin Glen, Deer Park, TX",50907
48201451601,"George Bush Park/Eldridge, Houston, TX",50902
48039660802,"Pearland, TX",50842
48201554403,"Villages Of Cypress Lakes, Cypress, TX",50791
48201333901,"Southbelt/ Ellington, Houston, TX",50762
48201412700,"Southwest Houston, Bellaire, TX",50728
48201420300,"Southwest Houston, Houston, TX",50692
48201450900,"Westside, Houston, TX",50634
48201554700,"Lakewood Grove, Tomball, TX",50621
48201553401,"Enchanted Oaks, Spring, TX",50619
48201413000,"Southwest Houston, Houston, TX",50574
48201540502,"Bear Creek Village, Houston, TX",50539
48201451401,"Westside, Houston, TX",50469
48157672701,"Sugar Land, TX",50353
48071710100,"Mont Belvieu, TX",50338
48201554801,"Tomball, TX",50331
48157671001,"Quail Valley, Missouri City, TX",50322
48201551200,"Greenwood Forest, Houston, TX",50256
48157672500,"Kingsbridge Court, Houston, TX",50230
48201554402,"Cypress Point Lake Estates, Cypress, TX",50217
48201552002,"Crossroads Park, Houston, TX",50178
48201455102,"Katy, TX",50062
48201552103,"Bonaire, Houston, TX",50061
48201553500,"Cypresswood, Spring, TX",49986
48167721201,"South Shore Harbour, League City, TX",49946
48201552001,"Steeplechase, Houston, TX",49935
48201454302,"Windgate, Houston, TX",49927
48201454800,"Memorial Parkway, Katy, TX",49913
48201553801,"Spring Creek Oaks, Spring, TX",49890
48201420700,"Southwest Houston, Houston, TX",49888
48201534202,"Woodwind Lakes, Houston, TX",49882
48201250402,"Atasca Woods, Atascocita, TX",49829
48201451300,"Briarforest, Houston, TX",49800
48157672302,"Ragus Lake Estates, Sugar Land, TX",49797
48167720301,"Friendswood, TX",49758
48201541500,"Windsong, Houston, TX",49750
48201323702,"Parkgate, Pasadena, TX",49729
48157674601,"Greatwood Shores, Sugar Land, TX",49677
48157672400,"Sugar Land, TX",49670
48201253200,"Baytown, TX",49663
48201451001,"Westside, Houston, TX",49548
48201450400,"Memorial, Houston, TX",49532
48201252700,"Crosby, TX",49502
48201540700,"Concord Bridge, Houston, TX",49491
48157671502,"Oyster Creek Plantation, Missouri City, TX",49484
48201323801,"Pasadena, TX",49398
48201532002,"North Houston, Houston, TX",49379
48201454000,"Mission Bend San Gabriel, Houston, TX",49353
48201540601,"Georgetown Colony, Houston, TX",49319
48201342900,"Deer Park, TX",49246
48157674700,"Riverpark West, Richmond, TX",49208
48201454502,"Energy Corridor, Katy, TX",49201
48201555600,"Tomball, TX",49126
48201252100,"K-lake Terrace, Houston, TX",49069
48201552700,"Houston, TX",49021
48201450801,"Westside, Houston, TX",49012
48201554302,"Cypress, TX",48909
48201342100,"Pasadena, TX",48885
48201250702,"Kingwood Glen, Humble, TX",48867
48201541202,"Copperfield Southcreek Village, Houston, TX",48834
48201450300,"Memorial, Houston, TX",48804
48201553600,"Terranova, Spring, TX",48796
48201552102,"Tower Oaks Meadows, Houston, TX",48763
48201350200,"Southbelt/ Ellington, Houston, TX",48737
48201342002,"Fairmont Estates, Pasadena, TX",48651
48201350700,"Wedgewood Village, Friendswood, TX",48640
48201343302,"La Porte, TX",48567
48201551701,"Houston, TX",48516
48157672200,"Sugar Land, TX",48473
48201342700,"Deer Park, TX",48432
48201431101,"Westside, Houston, TX",48378
48201432100,"Westside, Houston, TX",48352
48201521900,"Northwest Houston, Houston, TX",48321
48201433202,"Southwest Houston, Houston, TX",48281
48157672702,"Pheasant Creek, Sugar Land, TX",48280
48201412200,"South Central Houston, Houston, TX",48258
48201342400,"Bowling Green, Pasadena, TX",48256
48201254400,"Middletown, Baytown, TX",48230
48157670901,"Lake Shore Harbour, Missouri City, TX",48226
48201455101,"Cimarron, Katy, TX",48198
48201522201,"Northwest Houston, Houston, TX",48152
48201542000,"Silvermill, Katy, TX",48124
48201253300,"Baytown, TX",48109
48201554200,"Charterwood, Houston, TX",48088
48201430200,"Memorial, Houston, TX",48079
48201431801,"Southwest Houston, Houston, TX",48069
48201451500,"Westside, Houston, TX",48066
48201431700,"Southwest Houston, Houston, TX",48040
48201350400,"Southbelt/ Ellington, Houston, TX",47997
48201251901,"Crosby, TX",47955
48201423201,"Greater Fondren Southwest, Houston, TX",47937
48201554001,"Spring, TX",47865
48157672601,"Mission Bend South, Houston, TX",47858
48201343301,"La Porte, TX",47841
48201341202,"Houston, TX",47813
48201233701,"Northeast Houston, Galena Park, TX",47801
48201333300,"Greater Hobby Area, Houston, TX",47787
48201451100,"Briarforest, Houston, TX",47758
48157672800,"Orchard Lake Estates, Sugar Land, TX",47749
48201411501,"Greenway/Upper Kirby, Houston, TX",47735
48157672002,"Southmeadow, Stafford, TX",47718
48201451602,"George Bush Park/Eldridge, Houston, TX",47691
48157672602,"Mission Glen Estates, Houston, TX",47660
48201412900,"Southwest Houston, Houston, TX",47650
48201542600,"Lakecrest, Katy, TX",47648
48201432001,"Westside, Houston, TX",47636
48201451402,"George Bush Park/Eldridge, Houston, TX",47626
48201542900,"Katy, TX",47621
48201541001,"Copper Grove, Houston, TX",47509
48201541900,"Barker Ridge, Houston, TX",47467
48201551703,"Houston, TX",47461
48201321600,"Wedgewood, Pasadena, TX",47439
48201321800,"Meadowbrook/ Allendale, Houston, TX",47435
48201542700,"Katy, TX",47410
48201554802,"Gleannloch Farms, Spring, TX",47406
48157673400,"Lakes Of Mission Grove, Richmond, TX",47391
48201453401,"Alief, Houston, TX",47380
48201522000,"Northwest Houston, Houston, TX",47358
48201531400,"Northside, Houston, TX",47311
48201220300,"North Houston, Houston, TX",47293
48201252400,"Old River Terrace, Channelview, TX",47287
48201411000,"Southwest Houston, Houston, TX",47286
48039660801,"Pearland, TX",47273
48201450600,"Energy Corridor, Houston, TX",47254
48201521800,"Northwest Houston, Houston, TX",47250
48201542800,"Village Green West, Katy, TX",47241
48201411700,"Greenway/Upper Kirby, Houston, TX",47180
48201522402,"Northwest Houston, Houston, TX",47164
48157671400,"Colony Lake Estates, Stafford, TX",47133
48201433201,"Southwest Houston, Houston, TX",47095
48201452700,"Pheasant Trace Village, Houston, TX",47070
48201551400,"Independence Grove, Houston, TX",47063
48201250500,"Atascocita Timbers, Humble, TX",47058
48201553100,"Ponderosa Forest, Houston, TX",47014
48039660702,"Manvel, TX",46988
48201253900,"Baytown, TX",46978
48201453800,"Southwest Houston, Houston, TX",46972
48201432702,"Westside, Houston, TX",46916
48201240802,"Humble, TX",46902
48201341301,"Clear Lake, Houston, TX",46901
48201420200,"Southwest Houston, Houston, TX",46898
48201343200,"La Porte, TX",46878
48201251700,"Huffman, TX",46848
48201540200,"Northwest Houston, Houston, TX",46837
48201551600,"Harvest Bend, Houston, TX",46814
48201541700,"Addicks, Houston, TX",46730
48201251000,"Kingwood, Houston, TX",46717
48201314400,"Astrodome, Houston, TX",46704
48201341700,"Harris County, TX",46675
48201543001,"Cypress, TX",46636
48201412800,"Southwest Houston, Bellaire, TX",46627
48201531700,"North Houston, Houston, TX",46621
48201411200,"River Oaks, Houston, TX",46613
48039660701,"Pearland, TX",46587
48201541002,"Stone Gate, Houston, TX",46586
48201511002,"Lazybrook/ Timbergrove, Houston, TX",46559
48201420400,"Southwest Houston, Houston, TX",46552
48201452600,"Eldridge View, Houston, TX",46544
48201541800,"Houston, TX",46535
48201322600,"Birnham Woods, Pasadena, TX",46515
48071710200,"Baytown, TX",46511
48201311300,"Greater East End, Houston, TX",46424
48157671300,"Dove Country, Stafford, TX",46411
48201250701,"Atascocita, TX",46367
48201455300,"Katy, TX",46330
48201454100,"Houston, TX",46313
48201411502,"Greenway/Upper Kirby, Houston, TX",46245
48201323600,"Parkview South, Pasadena, TX",46243
48201530900,"Northside, Houston, TX",46222
48201452000,"George Bush Park/Eldridge, Houston, TX",46206
48201233400,"Northeast Houston, Houston, TX",46195
48157673300,"Fulshear, TX",46189
48201254200,"Goose Creek, Baytown, TX",46164
48201410600,"Central Business District, Houston, TX",46144
48201252000,"Summerwood, Houston, TX",46143
48201343100,"Fairmont Park West, La Porte, TX",46085
48039660900,"Pearland, TX",46058
48201321700,"Meadowbrook/ Allendale, Houston, TX",46052
48201553002,"Northgate Country Club Nine, Houston, TX",46046
48201241300,"Spring Lakes, Spring, TX",46040
48201340500,"Clear Lake, Houston, TX",46027
48201552400,"Tower Oaks, Houston, TX",45999
48201323200,"Oak Cliff, Pasadena, TX",45991
48157673200,"Brookshire, TX",45944
48201432802,"Southwest Houston, Houston, TX",45926
48201233002,"Northeast Houston, Houston, TX",45921
48201323500,"Alta Vista Acres, Pasadena, TX",45899
48201311100,"Greater East End, Houston, TX",45889
48201253700,"Baytown, TX",45888
48201541003,"Houston, TX",45824
48201542400,"Westgrenn, Katy, TX",45824
48201522302,"Northwest Houston, Houston, TX",45775
48201510400,"Greater Heights, Houston, TX",45744
48201333000,"Golfcrest, Houston, TX",45729
48201454301,"Oak Park Ridge, Houston, TX",45722
48201551100,"Briarchase, Houston, TX",45719
48201453402,"Alief, Houston, TX",45694
48039660500,"Pearland, TX",45681
48039660200,"Friendswood, TX",45676
48201554501,"Cypress, TX",45640
48201254000,"Plumwood, Baytown, TX",45633
48157675400,"Rosenberg, TX",45623
48201531500,"Northside, Houston, TX",45619
48201322700,"Berkshire Village, Pasadena, TX",45606
48201543003,"Yaupon Ranch, Cypress, TX",45596
48201422402,"Greater Fondren Southwest, Houston, TX",45563
48201422600,"Southwest Houston, Houston, TX",45502
48201510800,"Washington Ave./ Memorial Park, Houston, TX",45467
48201241103,"Timber Lane, Spring, TX",45465
48201532501,"Woodland Trails West, Houston, TX",45465
48201542101,"Katy, TX",45454
48201453502,"Westside, Houston, TX",45448
48201323802,"Pasadena, TX",45372
48201431201,"Westside, Houston, TX",45298
48167721500,"Kemah, TX",45284
48201541602,"Glencairn, Houston, TX",45276
48201233300,"Northeast Houston, Houston, TX",45258
48201350500,"Southbelt/ Ellington, Houston, TX",45258
48201311500,"Greater East End, Houston, TX",45247
48201321500,"Mount Vernon, South Houston, TX",45238
48157675100,"Villages Of Town Center, Rosenberg, TX",45207
48201341502,"Seabrook, TX",45193
48201452801,"Alief, Houston, TX",45187
48201422800,"Westside, Houston, TX",45180
48201254500,"Baytown, TX",45170
48201333600,"Southeast Houston, Houston, TX",45137
48201222800,"Aldine Gardens, Houston, TX",45107
48167721300,"League City, TX",45077
48201431600,"Westside, Houston, TX",45052
48201454200,"Houston, TX",45040
48201250401,"Atasca Woods, Humble, TX",45040
48201450802,"Briarforest, Houston, TX",45037
48201451800,"Westside, Houston, TX",45014
48201540100,"Lakes On Eldridge North, Houston, TX",44984
48201321000,"Edgebrook, Houston, TX",44973
48201532400,"Northside, Houston, TX",44969
48201311800,"Gulfgate/ Pine Valley, Houston, TX",44962
48157675200,"Cambridge Village, Rosenberg, TX",44954
48201252900,"Highlands, TX",44947
48039660601,"Pearland, TX",44917
48201310100,"Greater East End, Houston, TX",44914
48201221300,"North Houston, Houston, TX",44912
48473680300,"Prairie View, TX",44912
48201342200,"Bramley, Pasadena, TX",44906
48201241102,"Birnam Wood, Spring, TX",44858
48201341000,"Clear Lake, Webster, TX",44836
48201253500,"Lantern Park, Baytown, TX",44815
48201320602,"Meadowbrook/ Allendale, Houston, TX",44779
48201240400,"Houston, TX",44775
48201233500,"Northeast Houston, Houston, TX",44755
48201552200,"Cypress Chase, Cypress, TX",44754
48201453000,"Southwest Houston, Houston, TX",44752
48201541300,"Stone Creek, Houston, TX",44749
48201552500,"Marwood Estates, Houston, TX",44735
48201320800,"South Houston, TX",44731
48157673101,"Marshall Oaks, Katy, TX",44718
48201320900,"Edgebrook, Houston, TX",44691
48201254700,"Baytown, TX",44677
48039660602,"Pearland, TX",44666
48201451901,"George Bush Park/Eldridge, Houston, TX",44664
48201452100,"Westside, Houston, TX",44646
48201334003,"Southbelt/ Ellington, Houston, TX",44639
48201542102,"Katy, TX",44615
48201410401,"Hyde Park, Houston, TX",44606
48201341501,"El Lago, TX",44596
48201342300,"South Pasadena Plaza, Deer Park, TX",44550
48201333700,"Greater Hobby Area, Houston, TX",44547
48201413300,"Southwest Houston, Houston, TX",44543
48201421403,"Southwest Houston, Houston, TX",44500
48201250600,"Humble, TX",44429
48201511302,"Northside, Houston, TX",44396
48201254100,"Baytown, TX",44376
48201431900,"Southwest Houston, Houston, TX",44341
48201252301,"Sterling Green South, Channelview, TX",44319
48201422702,"Southwest Houston, Houston, TX",44317
48201453900,"Houston, TX",44295
48201511301,"Greater Heights, Houston, TX",44273
48201543100,"Hockley, TX",44262
48201310800,"Greater East End, Houston, TX",44221
48201522401,"Spring Branch West, Houston, TX",44220
48201411300,"Southwest Houston, Houston, TX",44217
48201321900,"Pasadena, TX",44189
48201350802,"Friendswood, TX",44188
48201254600,"Britton Cravens, Baytown, TX",44178
48201412000,"South Central Houston, Houston, TX",44177
48201233703,"Northeast Houston, Houston, TX",44117
48201411100,"River Oaks, Houston, TX",44115
48201420600,"Southwest Houston, Houston, TX",44083
48201521000,"Northwest Houston, Houston, TX",44074
48201541400,"Glencairn, Houston, TX",44050
48201534203,"Houston, TX",44021
48201310300,"South Central Houston, Houston, TX",44011
48157674800,"Lamar Estates, Rosenberg, TX",43998
48339692400,"Montgomery County, TX",43996
48291701100,"Dayton, TX",43977
48201452400,"Alief, Houston, TX",43948
48157675300,"Rosenberg, TX",43943
48201341201,"Webster, TX",43908
48157674603,"Tara, Richmond, TX",43895
48201554600,"Lakewood Forest, Tomball, TX",43890
48201233003,"Northeast Houston, Houston, TX",43850
48201254300,"Baytown, TX",43839
48201534201,"Wagon Wheel Estates, Houston, TX",43814
48157672900,"Grand Mission, Richmond, TX",43793
48201431401,"Westside, Houston, TX",43752
48201310500,"Greater East End, Houston, TX",43741
48201252800,"St Charles Place, Crosby, TX",43738
48201250302,"Humble, TX",43734
48201253600,"Baytown, TX",43714
48201553200,"Houston, TX",43677
48201543200,"Houston, TX",43643
48201252200,"Houston Farms, Houston, TX",43621
48201540602,"Yorktown Colony, Houston, TX",43590
48201540800,"Chimney Hill, Houston, TX",43547
48201452202,"Westchase, Houston, TX",43536
48201452900,"Alief, Houston, TX",43519
48201453403,"Westside, Houston, TX",43513
48201324100,"Pasadena, TX",43507
48201252600,"Old River Acres, Channelview, TX",43494
48201233702,"Northeast Houston, Galena Park, TX",43489
48201341100,"Webster, TX",43443
48157671800,"Stafford, TX",43426
48201421600,"Gulfton, Houston, TX",43414
48201240902,"Kenswick, Humble, TX",43412
48201432902,"Sharpstown, Houston, TX",43396
48157673102,"Katy, TX",43387
48201320200,"Park Place, Houston, TX",43327
48201253800,"Baytown, TX",43323
48201542301,"Katy, TX",43313
48201531200,"Northside, Houston, TX",43291
48201341800,"Shady River, La Porte, TX",43267
48201421101,"Southwest Houston, Houston, TX",43251
48201311200,"Greater East End, Houston, TX",43244
48167721600,"Kemah, TX",43211
48201241200,"Timber Lane, Spring, TX",43201
48201432200,"Westside, Houston, TX",43195
48201433400,"Westside, Houston, TX",43184
48201311900,"Southeast Houston, Houston, TX",43175
48201241000,"Greengate Place, Spring, TX",43166
48201221400,"North Houston, Houston, TX",43157
48201510500,"Greater Heights, Houston, TX",43154
48201521500,"Kempwood, Houston, TX",43145
48201343600,"Bay Front To La Porte, La Porte, TX",43116
48201340900,"Clear Lake, Webster, TX",43112
48201534100,"Houston, TX",43110
48201323300,"South Pasadena Villas, Pasadena, TX",43100
48201522100,"Northwest Houston, Houston, TX",43097
48201341600,"Seabrook, TX",43094
48201322800,"Red Bluff Terrace, Pasadena, TX",43091
48201343000,"La Porte, TX",43071
48201542302,"Katy, TX",43053
48201323000,"Satsuma Gardens, Pasadena, TX",43000
48201410900,"Montrose, Houston, TX",42974
48201550900,"Kleinbrook, Houston, TX",42960
48473680200,"Pattison, TX",42941
48201221800,"Westfield Manor, Houston, TX",42903
48201533500,"Hidden Valley, Houston, TX",42834
48201332900,"Golfcrest, Houston, TX",42775
48201421500,"Southwest Houston, Houston, TX",42729
48201511001,"Lazybrook/ Timbergrove, Houston, TX",42720
48201532502,"Greater Inwood, Houston, TX",42699
48201533902,"Northwest Park, Houston, TX",42687
48201220200,"Northside, Houston, TX",42659
48201551900,"Trails At Steeplechase Apts 3, Houston, TX",42624
48201233001,"Northeast Houston, Houston, TX",42596
48201531000,"North Houston, Houston, TX",42538
48201422100,"Southwest Houston, Houston, TX",42502
48201332800,"Golfcrest, Houston, TX",42489
48339692002,"Spring, TX",42475
48201321401,"South Houston, TX",42421
48201521300,"Northwest Houston, Houston, TX",42399
48157671002,"Quail Valley, Missouri City, TX",42373
48201252302,"Sterling Green, Channelview, TX",42361
48201232200,"Fall Creek, Humble, TX",42317
48201531300,"North Houston, Houston, TX",42293
48201322100,"Pasadena Highlands, Pasadena, TX",42293
48201451403,"Westside, Houston, TX",42293
48201222300,"Houston, TX",42285
48201520300,"Northwest Houston, Houston, TX",42282
48201534003,"Blue Creek, Houston, TX",42255
48201341302,"Clear Lake, Houston, TX",42245
48201321402,"South Houston, TX",42212
48201552101,"Wortham Grove, Houston, TX",42210
48201240701,"North View, Houston, TX",42196
48201510900,"Lazybrook/ Timbergrove, Houston, TX",42190
48201532600,"Inwood North, Houston, TX",42175
48201240801,"North Park Forest, Houston, TX",42167
48201232401,"Houston, TX",42160
48201410200,"Montrose, Houston, TX",42154
48201531600,"Northside, Houston, TX",42153
48201511600,"Greater Heights, Houston, TX",42122
48201320100,"Park Place, Houston, TX",42078
48201511400,"Greater Heights, Houston, TX",42062
48201530200,"Northside, Houston, TX",42052
48201222000,"Eastex/ Jensen, Houston, TX",42036
48201453700,"Southwest Houston, Houston, TX",42035
48201452500,"Southwest Houston, Houston, TX",42011
48201321300,"Edgebrook, Houston, TX",42007
48201413202,"Braeswood Place, Houston, TX",41993
48291701000,"Dayton, TX",41933
48201421300,"Sharpstown, Houston, TX",41907
48201240901,"Foxwood, Humble, TX",41885
48201233101,"Northeast Houston, Houston, TX",41844
48201310600,"Greater East End, Houston, TX",41836
48201333902,"Southbelt/ Ellington, Houston, TX",41836
48291700900,"Dayton, TX",41831
48201323900,"Golden Acres, Pasadena, TX",41733
48157675500,"Rosenberg, TX",41702
48201533801,"Houston, TX",41678
48201520100,"Westview, Houston, TX",41656
48201440100,"Southwest Houston, Houston, TX",41647
48201556000,"Hockley, TX",41616
48201453602,"Alief, Houston, TX",41600
48201100000,"Central Business District, Houston, TX",41594
48201221600,"Northline Terrace, Houston, TX",41508
48201510600,"Washington Ave./ Memorial Park, Houston, TX",41507
48201520500,"Northwest Houston, Houston, TX",41502
48201212400,"Northeast Houston, Houston, TX",41470
48201310400,"South Central Houston, Houston, TX",41462
48201431102,"Westside, Houston, TX",41433
48201221200,"Northside, Houston, TX",41432
48157674604,"Richmond, TX",41402
48201540501,"Timber Creek Place, Houston, TX",41396
48201232600,"Northeast Houston, Houston, TX",41388
48201253100,"Baytown, TX",41375
48201531100,"North Houston, Houston, TX",41371
48201220900,"Northeast Houston, Houston, TX",41366
48201232500,"El Dorado/ Oates Prarie, Houston, TX",41361
48201532700,"Inwood Club Estates, Houston, TX",41348
48201220600,"Northside, Houston, TX",41329
48201550500,"Houston, TX",41318
48201320500,"Meadowbrook/ Allendale, Houston, TX",41186
48201533802,"Houston, TX",41125
48201510200,"Montrose, Houston, TX",41107
48201221700,"Roos Acres, Houston, TX",41101
48201350801,"Forest Bend, Friendswood, TX",41097
48201334002,"Southbelt/ Ellington, Houston, TX",41071
48201232900,"Woodforest, Houston, TX",41061
48201220400,"North Houston, Houston, TX",41046
48201511500,"Northside, Houston, TX",41027
48201520700,"Northwest Houston, Houston, TX",40993
48201310900,"Greater East End, Houston, TX",40957
48201510300,"Northside, Houston, TX",40937
48201521700,"Fairbanks/ Northwest Crossing, Houston, TX",40926
48157671200,"Parkway Trails, Missouri City, TX",40923
48201253000,"Country Terrace, Highlands, TX",40915
48201520601,"Northwest Houston, Houston, TX",40890
48201550302,"North Forest, Houston, TX",40888
48201250100,"Humble, TX",40867
48201423402,"Greater Fondren Southwest, Houston, TX",40860
48201220500,"North Houston, Houston, TX",40832
48201423302,"Greater Fondren Southwest, Houston, TX",40828
48201343700,"La Porte, TX",40823
48201311000,"Greater East End, Houston, TX",40789
48201522202,"Northwest Houston, Houston, TX",40775
48201314002,"Southwest Houston, Houston, TX",40742
48201521100,"Northwest Houston, Houston, TX",40742
48201431301,"Westside, Houston, TX",40694
48201322200,"Park Brothers, Pasadena, TX",40691
48201534002,"Willowood, Houston, TX",40690
48201532800,"Northside, Houston, TX",40665
48201323400,"Pasadena, TX",40609
48201340100,"Southbelt/ Ellington, Houston, TX",40567
48201321100,"Southbelt/ Ellington, Houston, TX",40481
48201211500,"Northeast Houston, Houston, TX",40477
48201232402,"Pine Trails, Houston, TX",40434
48201453601,"Alief, Houston, TX",40396
48201410702,"Montrose, Houston, TX",40389
48201534001,"Houston, TX",40362
48201522301,"Northwest Houston, Houston, TX",40362
48157675800,"East Bernard, TX",40340
48201210600,"Northside, Houston, TX",40338
48201222401,"Northfield Place, Houston, TX",40310
48201312000,"South Central Houston, Houston, TX",40309
48201431802,"Southwest Houston, Houston, TX",40307
48201550401,"Houston, TX",40296
48201233102,"Northeast Houston, Houston, TX",40279
48201552601,"Willowbrook, Houston, TX",40266
48201422500,"Southwest Houston, Houston, TX",40230
48201542200,"Katy, TX",40224
48201510700,"Washington Ave./ Memorial Park, Houston, TX",40196
48201232403,"Houston, TX",40182
48201423301,"Southwest Houston, Houston, TX",40170
48201320700,"Meadowbrook/ Allendale, Houston, TX",40150
48201551500,"Meadow Vista, Houston, TX",40147
48201334001,"Southbelt/ Ellington, Houston, TX",40139
48201222503,"Northside, Houston, TX",40118
48201432500,"Westside, Houston, TX",40084
48201423600,"Southwest Houston, Houston, TX",40062
48201451700,"Westside, Houston, TX",40042
48201311700,"Southeast Houston, Houston, TX",40027
48201532100,"North Houston, Houston, TX",39979
48201421401,"Gulfton, Houston, TX",39975
48201422900,"Braeburn, Houston, TX",39923
48339692300,"Porter, TX",39900
48201233103,"Northeast Houston, Houston, TX",39899
48201520200,"Northwest Houston, Houston, TX",39892
48201221500,"Northside, Houston, TX",39860
48201250301,"Humble, TX",39850
48201233200,"Northeast Houston, Houston, TX",39793
48201253400,"Wooster Terrace, Baytown, TX",39790
48201221100,"Eastex/ Jensen, Houston, TX",39785
48201210400,"Northside, Houston, TX",39758
48201240702,"Houston, TX",39751
48201550601,"Rushwood, Houston, TX",39706
48201222502,"Swea Gardens, Houston, TX",39689
48201232800,"Riviera East, Houston, TX",39668
48201452802,"Westside, Houston, TX",39611
48201532300,"Fairbanks/ Northwest Crossing, Houston, TX",39515
48201410300,"Montrose, Houston, TX",39507
48201220700,"Eastex/ Jensen, Houston, TX",39486
48201423401,"Greater Fondren Southwest, Houston, TX",39468
48201410500,"Montrose, Houston, TX",39438
48201420100,"Southwest Houston, Houston, TX",39417
48201410701,"Montrose, Houston, TX",39398
48201422701,"Southwest Houston, Houston, TX",39398
48201421402,"Gulfton, Houston, TX",39388
48201533901,"Northwest Park, Houston, TX",39333
48201511200,"Northside, Houston, TX",39330
48201532900,"Inwood North, Houston, TX",39300
48201222100,"Greenwood Village, Houston, TX",39295
48201451002,"Westside, Houston, TX",39292
48201420500,"Southwest Houston, Houston, TX",39230
48201521600,"Carverdale, Houston, TX",39193
48201210500,"Near Northside, Houston, TX",39191
48201332700,"Golfcrest, Houston, TX",39171
48201553300,"Cypress Station, Houston, TX",39165
48201223002,"High Meadows, Houston, TX",39102
48201423000,"Braeburn, Houston, TX",39052
48201432300,"Westside, Houston, TX",38995
48201221900,"Oakwilde, Houston, TX",38944
48201550700,"Houston, TX",38927
48201433600,"Southwest Houston, Houston, TX",38842
48201323100,"Satsuma Gardens, Pasadena, TX",38832
48201223100,"Parkwood Estates, Houston, TX",38786
48201410100,"Fourth Ward, Houston, TX",38755
48157671100,"Stafford, TX",38653
48201322900,"Pasadena Gardens, Pasadena, TX",38650
48201550603,"Camden Park, Houston, TX",38604
48201222501,"Northside, Houston, TX",38540
48201452201,"Westside, Houston, TX",38521
48201410402,"Montrose, Houston, TX",38517
48201252500,"Dezavalla Acres, Channelview, TX",38487
48201433003,"Chinatown, Houston, TX",38482
48201533100,"Northside, Houston, TX",38477
48201432600,"Westside, Houston, TX",38322
48201222402,"Oak Glen Place, Houston, TX",38289
48201521400,"Kempwood, Houston, TX",38281
48201510100,"Washington Ave./ Memorial Park, Houston, TX",38279
48201333100,"Southeast Houston, Houston, TX",38266
48201320601,"Meadowbrook/ Allendale, Houston, TX",38223
48201240100,"Greater Greenspoint, Houston, TX",38188
48201410800,"Montrose, Houston, TX",38162
48201310700,"Greater East End, Houston, TX",38155
48201432901,"Sharpstown, Houston, TX",38131
48201453300,"Alief, Houston, TX",38126
48201312500,"Midtown, Houston, TX",38096
48201520602,"Northwest Houston, Houston, TX",38056
48201241500,"Humble, TX",38019
48157674900,"Richmond, TX",38006
48201521200,"Northwest Houston, Houston, TX",37979
48201250200,"Humble, TX",37921
48201453100,"Southwest Houston, Houston, TX",37820
48201533702,"Fallbrook, Houston, TX",37817
48157670700,"Houston, TX",37757
48201313100,"Museum District, Houston, TX",37727
48201311400,"Greater East End, Houston, TX",37674
48201333202,"Greater Hobby Area, Houston, TX",37648
48157670102,"Fort Bend Houston, Houston, TX",37636
48201222200,"Orange Grove Britton, Houston, TX",37599
48201533701,"Houston, TX",37576
48201232301,"Houston, TX",37553
48201231100,"Northeast Houston, Houston, TX",37512
48201211900,"Northeast Houston, Houston, TX",37406
48201330303,"Fondren Gardens, Houston, TX",37399
48201321200,"Southbelt/ Ellington, Pasadena, TX",37363
48201422302,"Southwest Houston, Houston, TX",37343
48201311600,"Greater East End, Houston, TX",37260
48201232701,"Northeast Houston, Houston, TX",37113
48157670902,"Fresno, TX",37099
48201221000,"Eastex/ Jensen, Houston, TX",37020
48201530100,"Northwest Houston, Houston, TX",36996
48201333800,"Greater Hobby Area, Houston, TX",36993
48201511100,"Northside, Houston, TX",36967
48201222900,"Castlewood, Houston, TX",36964
48201212300,"Near Northside, Houston, TX",36949
48157670800,"Fresno, TX",36864
48201332600,"Golfcrest, Houston, TX",36834
48201432002,"Westside, Houston, TX",36748
48201453200,"Alief, Houston, TX",36659
48201230500,"Eastex/ Jensen, Houston, TX",36636
48201530700,"Northside, Houston, TX",36635
48201550402,"Laurel Oaks, Houston, TX",36623
48201211600,"Northeast Houston, Houston, TX",36521
48201550602,"Mckamy Meadows, Houston, TX",36521
48201322000,"Pasadena, TX",36486
48201421102,"Southwest Houston, Houston, TX",36414
48201210900,"Northside, Houston, TX",36411
48201313900,"Astrodome, Houston, TX",36361
48201330302,"Southwest Houston, Houston, TX",36303
48201423202,"Greater Fondren Southwest, Houston, TX",36296
48201432801,"Sharpstown, Houston, TX",36230
48201551000,"Northcliffe, Houston, TX",36170
48201330700,"Central Southwest, Houston, TX",36148
48201422301,"Greater Fondren Southwest, Houston, TX",36104
48201222600,"Northside, Houston, TX",36069
48201421202,"Southwest Houston, Houston, TX",36004
48201530600,"Independence Heights, Houston, TX",35859
48201532200,"Northside, Houston, TX",35843
48201533200,"Greater Inwood, Houston, TX",35841
48201223001,"Fairgreen, Houston, TX",35810
48201432400,"Westchase, Houston, TX",35791
48201313200,"Southeast Houston, Houston, TX",35709
48201532001,"Greater Inwood, Houston, TX",35641
48201550301,"Houston, TX",35570
48201222700,"Houston, TX",35519
48201520400,"Northwest Houston, Houston, TX",35452
48157675000,"Rosenberg, TX",35376
48201231700,"Melwood Place, Houston, TX",35349
48201313000,"MacGregor, Houston, TX",35329
48201232302,"Stonefield Terrace, Houston, TX",35303
48201324200,"Harrisburg/ Manchester, Houston, TX",35301
48201334100,"Southwest Houston, Houston, TX",35274
48201333500,"Glenbrook Valley, Houston, TX",35166
48201330301,"Southwest Houston, Houston, TX",35155
48201333201,"Southeast Houston, Houston, TX",34956
48201240600,"Greenspoint, Houston, TX",34927
48201550800,"Greenfield Village, Houston, TX",34849
48201330400,"Southwest Houston, Houston, TX",34642
48201330500,"Southwest Houston, Houston, TX",34592
48201232702,"Northeast Houston, Houston, TX",34504
48201421201,"Gulfton, Houston, TX",34470
48157670500,"Hunters Glen, Missouri City, TX",34372
48157670300,"Briargate, Missouri City, TX",34249
48201433502,"Southwest Houston, Houston, TX",34029
48157670601,"Fort Bend Houston, Missouri City, TX",33876
48157670101,"Fort Bend Houston, Houston, TX",33696
48201533400,"Heather Glen, Houston, TX",33682
48201533600,"Charleston Gardens, Houston, TX",33618
48201330800,"Brunswick Lakes, Houston, TX",33616
48201220800,"Northeast Houston, Houston, TX",33562
48201422401,"Southwest Houston, Houston, TX",33361
48201210700,"Northside, Houston, TX",33285
48201312600,"Museum District, Houston, TX",33279
48201232000,"Houston, TX",33245
48201530800,"Acres Homes, Houston, TX",33160
48201330900,"Southwest Houston, Houston, TX",33145
48157670400,"Southwest Houston, Missouri City, TX",33088
48201432701,"Westside, Houston, TX",33044
48201330600,"Southwest Houston, Houston, TX",32629
48201230600,"Northside, Houston, TX",32555
48201312800,"Southeast Houston, Houston, TX",32542
48201330200,"Central Southwest, Houston, TX",32432
48201422200,"Greater Fondren Southwest, Houston, TX",32425
48201332500,"Southeast Houston, Houston, TX",32352
48157670602,"Southwest Houston, Missouri City, TX",32223
48201332300,"South Side, Houston, TX",32170
48201232100,"Pine Village North, Houston, TX",32169
48201312900,"MacGregor, Houston, TX",32107
48201330100,"Central Southwest, Houston, TX",32080
48201211200,"Northside, Houston, TX",31957
48201211100,"Frenchtown, Houston, TX",31934
48201231800,"East Little York/ Homestead, Houston, TX",31894
48201433100,"Chinatown, Houston, TX",31842
48201433501,"Westside, Houston, TX",31817
48201550100,"Houston, TX",31812
48201231200,"East Houston, Houston, TX",31789
48201313400,"Southeast Houston, Houston, TX",31717
48157670200,"Southwest Houston, Houston, TX",31578
48201530500,"Independence Heights, Houston, TX",31387
48201230700,"Northside, Houston, TX",31225
48201423100,"Braeburn, Houston, TX",31115
48201313600,"OST/ South Union, Houston, TX",31041
48201312300,"Greater Third Ward, Houston, TX",30689
48201331500,"Southeast Houston, Houston, TX",30573
48201530300,"Independence Heights, Houston, TX",30516
48201314300,"South Main, Houston, TX",30407
48201233600,"Clinton Park Tri-Community, Houston, TX",30405
48201533000,"Acres Homes, Houston, TX",30234
48201433001,"Chinatown, Houston, TX",30135
48201240501,"Greenbriar Place North, Houston, TX",30063
48201231300,"East Houston, Houston, TX",30005
48201240502,"Greater Greenspoint, Houston, TX",29930
48201433002,"Westside, Houston, TX",29925
48201212500,"Northeast Houston, Houston, TX",29797
48201211000,"Northside, Houston, TX",29778
48201312200,"Southeast Houston, Houston, TX",29725
48201313300,"OST/ South Union, Houston, TX",29691
48201210800,"Northside, Houston, TX",29687
48201310200,"East Downtown, Houston, TX",29550
48201211300,"Greater Fifth Ward, Houston, TX",29413
48201332200,"South Side, Houston, TX",29365
48201332400,"Southeast Houston, Houston, TX",29345
48201331700,"South Acres/ Crestmont Park, Houston, TX",29285
48201332000,"Southeast Houston, Houston, TX",29145
48201331601,"South Acres/ Crestmont Park, Houston, TX",29076
48201313500,"South Side, Houston, TX",29001
48201211700,"Northside, Houston, TX",28662
48201531900,"Acres Homes, Houston, TX",28629
48201531800,"Acres Homes, Houston, TX",28604
48201231600,"East Little York/ Homestead, Houston, TX",28571
48201530400,"Independence Heights, Houston, TX",28056
48201230400,"Northeast Houston, Houston, TX",27983
48201220100,"Eastex/ Jensen, Houston, TX",27889
48201231900,"Northside, Houston, TX",27648
48201550200,"Greater Greenspoint, Houston, TX",27631
48201331100,"Southeast Houston, Houston, TX",27070
48201313800,"OST/ South Union, Houston, TX",26902
48201331900,"South Park, Houston, TX",26662
48201231000,"East Houston, Houston, TX",26560
48201331300,"Southeast Houston, Houston, TX",26476
48201313700,"South Side, Houston, TX",26336
48201230900,"Northeast Houston, Houston, TX",26146
48201331400,"Sunnyside, Houston, TX",25916
48201312400,"Greater Third Ward, Houston, TX",25679
48201211400,"Northside, Houston, TX",25649
48201230100,"Northeast Houston, Houston, TX",25547
48201533300,"Acres Homes, Houston, TX",25336
48201230200,"Northeast Houston, Houston, TX",24909
48201231500,"East Little York/ Homestead, Houston, TX",24821
48201980100,"Humble, TX",24734
48201231400,"Northeast Houston, Houston, TX",24698
48201331200,"Southeast Houston, Houston, TX",24257
48201230300,"Northeast Houston, Houston, TX",24086
48201230800,"Northside, Houston, TX",24042
48201331602,"Southeast Houston, Houston, TX",23732
48201331800,"Southeast Houston, Houston, TX",23508
48201332100,"South Side, Houston, TX",21738
48201312700,"Southeast Houston, Houston, TX",21627
48201210100,"Downtown, Houston, TX",
48157673700,"Richmond, TX",
48201980000,"Greater Hobby Area, Houston, TX",
48201312100,"Greater Third Ward, Houston, TX",
48201412100,"South Central Houston, Houston, TX",