﻿"tract","Name","Household_Income_rP_gP_p75"
6037207103,"Central LA, Los Angeles, CA",88152
6037980010,"Echo Park, Los Angeles, CA",87886
6037212420,"Central LA, Los Angeles, CA",79494
6037262301,"Los Angeles, CA",78161
6037209300,"Central LA, Los Angeles, CA",77349
6037194101,"Central LA, Los Angeles, CA",76845
6037265100,"Westwood, Los Angeles, CA",76403
6037189902,"Central LA, Los Angeles, CA",74918
6037139801,"Tarzana, Los Angeles, CA",72678
6037139802,"Tarzana, Los Angeles, CA",70073
6037265420,"Westwood, Los Angeles, CA",69492
6037460800,"North Arroyo, Pasadena, CA",68560
6037212306,"Central LA, Los Angeles, CA",68260
6037139702,"Encino, Los Angeles, CA",67908
6037209102,"Central LA, Los Angeles, CA",67789
6037141500,"Encino, Los Angeles, CA",67368
6037224420,"South Los Angeles, Los Angeles, CA",67310
6037482002,"Monterey Park, CA",67102
6037262400,"Brentwood, Los Angeles, CA",67073
6037214700,"Beverly Grove, Los Angeles, CA",66904
6037464200,"San Marino, CA",66853
6037430701,"Arcadia, CA",66747
6037701202,"Wilshire Montana, Santa Monica, CA",66598
6037139703,"Encino, Los Angeles, CA",66479
6037216402,"Central LA, Los Angeles, CA",66310
6037261200,"Beverly Glen, Los Angeles, CA",66193
6037262302,"Brentwood, Los Angeles, CA",66131
6037480002,"San Gabriel, CA",66105
6037265601,"Westwood, Los Angeles, CA",66065
6037431600,"Arcadia, CA",66024
6037224320,"Central LA, Los Angeles, CA",65967
6037300901,"Chevy Chase, Glendale, CA",65910
6037481711,"Monterey Park, CA",65531
6037207101,"Central LA, Los Angeles, CA",65510
6037480012,"San Gabriel, CA",65452
6037464100,"San Marino, CA",65165
6037482502,"Garvey, Rosemead, CA",64941
6037700600,"Beverly Hills, CA",64824
6037224700,"South Los Angeles, Los Angeles, CA",64815
6037700300,"Central LA, West Hollywood, CA",64694
6037189701,"Central LA, Los Angeles, CA",64469
6037209510,"Central LA, Los Angeles, CA",64426
6037261102,"Beverly Hills, CA",64385
6037192001,"Central LA, Los Angeles, CA",64031
6037980024,"Encino, Los Angeles, CA",63943
6037189905,"Central LA, Los Angeles, CA",63921
6037190801,"Central LA, Los Angeles, CA",63736
6037221710,"Jefferson, Los Angeles, CA",63604
6037480201,"San Gabriel, CA",63206
6037433501,"El Monte City, South El Monte, CA",62871
6037124000,"Valley Village, Los Angeles, CA",62845
6037262601,"Pacific Palisades, Los Angeles, CA",62709
6037276601,"Playa del Rey, Los Angeles, CA",62702
6037141400,"Encino, Los Angeles, CA",62593
6037700102,"Central LA, West Hollywood, CA",62592
6037700802,"Beverly Hills, CA",62185
6037211500,"Central LA, Los Angeles, CA",62158
6037530005,"South Montebello, Montebello, CA",62129
6037300902,"Glenoaks Canyon, Glendale, CA",62059
6037481712,"Garvey, Monterey Park, CA",62016
6037431700,"Arcadia, CA",62015
6037301701,"Pelanconi, Glendale, CA",61918
6037212102,"Central LA, Los Angeles, CA",61750
6037209520,"Central LA, Los Angeles, CA",61592
6037211000,"Central LA, Los Angeles, CA",61495
6037269500,"Beverlywood, Los Angeles, CA",61479
6037278102,"Playa del Rey, Los Angeles, CA",61393
6037188202,"Central LA, Los Angeles, CA",61244
6037214100,"Central LA, Los Angeles, CA",61221
6037430600,"Arcadia, CA",61176
6037620301,"Manhattan Beach, CA",61090
6037269000,"Cheviot Hills, Los Angeles, CA",60924
6037700901,"Central LA, Beverly Hills, CA",60847
6037700801,"Beverly Hills, CA",60798
6037701201,"North of Montana, Santa Monica, CA",60740
6037267100,"West Los Angeles, Los Angeles, CA",60706
6037271600,"Mar Vista, Los Angeles, CA",60668
6037480702,"South Pasadena, CA",60614
6037701304,"North of Montana, Santa Monica, CA",60568
6037139701,"Encino, Los Angeles, CA",60562
6037191901,"Central LA, Los Angeles, CA",60492
6037265202,"Westwood, Los Angeles, CA",60423
6037143602,"Studio City, Los Angeles, CA",60376
6037480500,"South Pasadena, CA",60322
6037141202,"Sherman Oaks, Los Angeles, CA",60260
6037214502,"Central LA, Los Angeles, CA",60259
6037213401,"Central LA, Los Angeles, CA",60011
6037267200,"West Los Angeles, Los Angeles, CA",59961
6037701000,"Beverly Hills, CA",59923
6037207501,"Downtown, Los Angeles, CA",59910
6037186301,"Atwater Village, Los Angeles, CA",59868
6037265700,"Westwood, Los Angeles, CA",59829
6037265510,"Westwood, Los Angeles, CA",59823
6037124600,"Sherman Oaks, Los Angeles, CA",59782
6037701601,"Northeast, Santa Monica, CA",59669
6037181600,"Northeast Los Angeles, Los Angeles, CA",59519
6037271500,"Mar Vista, Los Angeles, CA",59483
6037701501,"Wilshire Montana, Santa Monica, CA",59444
6037481800,"Alhambra, CA",59412
6037463900,"Northeast Los Angeles, Pasadena, CA",59389
6037482102,"Monterey Park, CA",59318
6037262704,"Pacific Palisades, Los Angeles, CA",59274
6037265602,"Westwood, Los Angeles, CA",59223
6037125502,"North Hollywood, Los Angeles, CA",59162
6037462500,"Pasadena, CA",59141
6037482001,"Monterey Park, CA",59045
6037214600,"Central LA, Los Angeles, CA",59028
6037211701,"Central LA, Los Angeles, CA",58995
6037124700,"Van Nuys, Los Angeles, CA",58956
6037461700,"North Arroyo, Pasadena, CA",58941
6037139600,"Encino, Los Angeles, CA",58892
6037141101,"Sherman Oaks, Los Angeles, CA",58851
6037620305,"Manhattan Beach, CA",58795
6037190201,"Central LA, Los Angeles, CA",58677
6037432000,"Temple City, CA",58669
6037463102,"Pasadena, CA",58642
6037481300,"Rosemead, CA",58579
6037430721,"Arcadia, CA",58403
6037482600,"Garvey, Monterey Park, CA",58306
6037141600,"Sherman Oaks, Los Angeles, CA",58298
6037301000,"Woodbury, Glendale, CA",58163
6037464000,"Pasadena, CA",58089
6037143902,"Studio City, Los Angeles, CA",58061
6037218120,"Central LA, Los Angeles, CA",57999
6037265303,"Westwood, Los Angeles, CA",57950
6037700902,"Beverly Hills, CA",57945
6037701302,"Wilshire Montana, Santa Monica, CA",57939
6037700700,"The Flats, Beverly Hills, CA",57937
6037276604,"Playa del Rey, Los Angeles, CA",57869
6037481713,"Monterey Park, CA",57794
6037480703,"South Pasadena, CA",57707
6037211703,"Central LA, Los Angeles, CA",57679
6037191301,"East Hollywood, Los Angeles, CA",57333
6037226002,"Central LA, Los Angeles, CA",57326
6037431800,"Arcadia, CA",57309
6037212410,"Central LA, Los Angeles, CA",57295
6037265201,"Westwood, Los Angeles, CA",57232
6037276400,"Westchester, Los Angeles, CA",57113
6037138000,"Woodland Hills, Los Angeles, CA",57108
6037262303,"Brentwood, Los Angeles, CA",57075
6037431900,"Temple City, CA",57027
6037481401,"San Gabriel, CA",57013
6037271200,"Sawtelle, Los Angeles, CA",56945
6037301100,"Rossmoyne, Glendale, CA",56856
6037194300,"Central LA, Los Angeles, CA",56812
6037137504,"Woodland Hills, Los Angeles, CA",56809
6037481603,"Alhambra, CA",56756
6037620400,"Manhattan Beach, CA",56725
6037239601,"South Los Angeles, Los Angeles, CA",56667
6037265410,"Los Angeles, CA",56635
6037183401,"Northeast Los Angeles, Los Angeles, CA",56571
6037533501,"Huntington Park, CA",56533
6037264000,"Brentwood, Los Angeles, CA",56455
6037186404,"Glassell Park, Los Angeles, CA",56439
6037195803,"Silver Lake, Los Angeles, CA",56378
6037602103,"Hawthorne, CA",56354
6037128910,"Sherman Oaks, Los Angeles, CA",56228
6037143400,"Studio City, Los Angeles, CA",56218
6037462202,"Pasadena, CA",56214
6037551402,"Downey, CA",56210
6037264302,"Brentwood, Los Angeles, CA",56148
6037432102,"Temple City, CA",56145
6037432201,"Rosemead, CA",56119
6037197200,"Echo Park, Los Angeles, CA",56118
6037137501,"Woodland Hills, Los Angeles, CA",56113
6037267501,"West Los Angeles, Los Angeles, CA",56111
6037209401,"Central LA, Los Angeles, CA",56036
6037533503,"Huntington Park, CA",55961
6037430723,"Arcadia, CA",55960
6037480704,"South Pasadena, CA",55924
6037214902,"Central LA, Los Angeles, CA",55807
6037141304,"Sherman Oaks, Los Angeles, CA",55773
6037480202,"San Gabriel, CA",55713
6037125200,"North Hollywood, Los Angeles, CA",55685
6037463300,"Pasadena, CA",55669
6037221601,"Jefferson, Los Angeles, CA",55662
6037262604,"Pacific Palisades, Los Angeles, CA",55657
6037302504,"Mariposa, Glendale, CA",55655
6037211704,"Central LA, Los Angeles, CA",55641
6037276000,"Westchester, Los Angeles, CA",55571
6037311500,"Magnolia Park, Burbank, CA",55551
6037143500,"Studio City, Los Angeles, CA",55535
6037192510,"Central LA, Los Angeles, CA",55496
6037311700,"Burbank, CA",55488
6037533203,"Huntington Park, CA",55460
6037269100,"Pico - Robertson, Los Angeles, CA",55345
6037211420,"Central LA, Los Angeles, CA",55318
6037214901,"Beverly Grove, West Hollywood, CA",55260
6037301206,"Glenwood, Glendale, CA",55218
6037194500,"Central LA, Los Angeles, CA",55153
6037143800,"Studio City, Los Angeles, CA",55147
6037195600,"Los Angeles, CA",55087
6037183702,"Northeast Los Angeles, Los Angeles, CA",55058
6037195710,"Los Angeles, CA",55045
6037276500,"Westchester, Los Angeles, CA",55038
6037274202,"Venice, Marina del Rey, CA",54859
6037433503,"El Monte City, South El Monte, CA",54825
6037262501,"Pacific Palisades, Los Angeles, CA",54813
6037800506,"Eastern Malibu, Malibu, CA",54813
6037264301,"Brentwood, Los Angeles, CA",54811
6037480011,"San Gabriel, CA",54683
6037533502,"Huntington Park, CA",54682
6037216300,"Central LA, Los Angeles, CA",54667
6037534501,"Huntington Park, CA",54652
6037194102,"Central LA, Los Angeles, CA",54574
6037207302,"Central LA, Los Angeles, CA",54556
6037195902,"Silver Lake, Los Angeles, CA",54359
6037432902,"Rosemead, CA",54311
6037620102,"El Segundo, CA",54284
6037269300,"Cheviot Hills, Los Angeles, CA",54197
6037301802,"Vineyard, Glendale, CA",54160
6037265520,"Westwood, Los Angeles, CA",54150
6037186202,"Northeast Los Angeles, Los Angeles, CA",54142
6037199900,"Montecito Heights, Los Angeles, CA",54139
6037270200,"Palms, Los Angeles, CA",54134
6037620002,"El Segundo, CA",54109
6037480804,"Alhambra, CA",54053
6037430724,"Arcadia, CA",53927
6037211802,"Central LA, Los Angeles, CA",53845
6037463700,"South Arroyo, Pasadena, CA",53823
6037602302,"HollyGlen, Hawthorne, CA",53803
6037463800,"Northeast Los Angeles, Pasadena, CA",53785
6037271702,"Palms, Los Angeles, CA",53779
6037480101,"Temple City, CA",53778
6037189102,"Central LA, Los Angeles, CA",53733
6037620001,"El Segundo, CA",53728
6037265305,"Westwood, Los Angeles, CA",53692
6037500300,"Whittier, CA",53676
6037430502,"Sierra Madre, CA",53666
6037267902,"Rancho Park, Los Angeles, CA",53656
6037189500,"Central LA, Los Angeles, CA",53622
6037143604,"Studio City, Los Angeles, CA",53622
6037186302,"Glassell Park, Los Angeles, CA",53609
6037271100,"West Los Angeles, Los Angeles, CA",53588
6037186100,"Eagle Rock, Los Angeles, CA",53581
6037201602,"Northeast Los Angeles, Los Angeles, CA",53577
6037603703,"Hawthorne, CA",53524
6037143901,"Studio City, Los Angeles, CA",53500
6037481201,"Temple City, CA",53480
6037531502,"East Los Angeles, CA",53434
6037203500,"Boyle Heights, Los Angeles, CA",53429
6037228420,"South Los Angeles, Los Angeles, CA",53376
6037201700,"Northeast Los Angeles, Los Angeles, CA",53356
6037533106,"Huntington Park, CA",53340
6037271400,"Mar Vista, Los Angeles, CA",53327
6037183222,"Northeast Los Angeles, Los Angeles, CA",53318
6037197700,"Echo Park, Los Angeles, CA",53296
6037267800,"West Los Angeles, Los Angeles, CA",53279
6037143300,"Studio City, Los Angeles, CA",53183
6037530203,"South Montebello, Montebello, CA",53147
6037480400,"Alhambra, CA",53114
6037701902,"Downtown, Santa Monica, CA",52998
6037181000,"Northeast Los Angeles, Los Angeles, CA",52989
6037181300,"Northeast Los Angeles, Los Angeles, CA",52967
6037189300,"Central LA, Los Angeles, CA",52955
6037269800,"Castle Heights, Los Angeles, CA",52939
6037262100,"Bel Air, Los Angeles, CA",52925
6037702600,"Culver City, CA",52899
6037277000,"Westchester, Los Angeles, CA",52861
6037208610,"Central LA, Los Angeles, CA",52832
6037480102,"San Gabriel, CA",52701
6037301900,"Downtown, Glendale, CA",52686
6037481402,"San Gabriel, CA",52606
6037481103,"San Gabriel, CA",52593
6037262200,"Bel Air, Los Angeles, CA",52561
6037141302,"Sherman Oaks, Los Angeles, CA",52482
6037207900,"Central LA, Los Angeles, CA",52468
6037550800,"Downey, CA",52399
6037125600,"North Hollywood, Los Angeles, CA",52357
6037301602,"Riverside Rancho, Glendale, CA",52338
6037211410,"Central LA, Los Angeles, CA",52294
6037271300,"Mar Vista, Los Angeles, CA",52266
6037481714,"Monterey Park, CA",52260
6037534802,"Huntington Park, CA",52248
6037301204,"Verdugo Viejo, Glendale, CA",52247
6037192410,"Central LA, Los Angeles, CA",52123
6037217001,"Pico - Robertson, Los Angeles, CA",52108
6037463602,"Pasadena, CA",52102
6037550902,"Downey, CA",52086
6037186201,"Northeast Los Angeles, Los Angeles, CA",52076
6037211921,"Central LA, Los Angeles, CA",52041
6037141201,"Sherman Oaks, Los Angeles, CA",52038
6037226420,"South Los Angeles, Los Angeles, CA",52026
6037128702,"Sherman Oaks, Los Angeles, CA",52010
6037480302,"Alhambra, CA",51948
6037481500,"Alhambra, CA",51918
6037700200,"Central LA, West Hollywood, CA",51878
6037189101,"Central LA, Los Angeles, CA",51871
6037271901,"Mar Vista, Los Angeles, CA",51867
6037199300,"Montecito Heights, Los Angeles, CA",51831
6037481604,"Alhambra, CA",51821
6037269903,"Palms, Los Angeles, CA",51812
6037267700,"Sawtelle, Los Angeles, CA",51774
6037702300,"Sunset Park, Santa Monica, CA",51769
6037433601,"Garvey, Rosemead, CA",51763
6037481001,"Alhambra, CA",51762
6037275101,"Culver City, CA",51721
6037620101,"El Segundo, CA",51721
6037480303,"Alhambra, CA",51694
6037201601,"Northeast Los Angeles, Los Angeles, CA",51574
6037195202,"Central LA, Los Angeles, CA",51532
6037264102,"Brentwood, Los Angeles, CA",51475
6037208501,"Central LA, Los Angeles, CA",51425
6037302003,"Citrus Grove, Glendale, CA",51343
6037702700,"Park West, Culver City, CA",51340
6037463000,"Hastings Ranch, Pasadena, CA",51339
6037535002,"South Los Angeles, Los Angeles, CA",51308
6037535803,"South Gate, CA",51283
6037199202,"Montecito Heights, Los Angeles, CA",51203
6037192300,"Central LA, Los Angeles, CA",51179
6037183104,"Northeast Los Angeles, Los Angeles, CA",51145
6037502401,"El Rancho, Pico Rivera, CA",51135
6037482402,"Garvey, Rosemead, CA",51104
6037271701,"Palms, Los Angeles, CA",51066
6037212303,"Central LA, Los Angeles, CA",51058
6037552002,"Norwalk, CA",51051
6037192520,"Central LA, Los Angeles, CA",51031
6037480803,"Alhambra, CA",50979
6037551000,"Downey, CA",50955
6037187101,"Atwater Village, Los Angeles, CA",50954
6037302301,"Moorpark, Glendale, CA",50932
6037262802,"Pacific Palisades, Santa Monica, CA",50893
6037208620,"Central LA, Los Angeles, CA",50890
6037195903,"Silver Lake, Los Angeles, CA",50857
6037212701,"Central LA, Los Angeles, CA",50823
6037181500,"Northeast Los Angeles, Los Angeles, CA",50823
6037302002,"Downtown, Glendale, CA",50811
6037530101,"South Montebello, Montebello, CA",50766
6037191110,"Central LA, Los Angeles, CA",50764
6037302202,"Mariposa, Glendale, CA",50750
6037272301,"Mar Vista, Los Angeles, CA",50703
6037125501,"North Hollywood, Los Angeles, CA",50696
6037311400,"Burbank, CA",50685
6037211201,"Central LA, Los Angeles, CA",50658
6037302102,"Somerset, Glendale, CA",50655
6037463200,"Lamanda Park, Pasadena, CA",50607
6037264103,"Brentwood, Los Angeles, CA",50605
6037271801,"Palms, Los Angeles, CA",50603
6037189202,"Central LA, Los Angeles, CA",50565
6037551501,"Downey, CA",50562
6037188300,"Atwater Village, Los Angeles, CA",50560
6037702201,"Sunset Park, Santa Monica, CA",50534
6037141102,"Sherman Oaks, Los Angeles, CA",50523
6037267600,"Sawtelle, Los Angeles, CA",50511
6037194402,"Beverly Grove, Los Angeles, CA",50488
6037535701,"South Gate, CA",50439
6037701602,"Mid-City, Santa Monica, CA",50432
6037302506,"Adams Hill, Glendale, CA",50363
6037601802,"Inglewood, CA",50347
6037482101,"Monterey Park, CA",50332
6037530004,"South Montebello, Montebello, CA",50312
6037302503,"Mariposa, Glendale, CA",50308
6037535605,"South Gate, CA",50263
6037201503,"Northeast Los Angeles, Los Angeles, CA",50251
6037482521,"South Montebello, Rosemead, CA",50246
6037482800,"South Montebello, Monterey Park, CA",50210
6037530302,"South Montebello, East Los Angeles, CA",50166
6037481901,"Alhambra, CA",50158
6037601501,"Inglewood, CA",50138
6037461902,"Pasadena, CA",50127
6037261101,"Beverly Hills, CA",50060
6037550400,"Downey, CA",50034
6037212304,"Central LA, Los Angeles, CA",50000
6037530202,"South Montebello, Montebello, CA",49989
6037462800,"Lamanda Park, Pasadena, CA",49962
6037530003,"South Montebello, Montebello, CA",49944
6037550602,"Downey, CA",49921
6037540400,"South Los Angeles, Los Angeles, CA",49892
6037267402,"West Los Angeles, Los Angeles, CA",49890
6037143700,"Studio City, Los Angeles, CA",49862
6037205120,"Central LA, Los Angeles, CA",49843
6037532500,"Huntington Park, CA",49837
6037482201,"Monterey Park, CA",49790
6037302104,"Citrus Grove, Glendale, CA",49730
6037530301,"East Los Angeles, CA",49697
6037433504,"El Monte City, El Monte, CA",49663
6037187300,"Silver Lake, Los Angeles, CA",49637
6037800102,"Topanga, CA",49634
6037183402,"Northeast Los Angeles, Los Angeles, CA",49602
6037275311,"Los Angeles, CA",49588
6037501501,"Whittier, CA",49578
6037212702,"Central LA, Los Angeles, CA",49565
6037203100,"Northeast Los Angeles, Los Angeles, CA",49531
6037212610,"Central LA, Los Angeles, CA",49530
6037274100,"Venice, Marina del Rey, CA",49503
6037191902,"Central LA, Los Angeles, CA",49493
6037221210,"Central LA, Los Angeles, CA",49487
6037530006,"South Montebello, Montebello, CA",49485
6037534102,"South Montebello, Bell Gardens, CA",49467
6037301801,"Vineyard, Glendale, CA",49456
6037553000,"Norwalk, CA",49444
6037302103,"Citrus Grove, Glendale, CA",49428
6037269602,"Central LA, Los Angeles, CA",49427
6037482503,"Garvey, Rosemead, CA",49418
6037550601,"Downey, CA",49415
6037211804,"Central LA, Los Angeles, CA",49411
6037267403,"West Los Angeles, Los Angeles, CA",49401
6037141700,"Sherman Oaks, Beverly Hills, CA",49391
6037271902,"Mar Vista, Los Angeles, CA",49389
6037550202,"Norwalk, CA",49380
6037481002,"Alhambra, CA",49372
6037192002,"Central LA, Los Angeles, CA",49372
6037267300,"West Los Angeles, Los Angeles, CA",49332
6037531201,"Los Angeles, CA",49332
6037531202,"Los Angeles, CA",49331
6037701402,"Wilshire Montana, Santa Monica, CA",49324
6037191710,"Central LA, Los Angeles, CA",49323
6037433602,"Garvey, Rosemead, CA",49308
6037301601,"Grandview, Glendale, CA",49245
6037276603,"Playa del Rey, Los Angeles, CA",49215
6037534803,"Huntington Park, CA",49214
6037482702,"South Montebello, Monterey Park, CA",49174
6037554103,"Bellflower, CA",49063
6037189400,"Central LA, Los Angeles, CA",49030
6037194200,"Central LA, Los Angeles, CA",48989
6037481606,"Alhambra, CA",48955
6037481102,"San Gabriel, CA",48951
6037532700,"South Los Angeles, Los Angeles, CA",48926
6037186203,"Northeast Los Angeles, Los Angeles, CA",48907
6037550201,"Norwalk, CA",48894
6037702501,"Carlson Park, Culver City, CA",48852
6037191620,"Central LA, Los Angeles, CA",48836
6037551700,"Downey, CA",48823
6037500900,"El Rancho, Pico Rivera, CA",48803
6037603500,"Gardena, CA",48794
6037269906,"Palms, Los Angeles, CA",48778
6037702102,"Ocean Park, Santa Monica, CA",48750
6037211320,"Central LA, Los Angeles, CA",48708
6037531901,"South Montebello, East Los Angeles, CA",48696
6037480903,"Alhambra, CA",48694
6037550700,"Downey, CA",48683
6037463400,"Pasadena, CA",48594
6037533402,"Maywood, CA",48588
6037269905,"Palms, Los Angeles, CA",48571
6037195300,"Central LA, Los Angeles, CA",48540
6037701502,"Downtown, Santa Monica, CA",48526
6037702802,"McLaughlin, Los Angeles, CA",48489
6037199400,"Mount Washington, Los Angeles, CA",48392
6037201302,"Northeast Los Angeles, Los Angeles, CA",48379
6037482301,"Garvey, San Gabriel, CA",48373
6037208302,"Central LA, Los Angeles, CA",48334
6037702801,"Clarkdale, Culver City, CA",48328
6037302004,"Citrus Grove, Glendale, CA",48319
6037480600,"South Pasadena, CA",48300
6037224010,"Central LA, Los Angeles, CA",48299
6037213310,"Central LA, Los Angeles, CA",48274
6037462700,"Mid Central, Pasadena, CA",48247
6037536102,"South Gate, CA",48224
6037500800,"El Rancho, Pico Rivera, CA",48220
6037208710,"Central LA, Los Angeles, CA",48176
6037700400,"Central LA, West Hollywood, CA",48109
6037267901,"Century City, Los Angeles, CA",48029
6037213201,"Central LA, Los Angeles, CA",48016
6037201110,"Northeast Los Angeles, Los Angeles, CA",48010
6037189600,"Central LA, Los Angeles, CA",47893
6037552800,"Norwalk, CA",47879
6037553100,"Bellflower, CA",47849
6037191810,"Central LA, Los Angeles, CA",47838
6037480304,"Alhambra, CA",47803
6037221401,"Jefferson, Los Angeles, CA",47717
6037185204,"Northeast Los Angeles, Los Angeles, CA",47694
6037530204,"South Montebello, Montebello, CA",47691
6037702400,"Lucerne - Higuera, Culver City, CA",47683
6037188201,"Central LA, Los Angeles, CA",47677
6037535607,"South Gate, CA",47633
6037191201,"Central LA, Los Angeles, CA",47622
6037311600,"Burbank, CA",47620
6037433101,"El Monte City, El Monte, CA",47594
6037553702,"Paramount, CA",47581
6037211310,"Central LA, Los Angeles, CA",47519
6037187102,"Atwater Village, Los Angeles, CA",47506
6037275400,"Los Angeles, CA",47480
6037553400,"Downey, CA",47468
6037231100,"South Los Angeles, Los Angeles, CA",47447
6037532001,"South Montebello, Montebello, CA",47414
6037553701,"Paramount, CA",47398
6037185100,"Mount Washington, Los Angeles, CA",47389
6037501300,"Whittier, CA",47375
6037262706,"Pacific Palisades, Los Angeles, CA",47363
6037208802,"Central LA, Los Angeles, CA",47362
6037531301,"Los Angeles, CA",47302
6037143603,"North Hollywood, Los Angeles, CA",47283
6037195802,"Central LA, Los Angeles, CA",47250
6037204810,"Boyle Heights, Los Angeles, CA",47236
6037551502,"Downey, CA",47211
6037602002,"Hawthorne, CA",47203
6037502801,"Santa Fe Springs, CA",47196
6037277100,"Westchester, Los Angeles, CA",47174
6037302201,"Citrus Grove, Glendale, CA",47163
6037462900,"Pasadena, CA",47160
6037533105,"Huntington Park, CA",47137
6037273100,"Venice, Los Angeles, CA",47125
6037272302,"Mar Vista, Los Angeles, CA",47092
6037137502,"Woodland Hills, Los Angeles, CA",47084
6037553503,"Paramount, CA",47058
6037222001,"Jefferson, Los Angeles, CA",47048
6037551800,"Downey, CA",47045
6037536103,"South Gate, CA",46972
6037550000,"Norwalk, CA",46891
6037226700,"South Los Angeles, Los Angeles, CA",46856
6037272100,"Mar Vista, Los Angeles, CA",46826
6037702901,"Marina del Rey, CA",46822
6037209402,"Central LA, Los Angeles, CA",46783
6037482522,"South Montebello, Montebello, CA",46776
6037482202,"Garvey, Monterey Park, CA",46760
6037462600,"Pasadena, CA",46754
6037502500,"El Rancho, Pico Rivera, CA",46739
6037535606,"South Gate, CA",46720
6037480802,"Alhambra, CA",46711
6037143200,"West Toluca Lake, Los Angeles, CA",46707
6037214000,"Central LA, Los Angeles, CA",46691
6037267404,"Sawtelle, Los Angeles, CA",46637
6037432901,"Rosemead, CA",46628
6037531302,"Los Angeles, CA",46612
6037203720,"Boyle Heights, Los Angeles, CA",46588
6037191302,"Central LA, Los Angeles, CA",46584
6037209103,"Central LA, Los Angeles, CA",46584
6037531702,"South Montebello, East Los Angeles, CA",46578
6037204600,"Boyle Heights, Los Angeles, CA",46555
6037206010,"Central LA, Los Angeles, CA",46552
6037530901,"Los Angeles, CA",46533
6037702202,"Sunset Park, Santa Monica, CA",46527
6037190520,"Central LA, Los Angeles, CA",46506
6037501002,"Whittier, CA",46500
6037195804,"Silver Lake, Los Angeles, CA",46397
6037302401,"Tropico, Glendale, CA",46386
6037195100,"Silver Lake, Los Angeles, CA",46372
6037212800,"Central LA, Los Angeles, CA",46372
6037199120,"Montecito Heights, Los Angeles, CA",46352
6037221820,"Jefferson, Los Angeles, CA",46348
6037531000,"Los Angeles, CA",46308
6037141303,"Sherman Oaks, Los Angeles, CA",46290
6037551401,"Downey, CA",46276
6037211122,"Central LA, Los Angeles, CA",46186
6037188100,"Atwater Village, Los Angeles, CA",46178
6037481902,"Alhambra, CA",46142
6037701100,"West Los Angeles, Los Angeles, CA",46129
6037191820,"Central LA, Los Angeles, CA",46111
6037533901,"South Montebello, Bell Gardens, CA",46073
6037195500,"Silver Lake, Los Angeles, CA",46060
6037181400,"Northeast Los Angeles, Los Angeles, CA",46030
6037432300,"El Monte City, El Monte, CA",46009
6037552301,"Norwalk, CA",46006
6037533300,"Maywood, CA",45991
6037221110,"Central LA, Los Angeles, CA",45950
6037552100,"Norwalk, CA",45935
6037554001,"Bellflower, CA",45903
6037603900,"Lawndale, CA",45897
6037533702,"Maywood, CA",45892
6037301702,"Vineyard, Glendale, CA",45890
6037224410,"South Los Angeles, Los Angeles, CA",45882
6037552700,"Norwalk, CA",45840
6037311801,"Burbank, CA",45797
6037533701,"Maywood, CA",45784
6037201401,"Northeast Los Angeles, Los Angeles, CA",45784
6037216800,"Central LA, Los Angeles, CA",45779
6037189800,"Central LA, Los Angeles, CA",45778
6037197300,"Echo Park, Los Angeles, CA",45768
6037540201,"South Gate, CA",45766
6037226410,"South Los Angeles, Los Angeles, CA",45750
6037139502,"Encino, Los Angeles, CA",45700
6037482701,"South Montebello, Monterey Park, CA",45698
6037502402,"El Rancho, Pico Rivera, CA",45673
6037183220,"Northeast Los Angeles, Los Angeles, CA",45652
6037701702,"Downtown, Santa Monica, CA",45621
6037481605,"Alhambra, CA",45599
6037463500,"Pasadena, CA",45570
6037531504,"East Los Angeles, CA",45551
6037204910,"Boyle Heights, Los Angeles, CA",45501
6037275602,"Westchester, Los Angeles, CA",45498
6037550300,"Norwalk, CA",45491
6037480902,"Alhambra, CA",45464
6037552200,"Norwalk, CA",45451
6037532303,"South Montebello, Commerce, CA",45402
6037700501,"Central LA, West Hollywood, CA",45370
6037502200,"Whittier, CA",45347
6037535604,"South Gate, CA",45290
6037534406,"Cudahy, CA",45289
6037502902,"Santa Fe Springs, CA",45262
6037502302,"Whittier, CA",45187
6037191610,"Central LA, Los Angeles, CA",45171
6037550500,"Downey, CA",45149
6037531902,"South Montebello, East Los Angeles, CA",45141
6037217002,"Central LA, Los Angeles, CA",45137
6037531800,"South Montebello, East Los Angeles, CA",45094
6037534202,"South Montebello, Bell Gardens, CA",45062
6037229300,"South Figueroa Corridor, Los Angeles, CA",45045
6037228410,"South Los Angeles, Los Angeles, CA",45043
6037534201,"South Montebello, Bell Gardens, CA",45028
6037183810,"Northeast Los Angeles, Los Angeles, CA",45014
6037272201,"Mar Vista, Los Angeles, CA",45005
6037275500,"Culver City, CA",45001
6037530902,"Los Angeles, CA",44983
6037601700,"Inglewood, CA",44939
6037601401,"Inglewood, CA",44929
6037203800,"Boyle Heights, Los Angeles, CA",44923
6037533804,"Bell, CA",44901
6037550100,"Norwalk, CA",44893
6037601600,"Inglewood, CA",44893
6037183701,"Highland Park, Los Angeles, CA",44887
6037195201,"Central LA, Los Angeles, CA",44851
6037602200,"Los Angeles, CA",44846
6037550901,"Downey, CA",44822
6037125100,"Valley Village, Los Angeles, CA",44795
6037540000,"Lynwood, CA",44789
6037197600,"Echo Park, Los Angeles, CA",44726
6037553200,"Bellflower, CA",44696
6037551101,"Downey, CA",44692
6037553504,"Paramount, CA",44685
6037211803,"Central LA, Los Angeles, CA",44650
6037216401,"Central LA, Los Angeles, CA",44647
6037702002,"Ocean Park, Santa Monica, CA",44617
6037212204,"Central LA, Los Angeles, CA",44600
6037214800,"Beverly Grove, Los Angeles, CA",44569
6037502700,"Santa Fe Springs, CA",44561
6037211120,"Central LA, Los Angeles, CA",44554
6037601502,"Inglewood, CA",44528
6037208903,"Central LA, Los Angeles, CA",44527
6037432202,"Rosemead, CA",44515
6037540202,"Lynwood, CA",44515
6037602301,"Hawthorne, CA",44502
6037191500,"Central LA, Los Angeles, CA",44484
6037501200,"Whittier, CA",44484
6037215101,"Central LA, Los Angeles, CA",44449
6037207301,"Central LA, Los Angeles, CA",44380
6037239602,"South Los Angeles, Los Angeles, CA",44372
6037189903,"Central LA, Los Angeles, CA",44364
6037214503,"Central LA, Los Angeles, CA",44348
6037183103,"Highland Park, Los Angeles, CA",44323
6037532605,"Huntington Park, CA",44314
6037271802,"Palms, Los Angeles, CA",44307
6037602404,"Hawthorne, CA",44223
6037502301,"Whittier, CA",44221
6037197420,"Echo Park, Los Angeles, CA",44220
6037190301,"Central LA, Los Angeles, CA",44197
6037273902,"Venice, Los Angeles, CA",44197
6037535501,"South Gate, CA",44177
6037531101,"Los Angeles, CA",44167
6037187200,"Echo Park, Los Angeles, CA",44133
6037500700,"El Rancho, Pico Rivera, CA",44126
6037602504,"Hawthorne, CA",44121
6037204820,"Boyle Heights, Los Angeles, CA",44099
6037195400,"Silver Lake, Los Angeles, CA",44095
6037535902,"South Gate, CA",44068
6037552001,"Norwalk, CA",44065
6037531602,"South Montebello, East Los Angeles, CA",44061
6037601202,"Inglewood, CA",44032
6037602104,"Hawthorne, CA",44022
6037502004,"East Whitter, Whittier, CA",44019
6037532604,"Huntington Park, CA",44013
6037191420,"Central LA, Los Angeles, CA",44013
6037551201,"Downey, CA",43989
6037229420,"South Los Angeles, Los Angeles, CA",43974
6037215102,"Central LA, Los Angeles, CA",43955
6037216100,"Central LA, Los Angeles, CA",43947
6037273600,"Venice, Los Angeles, CA",43943
6037216200,"Central LA, Los Angeles, CA",43897
6037239502,"South Los Angeles, Los Angeles, CA",43889
6037536200,"South Gate, CA",43853
6037533002,"South Los Angeles, Los Angeles, CA",43836
6037275603,"Culver City, CA",43821
6037481202,"San Gabriel, CA",43819
6037534203,"South Montebello, Bell Gardens, CA",43794
6037190100,"Central LA, Los Angeles, CA",43753
6037269907,"Palms, Los Angeles, CA",43753
6037503000,"Whittier, CA",43748
6037530802,"Los Angeles, CA",43737
6037601002,"Inglewood, CA",43728
6037502602,"El Rancho, Pico Rivera, CA",43713
6037227020,"South Los Angeles, Los Angeles, CA",43701
6037535802,"South Gate, CA",43687
6037204200,"Boyle Heights, Los Angeles, CA",43676
6037551202,"Downey, CA",43658
6037183221,"Northeast Los Angeles, Los Angeles, CA",43652
6037540300,"Lynwood, CA",43638
6037534502,"Huntington Park, CA",43627
6037502601,"El Rancho, Pico Rivera, CA",43613
6037185310,"Northeast Los Angeles, Los Angeles, CA",43606
6037533107,"Huntington Park, CA",43601
6037212620,"Central LA, Los Angeles, CA",43505
6037275302,"Marina del Rey, CA",43487
6037242200,"South Los Angeles, Los Angeles, CA",43447
6037533104,"Huntington Park, CA",43435
6037237720,"South Figueroa Corridor, Los Angeles, CA",43427
6037224020,"South Los Angeles, Los Angeles, CA",43386
6037212203,"Central LA, Los Angeles, CA",43386
6037211910,"Central LA, Los Angeles, CA",43370
6037433700,"South El Monte, CA",43367
6037620201,"Manhattan Beach, CA",43358
6037500403,"El Rancho, Pico Rivera, CA",43340
6037533703,"Maywood, CA",43287
6037224310,"Central LA, Los Angeles, CA",43282
6037602105,"Hawthorne, CA",43278
6037199000,"Northeast Los Angeles, Los Angeles, CA",43270
6037240500,"South Los Angeles, Los Angeles, CA",43234
6037199800,"Northeast Los Angeles, Los Angeles, CA",43232
6037212305,"Central LA, Los Angeles, CA",43223
6037603704,"Hawthorne, CA",43195
6037212101,"Central LA, Los Angeles, CA",43193
6037226001,"South Los Angeles, Los Angeles, CA",43180
6037702502,"Culver City, CA",43172
6037462400,"Bungalow Heaven, Pasadena, CA",43156
6037291130,"Harbor, Gardena, CA",43118
6037203600,"Boyle Heights, Los Angeles, CA",43062
6037204120,"Central LA, Los Angeles, CA",43061
6037535502,"South Gate, CA",43041
6037601212,"Inglewood, CA",43038
6037980019,"Pacific Palisades, Los Angeles, CA",43019
6037542602,"Compton, CA",42992
6037536000,"South Gate, CA",42987
6037701701,"Mid-City, Santa Monica, CA",42967
6037143100,"Toluca Lake, Los Angeles, CA",42927
6037532900,"South Los Angeles, Los Angeles, CA",42926
6037239202,"South Los Angeles, Los Angeles, CA",42917
6037535101,"South Los Angeles, Los Angeles, CA",42893
6037533401,"Maywood, CA",42880
6037231220,"South Figueroa Corridor, Los Angeles, CA",42864
6037602402,"Hawthorne, CA",42854
6037540501,"Lynwood, CA",42820
6037530102,"South Montebello, Montebello, CA",42798
6037237102,"South Figueroa Corridor, Los Angeles, CA",42788
6037211202,"Central LA, Los Angeles, CA",42750
6037273800,"Venice, Los Angeles, CA",42742
6037216900,"Central LA, Los Angeles, CA",42723
6037239320,"South Los Angeles, Los Angeles, CA",42719
6037542601,"Compton, CA",42713
6037603001,"Gardena, CA",42704
6037269700,"Beverlywood, Los Angeles, CA",42691
6037219500,"South Los Angeles, Los Angeles, CA",42635
6037192610,"Central LA, Los Angeles, CA",42610
6037534002,"South Montebello, Bell Gardens, CA",42596
6037551900,"Norwalk, CA",42594
6037206050,"Central LA, Los Angeles, CA",42571
6037203900,"Boyle Heights, Los Angeles, CA",42551
6037541801,"Lynwood, CA",42531
6037228600,"South Los Angeles, Los Angeles, CA",42529
6037189201,"Central LA, Los Angeles, CA",42528
6037530601,"Los Angeles, CA",42485
6037534700,"Huntington Park, CA",42483
6037601402,"Inglewood, CA",42470
6037532304,"South Montebello, Commerce, CA",42446
6037602403,"Hawthorne, CA",42435
6037201120,"Northeast Los Angeles, Los Angeles, CA",42430
6037192420,"Central LA, Los Angeles, CA",42428
6037194401,"Beverly Grove, Los Angeles, CA",42428
6037542104,"East Compton, CA",42428
6037191203,"Central LA, Los Angeles, CA",42410
6037701801,"Pico, Santa Monica, CA",42397
6037275200,"Los Angeles, CA",42372
6037600201,"South Los Angeles, Los Angeles, CA",42315
6037201402,"Northeast Los Angeles, Los Angeles, CA",42311
6037228900,"Central Alameda, Los Angeles, CA",42311
6037480901,"Alhambra, CA",42308
6037239201,"South Los Angeles, Los Angeles, CA",42306
6037185320,"Northeast Los Angeles, Los Angeles, CA",42294
6037239310,"South Los Angeles, Los Angeles, CA",42280
6037461901,"Pasadena, CA",42277
6037228500,"South Figueroa Corridor, Los Angeles, CA",42259
6037277200,"Westchester, Los Angeles, CA",42223
6037482401,"Garvey, Rosemead, CA",42188
6037532400,"Vernon, CA",42162
6037190202,"Central LA, Los Angeles, CA",42154
6037600912,"Inglewood, CA",42131
6037211121,"Central LA, Los Angeles, CA",42025
6037216700,"Central LA, Los Angeles, CA",42022
6037183820,"Northeast Los Angeles, Los Angeles, CA",42020
6037203710,"Boyle Heights, Los Angeles, CA",41946
6037533602,"Bell, CA",41926
6037227010,"South Los Angeles, Los Angeles, CA",41918
6037183101,"Eagle Rock, Los Angeles, CA",41884
6037535901,"South Gate, CA",41884
6037602509,"Hawthorne, CA",41873
6037191120,"Central LA, Los Angeles, CA",41840
6037278001,"Westchester, Los Angeles, CA",41828
6037241400,"Harbor, Los Angeles, CA",41825
6037125402,"North Hollywood, Los Angeles, CA",41804
6037267502,"West Los Angeles, Los Angeles, CA",41787
6037208801,"Central LA, Los Angeles, CA",41782
6037533603,"Bell, CA",41779
6037222002,"South Los Angeles, Los Angeles, CA",41775
6037530700,"Los Angeles, CA",41775
6037204410,"Central LA, Los Angeles, CA",41773
6037540502,"Lynwood, CA",41651
6037601301,"Inglewood, CA",41556
6037190402,"Central LA, Los Angeles, CA",41533
6037462301,"Pasadena, CA",41510
6037532302,"South Montebello, Los Angeles, CA",41506
6037532200,"South Montebello, Montebello, CA",41488
6037214501,"Central LA, Los Angeles, CA",41488
6037535001,"South Los Angeles, Los Angeles, CA",41483
6037433802,"South El Monte, CA",41403
6037532101,"South Montebello, Montebello, CA",41403
6037463101,"Pasadena, CA",41375
6037601801,"Inglewood, CA",41354
6037541802,"Lynwood, CA",41349
6037540203,"Lynwood, CA",41344
6037186401,"Northeast Los Angeles, Los Angeles, CA",41310
6037531604,"East Los Angeles, CA",41302
6037242700,"South Los Angeles, Los Angeles, CA",41216
6037231210,"South Los Angeles, Los Angeles, CA",41214
6037541604,"Compton, CA",41197
6037534403,"Cudahy, CA",41150
6037602106,"Hawthorne, CA",41140
6037234000,"Leimert Park, Los Angeles, CA",41138
6037533202,"Huntington Park, CA",41101
6037531102,"Los Angeles, CA",41094
6037534804,"Huntington Park, CA",41089
6037291120,"Harbor, Gardena, CA",41060
6037602801,"South Los Angeles, Los Angeles, CA",41042
6037183510,"Northeast Los Angeles, Los Angeles, CA",41036
6037238310,"South Figueroa Corridor, Los Angeles, CA",41006
6037481101,"San Gabriel, CA",41003
6037183620,"Northeast Los Angeles, Los Angeles, CA",40935
6037533103,"Huntington Park, CA",40930
6037534301,"Cudahy, CA",40878
6037219901,"Los Angeles, CA",40847
6037186403,"Atwater Village, Los Angeles, CA",40830
6037275102,"Culver City, CA",40812
6037602004,"Inglewood, CA",40785
6037601100,"Inglewood, CA",40768
6037204300,"Boyle Heights, Los Angeles, CA",40720
6037502100,"Whittier, CA",40710
6037532002,"South Montebello, Montebello, CA",40706
6037532606,"Huntington Park, CA",40657
6037183610,"Highland Park, Los Angeles, CA",40630
6037702803,"Los Angeles, CA",40575
6037185202,"Mount Washington, Los Angeles, CA",40548
6037533902,"South Montebello, Bell Gardens, CA",40532
6037228310,"South Los Angeles, Los Angeles, CA",40514
6037553300,"Bellflower, CA",40511
6037228720,"South Los Angeles, Los Angeles, CA",40492
6037221402,"Central LA, Los Angeles, CA",40463
6037212202,"Central LA, Los Angeles, CA",40456
6037535300,"South Los Angeles, Los Angeles, CA",40409
6037603005,"Gardena, CA",40355
6037552302,"Norwalk, CA",40342
6037125401,"North Hollywood, Los Angeles, CA",40335
6037501400,"Whittier, CA",40332
6037462100,"North Central, Pasadena, CA",40286
6037218800,"Central LA, Los Angeles, CA",40279
6037603801,"Lawndale, CA",40216
6037213100,"Central LA, Los Angeles, CA",40185
6037273402,"Venice, Los Angeles, CA",40117
6037221900,"South Los Angeles, Los Angeles, CA",40090
6037273700,"Venice, Los Angeles, CA",40075
6037500404,"El Rancho, Pico Rivera, CA",40020
6037204920,"Boyle Heights, Los Angeles, CA",40019
6037531701,"South Montebello, East Los Angeles, CA",40011
6037552400,"Norwalk, CA",39966
6037208720,"Central LA, Los Angeles, CA",39947
6037270100,"Palms, Los Angeles, CA",39937
6037219010,"South Los Angeles, Los Angeles, CA",39927
6037540101,"Lynwood, CA",39893
6037189702,"Hollywood Hills, Los Angeles, CA",39892
6037222100,"South Los Angeles, Los Angeles, CA",39837
6037602003,"Inglewood, CA",39809
6037221302,"Central LA, Los Angeles, CA",39796
6037500500,"El Rancho, Pico Rivera, CA",39763
6037462001,"North Central, Pasadena, CA",39743
6037231800,"South Figueroa Corridor, Los Angeles, CA",39732
6037530500,"East Los Angeles, CA",39705
6037224200,"Central LA, Los Angeles, CA",39693
6037602508,"Hawthorne, CA",39680
6037701802,"Pico, Santa Monica, CA",39671
6037208402,"Central LA, Los Angeles, CA",39652
6037277400,"Los Angeles, CA",39649
6037213402,"Central LA, Los Angeles, CA",39642
6037242600,"South Los Angeles, Los Angeles, CA",39640
6037201200,"Northeast Los Angeles, Los Angeles, CA",39630
6037232120,"South Los Angeles, Los Angeles, CA",39621
6037533403,"Maywood, CA",39620
6037463601,"Pasadena, CA",39611
6037535804,"South Gate, CA",39603
6037703001,"Fox Hills, Culver City, CA",39558
6037534900,"South Los Angeles, Los Angeles, CA",39556
6037534001,"South Montebello, Bell Gardens, CA",39547
6037703002,"Los Angeles, CA",39496
6037532102,"South Montebello, Montebello, CA",39471
6037199201,"Montecito Heights, Los Angeles, CA",39461
6037239802,"South Los Angeles, Los Angeles, CA",39460
6037482304,"Garvey, Rosemead, CA",39444
6037553601,"Paramount, CA",39441
6037433102,"El Monte City, El Monte, CA",39427
6037199110,"Montecito Heights, Los Angeles, CA",39400
6037231500,"Leimert Park, Los Angeles, CA",39350
6037190510,"Central LA, Los Angeles, CA",39253
6037536104,"South Gate, CA",39189
6037600902,"Inglewood, CA",39165
6037533601,"Bell, CA",39121
6037482303,"Garvey, Rosemead, CA",39115
6037201501,"Northeast Los Angeles, Los Angeles, CA",39013
6037222500,"South Los Angeles, Los Angeles, CA",39012
6037210010,"Central LA, Los Angeles, CA",38961
6037237600,"South Figueroa Corridor, Los Angeles, CA",38944
6037208401,"Central LA, Los Angeles, CA",38942
6037533805,"Bell, CA",38942
6037191000,"Central LA, Los Angeles, CA",38891
6037600304,"South Los Angeles, Los Angeles, CA",38887
6037212900,"Central LA, Los Angeles, CA",38871
6037601303,"Inglewood, CA",38754
6037276100,"Los Angeles, CA",38742
6037432802,"El Monte City, El Monte, CA",38739
6037212501,"Central LA, Los Angeles, CA",38738
6037208904,"Central LA, Los Angeles, CA",38721
6037234901,"Park Mesa Heights, Los Angeles, CA",38697
6037206031,"Arts District, Los Angeles, CA",38689
6037195901,"Silver Lake, Los Angeles, CA",38669
6037272202,"Mar Vista, Los Angeles, CA",38601
6037192620,"Central LA, Los Angeles, CA",38579
6037236000,"Baldwin Hills, Los Angeles, CA",38563
6037199700,"Central LA, Los Angeles, CA",38544
6037241300,"Harbor Gateway North, Los Angeles, CA",38528
6037541605,"Compton, CA",38526
6037535200,"South Los Angeles, Los Angeles, CA",38503
6037228100,"South Los Angeles, Los Angeles, CA",38499
6037531603,"East Los Angeles, CA",38491
6037239702,"South Los Angeles, Los Angeles, CA",38486
6037236100,"Baldwin Village, Los Angeles, CA",38449
6037530801,"Los Angeles, CA",38435
6037185203,"Northeast Los Angeles, Los Angeles, CA",38375
6037553602,"Paramount, CA",38371
6037219700,"Jefferson, Los Angeles, CA",38371
6037240010,"South Los Angeles, Los Angeles, CA",38362
6037601900,"Inglewood, CA",38318
6037236400,"Baldwin Hills, Los Angeles, CA",38304
6037500402,"El Rancho, Pico Rivera, CA",38295
6037533001,"South Los Angeles, Los Angeles, CA",38286
6037204110,"Boyle Heights, Los Angeles, CA",38284
6037240900,"South Los Angeles, Los Angeles, CA",38284
6037533803,"Bell, CA",38276
6037240600,"South Los Angeles, Los Angeles, CA",38257
6037535503,"South Gate, CA",38251
6037191720,"Central LA, Los Angeles, CA",38237
6037530400,"Monterey Park, CA",38168
6037542000,"Compton, CA",38160
6037535400,"South Los Angeles, Los Angeles, CA",38144
6037191410,"Central LA, Los Angeles, CA",38122
6037540102,"Lynwood, CA",38100
6037192700,"Central LA, Los Angeles, CA",38061
6037214400,"Central LA, Los Angeles, CA",38051
6037602700,"Hawthorne, CA",37963
6037183520,"Northeast Los Angeles, Los Angeles, CA",37951
6037532800,"South Los Angeles, Los Angeles, CA",37944
6037195720,"Echo Park, Los Angeles, CA",37941
6037237401,"South Los Angeles, Los Angeles, CA",37873
6037541400,"South Los Angeles, Compton, CA",37804
6037201301,"Montecito Heights, Los Angeles, CA",37799
6037602900,"Gardena, CA",37698
6037203200,"Boyle Heights, Los Angeles, CA",37616
6037218701,"Central LA, Los Angeles, CA",37602
6037218900,"Jefferson, Los Angeles, CA",37596
6037700502,"Central LA, West Hollywood, CA",37522
6037535702,"South Gate, CA",37416
6037208502,"Central LA, Los Angeles, CA",37405
6037183300,"Northeast Los Angeles, Los Angeles, CA",37394
6037221500,"South Los Angeles, Los Angeles, CA",37362
6037551102,"Downey, CA",37344
6037220100,"South Los Angeles, Los Angeles, CA",37337
6037535603,"South Gate, CA",37271
6037221303,"Central LA, Los Angeles, CA",37263
6037232700,"South Figueroa Corridor, Los Angeles, CA",37212
6037231720,"South Figueroa Corridor, Los Angeles, CA",37167
6037241120,"South Los Angeles, Los Angeles, CA",37146
6037534302,"Cudahy, CA",37131
6037228800,"Central Alameda, Los Angeles, CA",37061
6037703200,"View Park, View Park-Windsor Hills, CA",37002
6037206200,"Central LA, Los Angeles, CA",37001
6037269601,"Central LA, Los Angeles, CA",36909
6037190901,"Central LA, Los Angeles, CA",36870
6037239501,"South Los Angeles, Los Angeles, CA",36858
6037240200,"South Los Angeles, Los Angeles, CA",36825
6037461600,"North Central, Pasadena, CA",36754
6037231900,"South Figueroa Corridor, Los Angeles, CA",36699
6037541300,"Compton, CA",36645
6037197410,"Echo Park, Los Angeles, CA",36601
6037541603,"Compton, CA",36556
6037218400,"Central LA, Los Angeles, CA",36550
6037541606,"Compton, CA",36533
6037204700,"Boyle Heights, Los Angeles, CA",36479
6037600601,"Inglewood, CA",36366
6037237202,"South Los Angeles, Los Angeles, CA",36345
6037542103,"Compton, CA",36338
6037534404,"Cudahy, CA",36333
6037600911,"Inglewood, CA",36332
6037540700,"South Los Angeles, Los Angeles, CA",36314
6037302505,"Adams Hill, Glendale, CA",36305
6037218702,"Jefferson, Los Angeles, CA",36254
6037533806,"Bell, CA",36252
6037532603,"Huntington Park, CA",36218
6037222200,"South Los Angeles, Los Angeles, CA",36142
6037237402,"South Los Angeles, Los Angeles, CA",36130
6037243100,"South Los Angeles, Los Angeles, CA",36052
6037240401,"South Los Angeles, Los Angeles, CA",35991
6037462201,"Pasadena, CA",35986
6037242300,"South Los Angeles, Los Angeles, CA",35955
6037218220,"Central LA, Los Angeles, CA",35930
6037234600,"Park Mesa Heights, Los Angeles, CA",35893
6037190700,"Central LA, Los Angeles, CA",35865
6037600502,"Inglewood, CA",35850
6037231300,"South Los Angeles, Los Angeles, CA",35810
6037189904,"Central LA, Los Angeles, CA",35793
6037540800,"South Los Angeles, Los Angeles, CA",35776
6037234300,"Leimert Park, Los Angeles, CA",35757
6037212502,"Central LA, Los Angeles, CA",35736
6037602506,"Hawthorne, CA",35689
6037236203,"Crenshaw, Los Angeles, CA",35592
6037217200,"Central LA, Los Angeles, CA",35586
6037218600,"Central LA, Los Angeles, CA",35573
6037213202,"Central LA, Los Angeles, CA",35572
6037221220,"Central LA, Los Angeles, CA",35568
6037542700,"Compton, CA",35518
6037221120,"Central LA, Los Angeles, CA",35507
6037229200,"South Los Angeles, Los Angeles, CA",35476
6037205110,"Boyle Heights, Los Angeles, CA",35440
6037232400,"South Los Angeles, Los Angeles, CA",35305
6037600501,"Inglewood, CA",35288
6037232600,"South Los Angeles, Los Angeles, CA",35275
6037700101,"Central LA, West Hollywood, CA",35216
6037602802,"South Los Angeles, Los Angeles, CA",35159
6037541001,"Gardena, CA",35097
6037217100,"Central LA, Los Angeles, CA",35082
6037302302,"Pacific - Edison, Glendale, CA",34990
6037238320,"South Figueroa Corridor, Los Angeles, CA",34938
6037221602,"Central LA, Los Angeles, CA",34896
6037218110,"Central LA, Los Angeles, CA",34887
6037600703,"Morningside Park, Inglewood, CA",34857
6037553502,"Paramount, CA",34852
6037206032,"Central LA, Los Angeles, CA",34817
6037237101,"South Figueroa Corridor, Los Angeles, CA",34800
6037208000,"Central LA, Los Angeles, CA",34774
6037533201,"Huntington Park, CA",34768
6037602507,"Hawthorne, CA",34663
6037600100,"South Los Angeles, Los Angeles, CA",34654
6037219800,"Los Angeles, CA",34599
6037540600,"South Los Angeles, Los Angeles, CA",34577
6037535102,"South Los Angeles, Los Angeles, CA",34568
6037541700,"Lynwood, CA",34563
6037224600,"South Figueroa Corridor, Los Angeles, CA",34549
6037232200,"South Los Angeles, Los Angeles, CA",34519
6037235100,"Park Mesa Heights, Los Angeles, CA",34516
6037197500,"Echo Park, Los Angeles, CA",34514
6037234502,"South Los Angeles, Los Angeles, CA",34426
6037540902,"South Los Angeles, Los Angeles, CA",34425
6037221304,"Central LA, Los Angeles, CA",34408
6037502802,"Santa Fe Springs, CA",34206
6037237710,"South Figueroa Corridor, Los Angeles, CA",34203
6037237800,"South Los Angeles, Los Angeles, CA",34191
6037501001,"Whittier, CA",34154
6037211922,"Central LA, Los Angeles, CA",33992
6037269904,"Palms, Los Angeles, CA",33930
6037220000,"Jefferson, Los Angeles, CA",33868
6037228710,"Central Alameda, Los Angeles, CA",33862
6037190902,"Central LA, Los Angeles, CA",33862
6037219902,"Los Angeles, CA",33847
6037232800,"South Figueroa Corridor, Los Angeles, CA",33839
6037228210,"South Los Angeles, Los Angeles, CA",33809
6037500600,"El Rancho, Pico Rivera, CA",33799
6037602600,"Gardena, CA",33751
6037208301,"Central LA, Los Angeles, CA",33713
6037207710,"Central LA, Los Angeles, CA",33554
6037231710,"South Figueroa Corridor, Los Angeles, CA",33546
6037213320,"Central LA, Los Angeles, CA",33542
6037600704,"Morningside Park, Inglewood, CA",33501
6037229410,"South Los Angeles, Los Angeles, CA",33433
6037232300,"South Los Angeles, Los Angeles, CA",33338
6037531503,"East Los Angeles, CA",33334
6037208902,"Central LA, Los Angeles, CA",33306
6037462002,"North Central, Pasadena, CA",33257
6037601001,"Inglewood, CA",33207
6037222600,"South Los Angeles, Los Angeles, CA",33153
6037191204,"Central LA, Los Angeles, CA",33123
6037218500,"Central LA, Los Angeles, CA",33017
6037190802,"Central LA, Los Angeles, CA",32983
6037238400,"South Los Angeles, Los Angeles, CA",32945
6037241201,"South Los Angeles, Los Angeles, CA",32908
6037241002,"South Los Angeles, Los Angeles, CA",32886
6037551300,"Downey, CA",32858
6037234700,"Park Mesa Heights, Los Angeles, CA",32844
6037234800,"Park Mesa Heights, Los Angeles, CA",32716
6037231400,"Leimert Park, Los Angeles, CA",32656
6037240300,"South Los Angeles, Los Angeles, CA",32646
6037243000,"South Los Angeles, Los Angeles, CA",32612
6037238100,"South Los Angeles, Los Angeles, CA",32565
6037239701,"South Los Angeles, Los Angeles, CA",32504
6037190401,"Central LA, Los Angeles, CA",32483
6037237300,"South Los Angeles, Los Angeles, CA",32474
6037219020,"South Los Angeles, Los Angeles, CA",32444
6037703100,"View Park, View Park-Windsor Hills, CA",32429
6037209820,"Central LA, Los Angeles, CA",32419
6037600303,"South Los Angeles, Los Angeles, CA",32418
6037601211,"Inglewood, CA",32397
6037602505,"Hawthorne, CA",32369
6037600801,"Morningside Park, Inglewood, CA",32225
6037240020,"South Los Angeles, Los Angeles, CA",32214
6037600802,"Morningside Park, Inglewood, CA",32124
6037239801,"South Los Angeles, Los Angeles, CA",32106
6037229100,"Central Alameda, Los Angeles, CA",32098
6037218300,"Central LA, Los Angeles, CA",32054
6037534405,"Cudahy, CA",32031
6037228320,"South Los Angeles, Los Angeles, CA",32013
6037239330,"South Los Angeles, Los Angeles, CA",32001
6037600202,"South Los Angeles, Los Angeles, CA",31914
6037201504,"Northeast Los Angeles, Los Angeles, CA",31885
6037241001,"South Los Angeles, Los Angeles, CA",31844
6037228220,"South Los Angeles, Los Angeles, CA",31749
6037541500,"South Los Angeles, Compton, CA",31689
6037273200,"Venice, Los Angeles, CA",31688
6037231600,"South Los Angeles, Los Angeles, CA",31434
6037541100,"Compton, CA",31350
6037204420,"Boyle Heights, Los Angeles, CA",31304
6037542800,"Compton, CA",31281
6037240800,"South Los Angeles, Los Angeles, CA",31164
6037240700,"South Los Angeles, Los Angeles, CA",31000
6037600400,"South Los Angeles, Los Angeles, CA",30893
6037236204,"Baldwin Village, Los Angeles, CA",30801
6037234200,"Leimert Park, Los Angeles, CA",30740
6037235202,"Park Mesa Heights, Los Angeles, CA",30717
6037600302,"South Los Angeles, Los Angeles, CA",30665
6037462302,"Pasadena, CA",30618
6037534101,"South Montebello, Bell Gardens, CA",30534
6037540901,"South Los Angeles, Los Angeles, CA",30340
6037240402,"South Los Angeles, Los Angeles, CA",30339
6037600702,"Morningside Park, Inglewood, CA",30131
6037232110,"South Figueroa Corridor, Los Angeles, CA",30073
6037219300,"Jefferson, Los Angeles, CA",29950
6037270300,"Central LA, Los Angeles, CA",29793
6037242000,"South Los Angeles, Los Angeles, CA",29771
6037218210,"Central LA, Los Angeles, CA",29567
6037241202,"South Los Angeles, Los Angeles, CA",29566
6037236202,"Baldwin Village, Los Angeles, CA",29470
6037600602,"Inglewood, CA",29239
6037235201,"Park Mesa Heights, Los Angeles, CA",29008
6037541200,"Compton, CA",28873
6037601302,"Inglewood, CA",28792
6037207502,"Downtown, Los Angeles, CA",28717
6037207102,"Central LA, Los Angeles, CA",28696
6037209403,"Central LA, Los Angeles, CA",28690
6037241110,"South Los Angeles, Los Angeles, CA",28397
6037273300,"Venice, Los Angeles, CA",28267
6037273502,"Venice, Los Angeles, CA",28237
6037238200,"South Los Angeles, Los Angeles, CA",28204
6037206300,"Central LA, Los Angeles, CA",27933
6037238000,"South Los Angeles, Los Angeles, CA",27809
6037209104,"Central LA, Los Angeles, CA",27729
6037242100,"South Los Angeles, Los Angeles, CA",27422
6037209810,"Central LA, Los Angeles, CA",27094
6037530602,"Los Angeles, CA",27004
6037234501,"South Los Angeles, Los Angeles, CA",26977
6037203300,"Northeast Los Angeles, Los Angeles, CA",26811
6037291110,"Harbor, Los Angeles, CA",26805
6037232500,"South Los Angeles, Los Angeles, CA",26132
6037237500,"South Figueroa Corridor, Los Angeles, CA",25841
6037234902,"Park Mesa Heights, Los Angeles, CA",25184
6037237201,"South Los Angeles, Los Angeles, CA",24851
6037237900,"South Los Angeles, Los Angeles, CA",24542
6037221810,"South Los Angeles, Los Angeles, CA",22770
6037209200,"Central LA, Los Angeles, CA",18856
6037980030,"El Segundo, CA",
6037265301,"Westwood, Los Angeles, CA",
6037980013,"El Segundo, CA",
6037207400,"Central LA, Los Angeles, CA",
6037551600,"Downey, CA",
6037206020,"Central LA, Los Angeles, CA",
6037980028,"Los Angeles, CA",
6037504102,"Norwalk, CA",
6037265304,"Westwood, Los Angeles, CA",
6037222700,"South Los Angeles, Los Angeles, CA",
6037320000,"North Hollywood, Universal City, CA",
6037980009,"Los Angeles, CA",