﻿"tract","Name","Household_Income_rP_gP_p25"
6037262400,"Brentwood, Los Angeles, CA",68222
6037980010,"Echo Park, Los Angeles, CA",63012
6037139801,"Tarzana, Los Angeles, CA",62779
6037139703,"Encino, Los Angeles, CA",61285
6037265100,"Westwood, Los Angeles, CA",61038
6037141500,"Encino, Los Angeles, CA",60542
6037460800,"North Arroyo, Pasadena, CA",59892
6037139802,"Tarzana, Los Angeles, CA",58738
6037481714,"Monterey Park, CA",56389
6037194101,"Central LA, Los Angeles, CA",56080
6037262301,"Los Angeles, CA",55597
6037269100,"Pico - Robertson, Los Angeles, CA",54687
6037300902,"Glenoaks Canyon, Glendale, CA",54488
6037267200,"West Los Angeles, Los Angeles, CA",54414
6037278102,"Playa del Rey, Los Angeles, CA",54199
6037139702,"Encino, Los Angeles, CA",54182
6037265420,"Westwood, Los Angeles, CA",54170
6037700400,"Central LA, West Hollywood, CA",53696
6037267100,"West Los Angeles, Los Angeles, CA",53003
6037264301,"Brentwood, Los Angeles, CA",52471
6037481606,"Alhambra, CA",52277
6037207101,"Central LA, Los Angeles, CA",52273
6037300901,"Chevy Chase, Glendale, CA",52134
6037701304,"North of Montana, Santa Monica, CA",52049
6037216402,"Central LA, Los Angeles, CA",51598
6037431600,"Arcadia, CA",51395
6037701302,"Wilshire Montana, Santa Monica, CA",51004
6037700801,"Beverly Hills, CA",50981
6037431700,"Arcadia, CA",50877
6037480002,"San Gabriel, CA",50766
6037430701,"Arcadia, CA",50766
6037700901,"Central LA, Beverly Hills, CA",50698
6037481713,"Monterey Park, CA",50670
6037189902,"Central LA, Los Angeles, CA",50544
6037700902,"Beverly Hills, CA",50425
6037194500,"Central LA, Los Angeles, CA",50396
6037276400,"Westchester, Los Angeles, CA",50265
6037700102,"Central LA, West Hollywood, CA",50200
6037482202,"Garvey, Monterey Park, CA",50112
6037301100,"Rossmoyne, Glendale, CA",49912
6037481500,"Alhambra, CA",49902
6037481711,"Monterey Park, CA",49746
6037480201,"San Gabriel, CA",49676
6037192300,"Central LA, Los Angeles, CA",49669
6037482002,"Monterey Park, CA",49588
6037207103,"Central LA, Los Angeles, CA",49542
6037189903,"Central LA, Los Angeles, CA",49541
6037265510,"Westwood, Los Angeles, CA",49532
6037214902,"Central LA, Los Angeles, CA",49428
6037482001,"Monterey Park, CA",49423
6037481201,"Temple City, CA",49280
6037430600,"Arcadia, CA",49192
6037262601,"Pacific Palisades, Los Angeles, CA",48937
6037482600,"Garvey, Monterey Park, CA",48877
6037481603,"Alhambra, CA",48874
6037481401,"San Gabriel, CA",48869
6037480101,"Temple City, CA",48756
6037267502,"West Los Angeles, Los Angeles, CA",48493
6037188202,"Central LA, Los Angeles, CA",48304
6037700600,"Beverly Hills, CA",48270
6037432000,"Temple City, CA",48247
6037482502,"Garvey, Rosemead, CA",48226
6037141600,"Sherman Oaks, Los Angeles, CA",48209
6037464200,"San Marino, CA",48192
6037139701,"Encino, Los Angeles, CA",48144
6037301204,"Verdugo Viejo, Glendale, CA",48072
6037301701,"Pelanconi, Glendale, CA",47986
6037530005,"South Montebello, Montebello, CA",47899
6037480012,"San Gabriel, CA",47787
6037301000,"Woodbury, Glendale, CA",47754
6037189905,"Central LA, Los Angeles, CA",47701
6037432902,"Rosemead, CA",47639
6037265202,"Westwood, Los Angeles, CA",47598
6037302004,"Citrus Grove, Glendale, CA",47570
6037481605,"Alhambra, CA",47512
6037141400,"Encino, Los Angeles, CA",47498
6037214901,"Beverly Grove, West Hollywood, CA",47490
6037701202,"Wilshire Montana, Santa Monica, CA",47482
6037301206,"Glenwood, Glendale, CA",47364
6037481800,"Alhambra, CA",47352
6037301900,"Downtown, Glendale, CA",47300
6037432201,"Rosemead, CA",47278
6037265601,"Westwood, Los Angeles, CA",47223
6037701601,"Northeast, Santa Monica, CA",47191
6037481712,"Garvey, Monterey Park, CA",47077
6037138000,"Woodland Hills, Los Angeles, CA",47006
6037700802,"Beverly Hills, CA",46991
6037430724,"Arcadia, CA",46928
6037262604,"Pacific Palisades, Los Angeles, CA",46909
6037701201,"North of Montana, Santa Monica, CA",46794
6037189202,"Central LA, Los Angeles, CA",46646
6037189701,"Central LA, Los Angeles, CA",46639
6037261200,"Beverly Glen, Los Angeles, CA",46625
6037269500,"Beverlywood, Los Angeles, CA",46572
6037481402,"San Gabriel, CA",46472
6037267404,"Sawtelle, Los Angeles, CA",46422
6037620400,"Manhattan Beach, CA",46421
6037137504,"Woodland Hills, Los Angeles, CA",46385
6037277000,"Westchester, Los Angeles, CA",46293
6037482101,"Monterey Park, CA",46165
6037302103,"Citrus Grove, Glendale, CA",46126
6037214700,"Beverly Grove, Los Angeles, CA",46112
6037481300,"Rosemead, CA",45910
6037700200,"Central LA, West Hollywood, CA",45847
6037197700,"Echo Park, Los Angeles, CA",45717
6037620001,"El Segundo, CA",45712
6037214502,"Central LA, Los Angeles, CA",45532
6037261102,"Beverly Hills, CA",45523
6037620101,"El Segundo, CA",45494
6037265410,"Los Angeles, CA",45490
6037480302,"Alhambra, CA",45479
6037143500,"Studio City, Los Angeles, CA",45449
6037480011,"San Gabriel, CA",45447
6037602302,"HollyGlen, Hawthorne, CA",45412
6037302003,"Citrus Grove, Glendale, CA",45403
6037265602,"Westwood, Los Angeles, CA",45317
6037194402,"Beverly Grove, Los Angeles, CA",45298
6037481001,"Alhambra, CA",45266
6037124700,"Van Nuys, Los Angeles, CA",45259
6037301702,"Vineyard, Glendale, CA",45251
6037124000,"Valley Village, Los Angeles, CA",45244
6037265700,"Westwood, Los Angeles, CA",45029
6037262302,"Brentwood, Los Angeles, CA",45011
6037141102,"Sherman Oaks, Los Angeles, CA",44989
6037432102,"Temple City, CA",44934
6037480500,"South Pasadena, CA",44913
6037464100,"San Marino, CA",44835
6037141101,"Sherman Oaks, Los Angeles, CA",44790
6037216401,"Central LA, Los Angeles, CA",44745
6037481604,"Alhambra, CA",44674
6037433601,"Garvey, Rosemead, CA",44592
6037480702,"South Pasadena, CA",44493
6037430502,"Sierra Madre, CA",44456
6037480304,"Alhambra, CA",44301
6037481901,"Alhambra, CA",44264
6037432202,"Rosemead, CA",44202
6037480303,"Alhambra, CA",44119
6037501501,"Whittier, CA",44098
6037431800,"Arcadia, CA",44079
6037264000,"Brentwood, Los Angeles, CA",44048
6037267402,"West Los Angeles, Los Angeles, CA",43990
6037432901,"Rosemead, CA",43924
6037482201,"Monterey Park, CA",43895
6037302102,"Somerset, Glendale, CA",43747
6037271500,"Mar Vista, Los Angeles, CA",43645
6037480901,"Alhambra, CA",43629
6037481103,"San Gabriel, CA",43622
6037212420,"Central LA, Los Angeles, CA",43599
6037481002,"Alhambra, CA",43538
6037800506,"Eastern Malibu, Malibu, CA",43406
6037181300,"Northeast Los Angeles, Los Angeles, CA",43371
6037207102,"Central LA, Los Angeles, CA",43370
6037302301,"Moorpark, Glendale, CA",43330
6037265520,"Westwood, Los Angeles, CA",43238
6037269000,"Cheviot Hills, Los Angeles, CA",43235
6037277100,"Westchester, Los Angeles, CA",43131
6037551000,"Downey, CA",43123
6037276601,"Playa del Rey, Los Angeles, CA",43109
6037430723,"Arcadia, CA",43069
6037141302,"Sherman Oaks, Los Angeles, CA",43032
6037189800,"Central LA, Los Angeles, CA",42686
6037482301,"Garvey, San Gabriel, CA",42662
6037189702,"Hollywood Hills, Los Angeles, CA",42655
6037217002,"Central LA, Los Angeles, CA",42647
6037482503,"Garvey, Rosemead, CA",42543
6037463500,"Pasadena, CA",42512
6037143800,"Studio City, Los Angeles, CA",42497
6037482702,"South Montebello, Monterey Park, CA",42425
6037211500,"Central LA, Los Angeles, CA",42409
6037702802,"McLaughlin, Los Angeles, CA",42387
6037701602,"Mid-City, Santa Monica, CA",42324
6037141202,"Sherman Oaks, Los Angeles, CA",42321
6037276603,"Playa del Rey, Los Angeles, CA",42239
6037143700,"Studio City, Los Angeles, CA",42220
6037431900,"Temple City, CA",42212
6037211704,"Central LA, Los Angeles, CA",42199
6037480102,"San Gabriel, CA",42191
6037214100,"Central LA, Los Angeles, CA",42165
6037700300,"Central LA, West Hollywood, CA",42152
6037189400,"Central LA, Los Angeles, CA",42135
6037137501,"Woodland Hills, Los Angeles, CA",42125
6037482304,"Garvey, Rosemead, CA",42106
6037188300,"Atwater Village, Los Angeles, CA",42054
6037181000,"Northeast Los Angeles, Los Angeles, CA",42010
6037480400,"Alhambra, CA",42005
6037301802,"Vineyard, Glendale, CA",42001
6037211701,"Central LA, Los Angeles, CA",41998
6037530003,"South Montebello, Montebello, CA",41991
6037194300,"Central LA, Los Angeles, CA",41983
6037143901,"Studio City, Los Angeles, CA",41971
6037143602,"Studio City, Los Angeles, CA",41951
6037701902,"Downtown, Santa Monica, CA",41948
6037480704,"South Pasadena, CA",41943
6037482102,"Monterey Park, CA",41935
6037302504,"Mariposa, Glendale, CA",41933
6037271702,"Palms, Los Angeles, CA",41915
6037463102,"Pasadena, CA",41895
6037482303,"Garvey, Rosemead, CA",41821
6037211703,"Central LA, Los Angeles, CA",41808
6037302202,"Mariposa, Glendale, CA",41804
6037214400,"Central LA, Los Angeles, CA",41785
6037276000,"Westchester, Los Angeles, CA",41761
6037482402,"Garvey, Rosemead, CA",41713
6037181400,"Northeast Los Angeles, Los Angeles, CA",41680
6037128702,"Sherman Oaks, Los Angeles, CA",41675
6037264302,"Brentwood, Los Angeles, CA",41647
6037701000,"Beverly Hills, CA",41612
6037480202,"San Gabriel, CA",41522
6037433101,"El Monte City, El Monte, CA",41490
6037192001,"Central LA, Los Angeles, CA",41383
6037141303,"Sherman Oaks, Los Angeles, CA",41377
6037480703,"South Pasadena, CA",41365
6037311700,"Burbank, CA",41210
6037139502,"Encino, Los Angeles, CA",41130
6037302104,"Citrus Grove, Glendale, CA",40923
6037302201,"Citrus Grove, Glendale, CA",40906
6037199120,"Montecito Heights, Los Angeles, CA",40818
6037197200,"Echo Park, Los Angeles, CA",40813
6037262303,"Brentwood, Los Angeles, CA",40767
6037463000,"Hastings Ranch, Pasadena, CA",40710
6037267902,"Rancho Park, Los Angeles, CA",40702
6037188201,"Central LA, Los Angeles, CA",40688
6037216300,"Central LA, Los Angeles, CA",40671
6037211420,"Central LA, Los Angeles, CA",40641
6037462500,"Pasadena, CA",40634
6037480902,"Alhambra, CA",40612
6037189904,"Central LA, Los Angeles, CA",40601
6037481102,"San Gabriel, CA",40601
6037480903,"Alhambra, CA",40573
6037276500,"Westchester, Los Angeles, CA",40536
6037432300,"El Monte City, El Monte, CA",40516
6037212306,"Central LA, Los Angeles, CA",40507
6037553300,"Bellflower, CA",40443
6037189101,"Central LA, Los Angeles, CA",40413
6037482800,"South Montebello, Monterey Park, CA",40411
6037206010,"Central LA, Los Angeles, CA",40345
6037262200,"Bel Air, Los Angeles, CA",40323
6037550800,"Downey, CA",40259
6037430721,"Arcadia, CA",40249
6037302002,"Downtown, Glendale, CA",40198
6037302503,"Mariposa, Glendale, CA",40147
6037272100,"Mar Vista, Los Angeles, CA",40100
6037143400,"Studio City, Los Angeles, CA",40073
6037214800,"Beverly Grove, Los Angeles, CA",40025
6037530006,"South Montebello, Montebello, CA",40022
6037702700,"Park West, Culver City, CA",40011
6037433602,"Garvey, Rosemead, CA",40000
6037702202,"Sunset Park, Santa Monica, CA",39990
6037217001,"Pico - Robertson, Los Angeles, CA",39977
6037273402,"Venice, Los Angeles, CA",39958
6037191820,"Central LA, Los Angeles, CA",39953
6037480804,"Alhambra, CA",39897
6037195202,"Central LA, Los Angeles, CA",39844
6037481902,"Alhambra, CA",39833
6037620102,"El Segundo, CA",39829
6037199800,"Northeast Los Angeles, Los Angeles, CA",39817
6037125402,"North Hollywood, Los Angeles, CA",39790
6037700101,"Central LA, West Hollywood, CA",39766
6037269907,"Palms, Los Angeles, CA",39763
6037274202,"Venice, Marina del Rey, CA",39759
6037211000,"Central LA, Los Angeles, CA",39733
6037264102,"Brentwood, Los Angeles, CA",39732
6037186404,"Glassell Park, Los Angeles, CA",39701
6037213401,"Central LA, Los Angeles, CA",39692
6037211803,"Central LA, Los Angeles, CA",39651
6037143300,"Studio City, Los Angeles, CA",39636
6037187101,"Atwater Village, Los Angeles, CA",39625
6037271300,"Mar Vista, Los Angeles, CA",39575
6037701402,"Wilshire Montana, Santa Monica, CA",39563
6037137502,"Woodland Hills, Los Angeles, CA",39554
6037201601,"Northeast Los Angeles, Los Angeles, CA",39553
6037213100,"Central LA, Los Angeles, CA",39538
6037550700,"Downey, CA",39512
6037464000,"Pasadena, CA",39444
6037191902,"Central LA, Los Angeles, CA",39404
6037481202,"San Gabriel, CA",39345
6037267700,"Sawtelle, Los Angeles, CA",39320
6037482401,"Garvey, Rosemead, CA",39291
6037482701,"South Montebello, Monterey Park, CA",39252
6037195300,"Central LA, Los Angeles, CA",39236
6037463101,"Pasadena, CA",39217
6037189201,"Central LA, Los Angeles, CA",39162
6037700501,"Central LA, West Hollywood, CA",39153
6037461700,"North Arroyo, Pasadena, CA",39141
6037433102,"El Monte City, El Monte, CA",39141
6037201402,"Northeast Los Angeles, Los Angeles, CA",39083
6037500300,"Whittier, CA",39056
6037197600,"Echo Park, Los Angeles, CA",39033
6037186201,"Northeast Los Angeles, Los Angeles, CA",39022
6037212610,"Central LA, Los Angeles, CA",39015
6037274100,"Venice, Marina del Rey, CA",39004
6037480802,"Alhambra, CA",38977
6037550602,"Downey, CA",38932
6037301601,"Grandview, Glendale, CA",38928
6037702801,"Clarkdale, Culver City, CA",38914
6037125600,"North Hollywood, Los Angeles, CA",38873
6037212701,"Central LA, Los Angeles, CA",38803
6037212102,"Central LA, Los Angeles, CA",38787
6037265201,"Westwood, Los Angeles, CA",38741
6037199400,"Mount Washington, Los Angeles, CA",38678
6037199201,"Montecito Heights, Los Angeles, CA",38630
6037551402,"Downey, CA",38617
6037620305,"Manhattan Beach, CA",38611
6037212702,"Central LA, Los Angeles, CA",38604
6037311801,"Burbank, CA",38591
6037125100,"Valley Village, Los Angeles, CA",38533
6037183104,"Northeast Los Angeles, Los Angeles, CA",38504
6037302302,"Pacific - Edison, Glendale, CA",38499
6037181600,"Northeast Los Angeles, Los Angeles, CA",38464
6037190201,"Central LA, Los Angeles, CA",38461
6037192510,"Central LA, Los Angeles, CA",38415
6037201200,"Northeast Los Angeles, Los Angeles, CA",38395
6037195600,"Los Angeles, CA",38350
6037187102,"Atwater Village, Los Angeles, CA",38343
6037271600,"Mar Vista, Los Angeles, CA",38341
6037702502,"Culver City, CA",38316
6037224410,"South Los Angeles, Los Angeles, CA",38296
6037480803,"Alhambra, CA",38287
6037189102,"Central LA, Los Angeles, CA",38276
6037187300,"Silver Lake, Los Angeles, CA",38266
6037197410,"Echo Park, Los Angeles, CA",38257
6037603500,"Gardena, CA",38228
6037463601,"Pasadena, CA",38207
6037194401,"Beverly Grove, Los Angeles, CA",38145
6037482521,"South Montebello, Rosemead, CA",38143
6037702201,"Sunset Park, Santa Monica, CA",38136
6037800102,"Topanga, CA",38126
6037702300,"Sunset Park, Santa Monica, CA",38098
6037267300,"West Los Angeles, Los Angeles, CA",38071
6037211410,"Central LA, Los Angeles, CA",38064
6037185204,"Northeast Los Angeles, Los Angeles, CA",38050
6037462900,"Pasadena, CA",38044
6037433503,"El Monte City, South El Monte, CA",38022
6037211804,"Central LA, Los Angeles, CA",38000
6037186100,"Eagle Rock, Los Angeles, CA",37983
6037481101,"San Gabriel, CA",37969
6037212800,"Central LA, Los Angeles, CA",37961
6037502500,"El Rancho, Pico Rivera, CA",37942
6037190520,"Central LA, Los Angeles, CA",37940
6037533106,"Huntington Park, CA",37910
6037194102,"Central LA, Los Angeles, CA",37862
6037124600,"Sherman Oaks, Los Angeles, CA",37829
6037190301,"Central LA, Los Angeles, CA",37774
6037214501,"Central LA, Los Angeles, CA",37774
6037189500,"Central LA, Los Angeles, CA",37756
6037271100,"West Los Angeles, Los Angeles, CA",37718
6037275400,"Los Angeles, CA",37690
6037302506,"Adams Hill, Glendale, CA",37650
6037141201,"Sherman Oaks, Los Angeles, CA",37644
6037195201,"Central LA, Los Angeles, CA",37637
6037530102,"South Montebello, Montebello, CA",37611
6037551502,"Downey, CA",37606
6037480600,"South Pasadena, CA",37591
6037620201,"Manhattan Beach, CA",37588
6037530004,"South Montebello, Montebello, CA",37562
6037502802,"Santa Fe Springs, CA",37506
6037195803,"Silver Lake, Los Angeles, CA",37494
6037208501,"Central LA, Los Angeles, CA",37470
6037550400,"Downey, CA",37459
6037311500,"Magnolia Park, Burbank, CA",37458
6037500403,"El Rancho, Pico Rivera, CA",37452
6037271400,"Mar Vista, Los Angeles, CA",37452
6037275101,"Culver City, CA",37430
6037197300,"Echo Park, Los Angeles, CA",37429
6037702901,"Marina del Rey, CA",37419
6037275302,"Marina del Rey, CA",37375
6037463900,"Northeast Los Angeles, Pasadena, CA",37352
6037278001,"Westchester, Los Angeles, CA",37340
6037183401,"Northeast Los Angeles, Los Angeles, CA",37336
6037551401,"Downey, CA",37324
6037502402,"El Rancho, Pico Rivera, CA",37302
6037462202,"Pasadena, CA",37270
6037211921,"Central LA, Los Angeles, CA",37254
6037195500,"Silver Lake, Los Angeles, CA",37248
6037201503,"Northeast Los Angeles, Los Angeles, CA",37237
6037201302,"Northeast Los Angeles, Los Angeles, CA",37229
6037192410,"Central LA, Los Angeles, CA",37210
6037195100,"Silver Lake, Los Angeles, CA",37194
6037191620,"Central LA, Los Angeles, CA",37177
6037530602,"Los Angeles, CA",37173
6037183300,"Northeast Los Angeles, Los Angeles, CA",37160
6037551201,"Downey, CA",37146
6037702102,"Ocean Park, Santa Monica, CA",37131
6037553200,"Bellflower, CA",37107
6037531102,"Los Angeles, CA",37090
6037191901,"Central LA, Los Angeles, CA",37069
6037128910,"Sherman Oaks, Los Angeles, CA",37066
6037620002,"El Segundo, CA",37052
6037199300,"Montecito Heights, Los Angeles, CA",37008
6037551202,"Downey, CA",37003
6037188100,"Atwater Village, Los Angeles, CA",37002
6037269300,"Cheviot Hills, Los Angeles, CA",36980
6037533502,"Huntington Park, CA",36936
6037620301,"Manhattan Beach, CA",36886
6037261101,"Beverly Hills, CA",36854
6037199000,"Northeast Los Angeles, Los Angeles, CA",36830
6037212620,"Central LA, Los Angeles, CA",36826
6037211120,"Central LA, Los Angeles, CA",36812
6037463200,"Lamanda Park, Pasadena, CA",36799
6037208710,"Central LA, Los Angeles, CA",36787
6037534501,"Huntington Park, CA",36724
6037186202,"Northeast Los Angeles, Los Angeles, CA",36714
6037273902,"Venice, Los Angeles, CA",36709
6037533203,"Huntington Park, CA",36692
6037273800,"Venice, Los Angeles, CA",36689
6037214000,"Central LA, Los Angeles, CA",36666
6037143604,"Studio City, Los Angeles, CA",36647
6037192420,"Central LA, Los Angeles, CA",36637
6037226002,"Central LA, Los Angeles, CA",36631
6037501300,"Whittier, CA",36610
6037183620,"Northeast Los Angeles, Los Angeles, CA",36530
6037199202,"Montecito Heights, Los Angeles, CA",36523
6037189600,"Central LA, Los Angeles, CA",36499
6037209520,"Central LA, Los Angeles, CA",36438
6037191201,"Central LA, Los Angeles, CA",36432
6037191302,"Central LA, Los Angeles, CA",36417
6037211802,"Central LA, Los Angeles, CA",36391
6037702002,"Ocean Park, Santa Monica, CA",36377
6037275602,"Westchester, Los Angeles, CA",36360
6037224420,"South Los Angeles, Los Angeles, CA",36353
6037701702,"Downtown, Santa Monica, CA",36345
6037197500,"Echo Park, Los Angeles, CA",36332
6037275603,"Culver City, CA",36332
6037143200,"West Toluca Lake, Los Angeles, CA",36327
6037551800,"Downey, CA",36323
6037311400,"Burbank, CA",36309
6037535702,"South Gate, CA",36307
6037273100,"Venice, Los Angeles, CA",36294
6037186403,"Atwater Village, Los Angeles, CA",36269
6037191203,"Central LA, Los Angeles, CA",36259
6037209510,"Central LA, Los Angeles, CA",36228
6037192620,"Central LA, Los Angeles, CA",36205
6037550000,"Norwalk, CA",36187
6037183103,"Highland Park, Los Angeles, CA",36185
6037212101,"Central LA, Los Angeles, CA",36179
6037502602,"El Rancho, Pico Rivera, CA",36171
6037462400,"Bungalow Heaven, Pasadena, CA",36142
6037183222,"Northeast Los Angeles, Los Angeles, CA",36065
6037208802,"Central LA, Los Angeles, CA",36053
6037554001,"Bellflower, CA",36038
6037195903,"Silver Lake, Los Angeles, CA",36033
6037602402,"Hawthorne, CA",36006
6037551501,"Downey, CA",35981
6037203500,"Boyle Heights, Los Angeles, CA",35977
6037208610,"Central LA, Los Angeles, CA",35975
6037301602,"Riverside Rancho, Glendale, CA",35972
6037302401,"Tropico, Glendale, CA",35971
6037550902,"Downey, CA",35970
6037201700,"Northeast Los Angeles, Los Angeles, CA",35961
6037550601,"Downey, CA",35933
6037553100,"Bellflower, CA",35902
6037702501,"Carlson Park, Culver City, CA",35886
6037143603,"North Hollywood, Los Angeles, CA",35880
6037536102,"South Gate, CA",35867
6037189300,"Central LA, Los Angeles, CA",35843
6037214503,"Central LA, Los Angeles, CA",35836
6037502601,"El Rancho, Pico Rivera, CA",35831
6037533503,"Huntington Park, CA",35830
6037125501,"North Hollywood, Los Angeles, CA",35804
6037534700,"Huntington Park, CA",35777
6037191500,"Central LA, Los Angeles, CA",35776
6037535605,"South Gate, CA",35768
6037206050,"Central LA, Los Angeles, CA",35761
6037536200,"South Gate, CA",35752
6037212410,"Central LA, Los Angeles, CA",35736
6037532500,"Huntington Park, CA",35712
6037552002,"Norwalk, CA",35702
6037463400,"Pasadena, CA",35701
6037216100,"Central LA, Los Angeles, CA",35650
6037183101,"Eagle Rock, Los Angeles, CA",35645
6037535901,"South Gate, CA",35645
6037185100,"Mount Washington, Los Angeles, CA",35644
6037553701,"Paramount, CA",35605
6037197420,"Echo Park, Los Angeles, CA",35588
6037183810,"Northeast Los Angeles, Los Angeles, CA",35574
6037550100,"Norwalk, CA",35555
6037701501,"Wilshire Montana, Santa Monica, CA",35487
6037502401,"El Rancho, Pico Rivera, CA",35457
6037141304,"Sherman Oaks, Los Angeles, CA",35454
6037701701,"Mid-City, Santa Monica, CA",35426
6037213201,"Central LA, Los Angeles, CA",35405
6037433802,"South El Monte, CA",35399
6037183820,"Northeast Los Angeles, Los Angeles, CA",35388
6037212203,"Central LA, Los Angeles, CA",35385
6037552001,"Norwalk, CA",35370
6037550901,"Downey, CA",35368
6037262704,"Pacific Palisades, Los Angeles, CA",35355
6037551900,"Norwalk, CA",35315
6037224320,"Central LA, Los Angeles, CA",35294
6037211121,"Central LA, Los Angeles, CA",35286
6037191710,"Central LA, Los Angeles, CA",35275
6037211922,"Central LA, Los Angeles, CA",35262
6037183402,"Northeast Los Angeles, Los Angeles, CA",35248
6037190401,"Central LA, Los Angeles, CA",35246
6037269800,"Castle Heights, Los Angeles, CA",35233
6037271802,"Palms, Los Angeles, CA",35206
6037462700,"Mid Central, Pasadena, CA",35206
6037190510,"Central LA, Los Angeles, CA",35181
6037125502,"North Hollywood, Los Angeles, CA",35177
6037190801,"Central LA, Los Angeles, CA",35177
6037301801,"Vineyard, Glendale, CA",35122
6037534406,"Cudahy, CA",35061
6037500600,"El Rancho, Pico Rivera, CA",35054
6037201501,"Northeast Los Angeles, Los Angeles, CA",35051
6037125200,"North Hollywood, Los Angeles, CA",35048
6037502100,"Whittier, CA",35036
6037269903,"Palms, Los Angeles, CA",35002
6037602301,"Hawthorne, CA",34987
6037533601,"Bell, CA",34970
6037551101,"Downey, CA",34967
6037186302,"Glassell Park, Los Angeles, CA",34950
6037212305,"Central LA, Los Angeles, CA",34926
6037552100,"Norwalk, CA",34916
6037601202,"Inglewood, CA",34899
6037271901,"Mar Vista, Los Angeles, CA",34896
6037209402,"Central LA, Los Angeles, CA",34896
6037208801,"Central LA, Los Angeles, CA",34872
6037269700,"Beverlywood, Los Angeles, CA",34861
6037183220,"Northeast Los Angeles, Los Angeles, CA",34856
6037192520,"Central LA, Los Angeles, CA",34809
6037535606,"South Gate, CA",34808
6037221220,"Central LA, Los Angeles, CA",34783
6037433504,"El Monte City, El Monte, CA",34771
6037270200,"Palms, Los Angeles, CA",34770
6037534203,"South Montebello, Bell Gardens, CA",34733
6037601402,"Inglewood, CA",34732
6037221210,"Central LA, Los Angeles, CA",34699
6037535604,"South Gate, CA",34659
6037502801,"Santa Fe Springs, CA",34638
6037194200,"Central LA, Los Angeles, CA",34636
6037532001,"South Montebello, Montebello, CA",34636
6037203710,"Boyle Heights, Los Angeles, CA",34631
6037535902,"South Gate, CA",34622
6037191301,"East Hollywood, Los Angeles, CA",34611
6037462800,"Lamanda Park, Pasadena, CA",34580
6037552302,"Norwalk, CA",34558
6037208301,"Central LA, Los Angeles, CA",34545
6037204300,"Boyle Heights, Los Angeles, CA",34539
6037534502,"Huntington Park, CA",34539
6037702400,"Lucerne - Higuera, Culver City, CA",34516
6037551700,"Downey, CA",34509
6037271701,"Palms, Los Angeles, CA",34507
6037531800,"South Montebello, East Los Angeles, CA",34500
6037191110,"Central LA, Los Angeles, CA",34491
6037531603,"East Los Angeles, CA",34478
6037183702,"Northeast Los Angeles, Los Angeles, CA",34474
6037195802,"Central LA, Los Angeles, CA",34474
6037601600,"Inglewood, CA",34463
6037533001,"South Los Angeles, Los Angeles, CA",34460
6037530301,"East Los Angeles, CA",34449
6037195400,"Silver Lake, Los Angeles, CA",34448
6037550201,"Norwalk, CA",34436
6037533902,"South Montebello, Bell Gardens, CA",34433
6037500800,"El Rancho, Pico Rivera, CA",34405
6037190802,"Central LA, Los Angeles, CA",34384
6037535701,"South Gate, CA",34359
6037185202,"Mount Washington, Los Angeles, CA",34341
6037701801,"Pico, Santa Monica, CA",34341
6037211910,"Central LA, Los Angeles, CA",34316
6037190100,"Central LA, Los Angeles, CA",34311
6037191810,"Central LA, Los Angeles, CA",34307
6037209300,"Central LA, Los Angeles, CA",34282
6037502200,"Whittier, CA",34260
6037204110,"Boyle Heights, Los Angeles, CA",34221
6037302505,"Adams Hill, Glendale, CA",34185
6037463700,"South Arroyo, Pasadena, CA",34178
6037204600,"Boyle Heights, Los Angeles, CA",34178
6037201504,"Northeast Los Angeles, Los Angeles, CA",34174
6037552700,"Norwalk, CA",34171
6037267600,"Sawtelle, Los Angeles, CA",34164
6037531504,"East Los Angeles, CA",34144
6037533107,"Huntington Park, CA",34143
6037530204,"South Montebello, Montebello, CA",34126
6037191610,"Central LA, Los Angeles, CA",34107
6037534802,"Huntington Park, CA",34106
6037201301,"Montecito Heights, Los Angeles, CA",34099
6037208620,"Central LA, Los Angeles, CA",34093
6037183510,"Northeast Los Angeles, Los Angeles, CA",34083
6037601700,"Inglewood, CA",34056
6037602106,"Hawthorne, CA",34046
6037533805,"Bell, CA",34040
6037185203,"Northeast Los Angeles, Los Angeles, CA",34039
6037190402,"Central LA, Los Angeles, CA",34032
6037433501,"El Monte City, South El Monte, CA",34031
6037502301,"Whittier, CA",34012
6037540300,"Lynwood, CA",34000
6037143902,"Studio City, Los Angeles, CA",33999
6037191420,"Central LA, Los Angeles, CA",33983
6037501001,"Whittier, CA",33936
6037201602,"Northeast Los Angeles, Los Angeles, CA",33932
6037201120,"Northeast Los Angeles, Los Angeles, CA",33921
6037502004,"East Whitter, Whittier, CA",33920
6037139600,"Encino, Los Angeles, CA",33912
6037262501,"Pacific Palisades, Los Angeles, CA",33895
6037531502,"East Los Angeles, CA",33889
6037190202,"Central LA, Los Angeles, CA",33874
6037311600,"Burbank, CA",33861
6037530101,"South Montebello, Montebello, CA",33858
6037553504,"Paramount, CA",33833
6037186203,"Northeast Los Angeles, Los Angeles, CA",33830
6037500700,"El Rancho, Pico Rivera, CA",33818
6037267901,"Century City, Los Angeles, CA",33783
6037534804,"Huntington Park, CA",33763
6037208402,"Central LA, Los Angeles, CA",33743
6037203300,"Northeast Los Angeles, Los Angeles, CA",33709
6037533702,"Maywood, CA",33696
6037183520,"Northeast Los Angeles, Los Angeles, CA",33691
6037211320,"Central LA, Los Angeles, CA",33683
6037183610,"Highland Park, Los Angeles, CA",33655
6037190902,"Central LA, Los Angeles, CA",33652
6037533401,"Maywood, CA",33650
6037192700,"Central LA, Los Angeles, CA",33649
6037191410,"Central LA, Los Angeles, CA",33649
6037536103,"South Gate, CA",33647
6037530203,"South Montebello, Montebello, CA",33639
6037531701,"South Montebello, East Los Angeles, CA",33632
6037533501,"Huntington Park, CA",33630
6037530601,"Los Angeles, CA",33623
6037262100,"Bel Air, Los Angeles, CA",33611
6037186301,"Atwater Village, Los Angeles, CA",33610
6037195710,"Los Angeles, CA",33584
6037201401,"Northeast Los Angeles, Los Angeles, CA",33572
6037533803,"Bell, CA",33570
6037141700,"Sherman Oaks, Beverly Hills, CA",33567
6037207900,"Central LA, Los Angeles, CA",33555
6037185320,"Northeast Los Angeles, Los Angeles, CA",33552
6037535802,"South Gate, CA",33548
6037535502,"South Gate, CA",33542
6037199900,"Montecito Heights, Los Angeles, CA",33530
6037267403,"West Los Angeles, Los Angeles, CA",33510
6037701502,"Downtown, Santa Monica, CA",33494
6037186401,"Northeast Los Angeles, Los Angeles, CA",33486
6037552800,"Norwalk, CA",33464
6037181500,"Northeast Los Angeles, Los Angeles, CA",33461
6037204120,"Central LA, Los Angeles, CA",33443
6037211201,"Central LA, Los Angeles, CA",33416
6037213320,"Central LA, Los Angeles, CA",33402
6037533804,"Bell, CA",33398
6037550500,"Downey, CA",33378
6037210010,"Central LA, Los Angeles, CA",33366
6037535804,"South Gate, CA",33325
6037215101,"Central LA, Los Angeles, CA",33306
6037204700,"Boyle Heights, Los Angeles, CA",33292
6037533806,"Bell, CA",33282
6037214600,"Central LA, Los Angeles, CA",33266
6037533403,"Maywood, CA",33256
6037271801,"Palms, Los Angeles, CA",33240
6037433700,"South El Monte, CA",33212
6037215102,"Central LA, Los Angeles, CA",33210
6037500404,"El Rancho, Pico Rivera, CA",33196
6037603900,"Lawndale, CA",33175
6037535503,"South Gate, CA",33145
6037530802,"Los Angeles, CA",33126
6037550300,"Norwalk, CA",33102
6037551300,"Downey, CA",33097
6037535803,"South Gate, CA",33081
6037536104,"South Gate, CA",33066
6037204410,"Central LA, Los Angeles, CA",33060
6037275500,"Culver City, CA",33010
6037275102,"Culver City, CA",33008
6037532303,"South Montebello, Commerce, CA",33007
6037532101,"South Montebello, Montebello, CA",32985
6037482522,"South Montebello, Montebello, CA",32983
6037462302,"Pasadena, CA",32945
6037602404,"Hawthorne, CA",32934
6037532606,"Huntington Park, CA",32922
6037534001,"South Montebello, Bell Gardens, CA",32898
6037213310,"Central LA, Los Angeles, CA",32894
6037224020,"South Los Angeles, Los Angeles, CA",32892
6037219500,"South Los Angeles, Los Angeles, CA",32888
6037535603,"South Gate, CA",32887
6037531902,"South Montebello, East Los Angeles, CA",32885
6037500900,"El Rancho, Pico Rivera, CA",32875
6037208401,"Central LA, Los Angeles, CA",32875
6037209102,"Central LA, Los Angeles, CA",32854
6037267501,"West Los Angeles, Los Angeles, CA",32846
6037192610,"Central LA, Los Angeles, CA",32831
6037532002,"South Montebello, Montebello, CA",32805
6037208502,"Central LA, Los Angeles, CA",32799
6037195804,"Silver Lake, Los Angeles, CA",32795
6037980019,"Pacific Palisades, Los Angeles, CA",32787
6037601502,"Inglewood, CA",32784
6037533901,"South Montebello, Bell Gardens, CA",32782
6037143100,"Toluca Lake, Los Angeles, CA",32765
6037532304,"South Montebello, Commerce, CA",32724
6037540102,"Lynwood, CA",32708
6037187200,"Echo Park, Los Angeles, CA",32688
6037221602,"Central LA, Los Angeles, CA",32688
6037534404,"Cudahy, CA",32683
6037603801,"Lawndale, CA",32682
6037533703,"Maywood, CA",32675
6037199110,"Montecito Heights, Los Angeles, CA",32669
6037191204,"Central LA, Los Angeles, CA",32665
6037531201,"Los Angeles, CA",32646
6037502700,"Santa Fe Springs, CA",32626
6037221110,"Central LA, Los Angeles, CA",32623
6037183221,"Northeast Los Angeles, Los Angeles, CA",32615
6037463602,"Pasadena, CA",32583
6037531301,"Los Angeles, CA",32565
6037531702,"South Montebello, East Los Angeles, CA",32562
6037600912,"Inglewood, CA",32554
6037190901,"Central LA, Los Angeles, CA",32550
6037501002,"Whittier, CA",32548
6037553400,"Downey, CA",32536
6037554103,"Bellflower, CA",32536
6037211122,"Central LA, Los Angeles, CA",32536
6037540501,"Lynwood, CA",32522
6037602103,"Hawthorne, CA",32517
6037213202,"Central LA, Los Angeles, CA",32512
6037222200,"South Los Angeles, Los Angeles, CA",32508
6037221120,"Central LA, Los Angeles, CA",32497
6037212202,"Central LA, Los Angeles, CA",32494
6037224200,"Central LA, Los Angeles, CA",32479
6037532102,"South Montebello, Montebello, CA",32478
6037535002,"South Los Angeles, Los Angeles, CA",32477
6037533105,"Huntington Park, CA",32461
6037195902,"Silver Lake, Los Angeles, CA",32457
6037535607,"South Gate, CA",32437
6037199700,"Central LA, Los Angeles, CA",32436
6037216800,"Central LA, Los Angeles, CA",32426
6037203800,"Boyle Heights, Los Angeles, CA",32397
6037602200,"Los Angeles, CA",32389
6037218120,"Central LA, Los Angeles, CA",32371
6037552200,"Norwalk, CA",32370
6037269905,"Palms, Los Angeles, CA",32366
6037272201,"Mar Vista, Los Angeles, CA",32365
6037534403,"Cudahy, CA",32335
6037533602,"Bell, CA",32322
6037531302,"Los Angeles, CA",32305
6037531000,"Los Angeles, CA",32278
6037269904,"Palms, Los Angeles, CA",32192
6037221710,"Jefferson, Los Angeles, CA",32183
6037204810,"Boyle Heights, Los Angeles, CA",32176
6037531602,"South Montebello, East Los Angeles, CA",32176
6037552301,"Norwalk, CA",32161
6037535501,"South Gate, CA",32155
6037603001,"Gardena, CA",32155
6037540202,"Lynwood, CA",32149
6037530901,"Los Angeles, CA",32141
6037226410,"South Los Angeles, Los Angeles, CA",32131
6037221820,"Jefferson, Los Angeles, CA",32110
6037534405,"Cudahy, CA",32092
6037501200,"Whittier, CA",32089
6037213402,"Central LA, Los Angeles, CA",32063
6037600703,"Morningside Park, Inglewood, CA",32059
6037702600,"Culver City, CA",32052
6037534202,"South Montebello, Bell Gardens, CA",32047
6037534201,"South Montebello, Bell Gardens, CA",32033
6037551102,"Downey, CA",32020
6037533603,"Bell, CA",32017
6037534002,"South Montebello, Bell Gardens, CA",32004
6037503000,"Whittier, CA",31990
6037203720,"Boyle Heights, Los Angeles, CA",31975
6037271902,"Mar Vista, Los Angeles, CA",31939
6037550202,"Norwalk, CA",31930
6037208302,"Central LA, Los Angeles, CA",31921
6037540201,"South Gate, CA",31920
6037532700,"South Los Angeles, Los Angeles, CA",31915
6037501400,"Whittier, CA",31913
6037535300,"South Los Angeles, Los Angeles, CA",31909
6037231720,"South Figueroa Corridor, Los Angeles, CA",31898
6037500402,"El Rancho, Pico Rivera, CA",31897
6037228410,"South Los Angeles, Los Angeles, CA",31889
6037533402,"Maywood, CA",31844
6037218800,"Central LA, Los Angeles, CA",31837
6037204200,"Boyle Heights, Los Angeles, CA",31800
6037532605,"Huntington Park, CA",31798
6037125401,"North Hollywood, Los Angeles, CA",31777
6037203200,"Boyle Heights, Los Angeles, CA",31772
6037212900,"Central LA, Los Angeles, CA",31768
6037212303,"Central LA, Los Angeles, CA",31752
6037530302,"South Montebello, East Los Angeles, CA",31748
6037203100,"Northeast Los Angeles, Los Angeles, CA",31744
6037221402,"Central LA, Los Angeles, CA",31737
6037540101,"Lynwood, CA",31735
6037534301,"Cudahy, CA",31727
6037534803,"Huntington Park, CA",31721
6037191720,"Central LA, Los Angeles, CA",31715
6037602002,"Hawthorne, CA",31712
6037267800,"West Los Angeles, Los Angeles, CA",31708
6037602104,"Hawthorne, CA",31689
6037502302,"Whittier, CA",31672
6037534900,"South Los Angeles, Los Angeles, CA",31660
6037216200,"Central LA, Los Angeles, CA",31645
6037276604,"Playa del Rey, Los Angeles, CA",31615
6037231800,"South Figueroa Corridor, Los Angeles, CA",31602
6037553702,"Paramount, CA",31579
6037212304,"Central LA, Los Angeles, CA",31577
6037207501,"Downtown, Los Angeles, CA",31553
6037532604,"Huntington Park, CA",31548
6037208000,"Central LA, Los Angeles, CA",31545
6037273600,"Venice, Los Angeles, CA",31500
6037542104,"East Compton, CA",31499
6037224700,"South Los Angeles, Los Angeles, CA",31483
6037502902,"Santa Fe Springs, CA",31478
6037269906,"Palms, Los Angeles, CA",31477
6037601401,"Inglewood, CA",31475
6037192002,"Central LA, Los Angeles, CA",31466
6037530202,"South Montebello, Montebello, CA",31466
6037183701,"Highland Park, Los Angeles, CA",31442
6037228420,"South Los Angeles, Los Angeles, CA",31430
6037211310,"Central LA, Los Angeles, CA",31419
6037208904,"Central LA, Los Angeles, CA",31410
6037541700,"Lynwood, CA",31398
6037275311,"Los Angeles, CA",31398
6037603703,"Hawthorne, CA",31388
6037217200,"Central LA, Los Angeles, CA",31362
6037540000,"Lynwood, CA",31355
6037533201,"Huntington Park, CA",31339
6037190700,"Central LA, Los Angeles, CA",31338
6037531101,"Los Angeles, CA",31337
6037602509,"Hawthorne, CA",31335
6037205110,"Boyle Heights, Los Angeles, CA",31316
6037601501,"Inglewood, CA",31310
6037530801,"Los Angeles, CA",31304
6037532302,"South Montebello, Los Angeles, CA",31288
6037533701,"Maywood, CA",31280
6037536000,"South Gate, CA",31271
6037195720,"Echo Park, Los Angeles, CA",31266
6037218400,"Central LA, Los Angeles, CA",31264
6037540203,"Lynwood, CA",31261
6037221601,"Jefferson, Los Angeles, CA",31259
6037534102,"South Montebello, Bell Gardens, CA",31180
6037553602,"Paramount, CA",31178
6037532900,"South Los Angeles, Los Angeles, CA",31141
6037601301,"Inglewood, CA",31138
6037700700,"The Flats, Beverly Hills, CA",31109
6037552400,"Norwalk, CA",31107
6037219901,"Los Angeles, CA",31105
6037273700,"Venice, Los Angeles, CA",31046
6037203600,"Boyle Heights, Los Angeles, CA",31028
6037185310,"Northeast Los Angeles, Los Angeles, CA",31019
6037229100,"Central Alameda, Los Angeles, CA",31017
6037531202,"Los Angeles, CA",31008
6037209401,"Central LA, Los Angeles, CA",31001
6037530902,"Los Angeles, CA",30997
6037533202,"Huntington Park, CA",30946
6037226420,"South Los Angeles, Los Angeles, CA",30878
6037221900,"South Los Angeles, Los Angeles, CA",30870
6037221500,"South Los Angeles, Los Angeles, CA",30864
6037500500,"El Rancho, Pico Rivera, CA",30863
6037291130,"Harbor, Gardena, CA",30861
6037532400,"Vernon, CA",30849
6037195901,"Silver Lake, Los Angeles, CA",30845
6037212501,"Central LA, Los Angeles, CA",30842
6037602004,"Inglewood, CA",30825
6037191120,"Central LA, Los Angeles, CA",30815
6037228310,"South Los Angeles, Los Angeles, CA",30810
6037204910,"Boyle Heights, Los Angeles, CA",30803
6037531503,"East Los Angeles, CA",30794
6037204820,"Boyle Heights, Los Angeles, CA",30772
6037212204,"Central LA, Los Angeles, CA",30726
6037531901,"South Montebello, East Los Angeles, CA",30683
6037201110,"Northeast Los Angeles, Los Angeles, CA",30593
6037211202,"Central LA, Los Angeles, CA",30561
6037265303,"Westwood, Los Angeles, CA",30527
6037553502,"Paramount, CA",30521
6037209403,"Central LA, Los Angeles, CA",30515
6037553503,"Paramount, CA",30514
6037541802,"Lynwood, CA",30513
6037541001,"Gardena, CA",30499
6037533104,"Huntington Park, CA",30488
6037207301,"Central LA, Los Angeles, CA",30481
6037239601,"South Los Angeles, Los Angeles, CA",30463
6037534302,"Cudahy, CA",30458
6037277200,"Westchester, Los Angeles, CA",30457
6037530700,"Los Angeles, CA",30444
6037203900,"Boyle Heights, Los Angeles, CA",30430
6037602003,"Inglewood, CA",30387
6037602105,"Hawthorne, CA",30375
6037212502,"Central LA, Los Angeles, CA",30354
6037702803,"Los Angeles, CA",30320
6037239502,"South Los Angeles, Los Angeles, CA",30319
6037534101,"South Montebello, Bell Gardens, CA",30313
6037533300,"Maywood, CA",30287
6037191000,"Central LA, Los Angeles, CA",30265
6037535001,"South Los Angeles, Los Angeles, CA",30251
6037221303,"Central LA, Los Angeles, CA",30206
6037553000,"Norwalk, CA",30199
6037532200,"South Montebello, Montebello, CA",30192
6037227010,"South Los Angeles, Los Angeles, CA",30171
6037219800,"Los Angeles, CA",30167
6037541801,"Lynwood, CA",30135
6037532603,"Huntington Park, CA",30135
6037602403,"Hawthorne, CA",30130
6037208902,"Central LA, Los Angeles, CA",30117
6037601802,"Inglewood, CA",30085
6037205120,"Central LA, Los Angeles, CA",30084
6037221302,"Central LA, Los Angeles, CA",30073
6037228600,"South Los Angeles, Los Angeles, CA",30052
6037601212,"Inglewood, CA",30024
6037239320,"South Los Angeles, Los Angeles, CA",30022
6037219300,"Jefferson, Los Angeles, CA",30017
6037216700,"Central LA, Los Angeles, CA",30006
6037700502,"Central LA, West Hollywood, CA",29978
6037540502,"Lynwood, CA",29910
6037272302,"Mar Vista, Los Angeles, CA",29890
6037226700,"South Los Angeles, Los Angeles, CA",29820
6037228100,"South Los Angeles, Los Angeles, CA",29817
6037432802,"El Monte City, El Monte, CA",29800
6037234000,"Leimert Park, Los Angeles, CA",29791
6037530500,"East Los Angeles, CA",29774
6037533002,"South Los Angeles, Los Angeles, CA",29769
6037229300,"South Figueroa Corridor, Los Angeles, CA",29766
6037269602,"Central LA, Los Angeles, CA",29657
6037264103,"Brentwood, Los Angeles, CA",29630
6037227020,"South Los Angeles, Los Angeles, CA",29546
6037553601,"Paramount, CA",29525
6037531604,"East Los Angeles, CA",29520
6037231220,"South Figueroa Corridor, Los Angeles, CA",29517
6037218220,"Central LA, Los Angeles, CA",29487
6037239602,"South Los Angeles, Los Angeles, CA",29474
6037239201,"South Los Angeles, Los Angeles, CA",29463
6037601801,"Inglewood, CA",29457
6037461901,"Pasadena, CA",29439
6037228320,"South Los Angeles, Los Angeles, CA",29433
6037541500,"South Los Angeles, Compton, CA",29429
6037222500,"South Los Angeles, Los Angeles, CA",29429
6037462301,"Pasadena, CA",29411
6037204920,"Boyle Heights, Los Angeles, CA",29403
6037600911,"Inglewood, CA",29318
6037601900,"Inglewood, CA",29296
6037602900,"Gardena, CA",29283
6037224010,"Central LA, Los Angeles, CA",29280
6037530400,"Monterey Park, CA",29245
6037219010,"South Los Angeles, Los Angeles, CA",29219
6037228500,"South Figueroa Corridor, Los Angeles, CA",29187
6037229420,"South Los Angeles, Los Angeles, CA",29182
6037218500,"Central LA, Los Angeles, CA",29177
6037535101,"South Los Angeles, Los Angeles, CA",29173
6037275200,"Los Angeles, CA",29149
6037603005,"Gardena, CA",29099
6037273200,"Venice, Los Angeles, CA",29076
6037217100,"Central LA, Los Angeles, CA",29057
6037235100,"Park Mesa Heights, Los Angeles, CA",29050
6037272301,"Mar Vista, Los Angeles, CA",29044
6037701802,"Pico, Santa Monica, CA",29035
6037462100,"North Central, Pasadena, CA",29035
6037463300,"Pasadena, CA",29024
6037204420,"Boyle Heights, Los Angeles, CA",29021
6037461600,"North Central, Pasadena, CA",28969
6037218702,"Jefferson, Los Angeles, CA",28961
6037262802,"Pacific Palisades, Santa Monica, CA",28960
6037221810,"South Los Angeles, Los Angeles, CA",28956
6037229200,"South Los Angeles, Los Angeles, CA",28930
6037231600,"South Los Angeles, Los Angeles, CA",28831
6037243000,"South Los Angeles, Los Angeles, CA",28826
6037218701,"Central LA, Los Angeles, CA",28816
6037218300,"Central LA, Los Angeles, CA",28806
6037231900,"South Figueroa Corridor, Los Angeles, CA",28750
6037270300,"Central LA, Los Angeles, CA",28745
6037219902,"Los Angeles, CA",28743
6037218600,"Central LA, Los Angeles, CA",28730
6037269601,"Central LA, Los Angeles, CA",28715
6037532800,"South Los Angeles, Los Angeles, CA",28711
6037218110,"Central LA, Los Angeles, CA",28682
6037231300,"South Los Angeles, Los Angeles, CA",28671
6037222100,"South Los Angeles, Los Angeles, CA",28666
6037231210,"South Los Angeles, Los Angeles, CA",28659
6037240200,"South Los Angeles, Los Angeles, CA",28633
6037533103,"Huntington Park, CA",28625
6037228210,"South Los Angeles, Los Angeles, CA",28612
6037216900,"Central LA, Los Angeles, CA",28611
6037535102,"South Los Angeles, Los Angeles, CA",28584
6037209104,"Central LA, Los Angeles, CA",28581
6037238310,"South Figueroa Corridor, Los Angeles, CA",28579
6037239202,"South Los Angeles, Los Angeles, CA",28573
6037291120,"Harbor, Gardena, CA",28525
6037208720,"Central LA, Los Angeles, CA",28440
6037221401,"Jefferson, Los Angeles, CA",28414
6037221304,"Central LA, Los Angeles, CA",28401
6037701100,"West Los Angeles, Los Angeles, CA",28398
6037462001,"North Central, Pasadena, CA",28359
6037262706,"Pacific Palisades, Los Angeles, CA",28297
6037206032,"Central LA, Los Angeles, CA",28293
6037237720,"South Figueroa Corridor, Los Angeles, CA",28240
6037224600,"South Figueroa Corridor, Los Angeles, CA",28198
6037228800,"Central Alameda, Los Angeles, CA",28195
6037272202,"Mar Vista, Los Angeles, CA",28175
6037228220,"South Los Angeles, Los Angeles, CA",28139
6037542601,"Compton, CA",28123
6037239802,"South Los Angeles, Los Angeles, CA",28107
6037601211,"Inglewood, CA",28078
6037237401,"South Los Angeles, Los Angeles, CA",28074
6037232120,"South Los Angeles, Los Angeles, CA",28067
6037541604,"Compton, CA",28063
6037237101,"South Figueroa Corridor, Los Angeles, CA",28025
6037239310,"South Los Angeles, Los Angeles, CA",28016
6037542700,"Compton, CA",27997
6037232110,"South Figueroa Corridor, Los Angeles, CA",27971
6037219700,"Jefferson, Los Angeles, CA",27967
6037541400,"South Los Angeles, Compton, CA",27950
6037231500,"Leimert Park, Los Angeles, CA",27950
6037237102,"South Figueroa Corridor, Los Angeles, CA",27949
6037270100,"Palms, Los Angeles, CA",27902
6037208903,"Central LA, Los Angeles, CA",27842
6037222600,"South Los Angeles, Los Angeles, CA",27821
6037601002,"Inglewood, CA",27814
6037232600,"South Los Angeles, Los Angeles, CA",27781
6037237202,"South Los Angeles, Los Angeles, CA",27763
6037209103,"Central LA, Los Angeles, CA",27755
6037231100,"South Los Angeles, Los Angeles, CA",27722
6037222001,"Jefferson, Los Angeles, CA",27698
6037222002,"South Los Angeles, Los Angeles, CA",27683
6037229410,"South Los Angeles, Los Angeles, CA",27662
6037236000,"Baldwin Hills, Los Angeles, CA",27587
6037540400,"South Los Angeles, Los Angeles, CA",27578
6037603704,"Hawthorne, CA",27576
6037232800,"South Figueroa Corridor, Los Angeles, CA",27571
6037462201,"Pasadena, CA",27539
6037206200,"Central LA, Los Angeles, CA",27508
6037600902,"Inglewood, CA",27500
6037542602,"Compton, CA",27488
6037271200,"Sawtelle, Los Angeles, CA",27486
6037228720,"South Los Angeles, Los Angeles, CA",27469
6037206031,"Arts District, Los Angeles, CA",27467
6037228900,"Central Alameda, Los Angeles, CA",27405
6037226001,"South Los Angeles, Los Angeles, CA",27398
6037239702,"South Los Angeles, Los Angeles, CA",27371
6037220100,"South Los Angeles, Los Angeles, CA",27326
6037602504,"Hawthorne, CA",27270
6037602801,"South Los Angeles, Los Angeles, CA",27254
6037601001,"Inglewood, CA",27183
6037602508,"Hawthorne, CA",27163
6037600502,"Inglewood, CA",27151
6037232700,"South Figueroa Corridor, Los Angeles, CA",27112
6037218210,"Central LA, Los Angeles, CA",27094
6037601100,"Inglewood, CA",27083
6037241300,"Harbor Gateway North, Los Angeles, CA",27077
6037242200,"South Los Angeles, Los Angeles, CA",27047
6037462002,"North Central, Pasadena, CA",27032
6037219020,"South Los Angeles, Los Angeles, CA",27030
6037237800,"South Los Angeles, Los Angeles, CA",27030
6037600304,"South Los Angeles, Los Angeles, CA",27002
6037273300,"Venice, Los Angeles, CA",26998
6037239330,"South Los Angeles, Los Angeles, CA",26978
6037237600,"South Figueroa Corridor, Los Angeles, CA",26902
6037535200,"South Los Angeles, Los Angeles, CA",26853
6037228710,"Central Alameda, Los Angeles, CA",26846
6037239501,"South Los Angeles, Los Angeles, CA",26826
6037602802,"South Los Angeles, Los Angeles, CA",26758
6037600201,"South Los Angeles, Los Angeles, CA",26751
6037542000,"Compton, CA",26751
6037240300,"South Los Angeles, Los Angeles, CA",26714
6037541606,"Compton, CA",26685
6037535400,"South Los Angeles, Los Angeles, CA",26682
6037209820,"Central LA, Los Angeles, CA",26603
6037218900,"Jefferson, Los Angeles, CA",26523
6037234600,"Park Mesa Heights, Los Angeles, CA",26512
6037232500,"South Los Angeles, Los Angeles, CA",26478
6037232300,"South Los Angeles, Los Angeles, CA",26459
6037240900,"South Los Angeles, Los Angeles, CA",26433
6037237402,"South Los Angeles, Los Angeles, CA",26411
6037239701,"South Los Angeles, Los Angeles, CA",26371
6037209810,"Central LA, Los Angeles, CA",26310
6037240020,"South Los Angeles, Los Angeles, CA",26296
6037265305,"Westwood, Los Angeles, CA",26235
6037234800,"Park Mesa Heights, Los Angeles, CA",26214
6037242700,"South Los Angeles, Los Angeles, CA",26213
6037237500,"South Figueroa Corridor, Los Angeles, CA",26184
6037242300,"South Los Angeles, Los Angeles, CA",26182
6037224310,"Central LA, Los Angeles, CA",26110
6037239801,"South Los Angeles, Los Angeles, CA",26094
6037273502,"Venice, Los Angeles, CA",25992
6037241120,"South Los Angeles, Los Angeles, CA",25938
6037207302,"Central LA, Los Angeles, CA",25913
6037602507,"Hawthorne, CA",25904
6037240010,"South Los Angeles, Los Angeles, CA",25898
6037541100,"Compton, CA",25898
6037542103,"Compton, CA",25889
6037540800,"South Los Angeles, Los Angeles, CA",25855
6037240401,"South Los Angeles, Los Angeles, CA",25779
6037703002,"Los Angeles, CA",25759
6037276100,"Los Angeles, CA",25731
6037540901,"South Los Angeles, Los Angeles, CA",25716
6037231710,"South Figueroa Corridor, Los Angeles, CA",25675
6037462600,"Pasadena, CA",25659
6037232400,"South Los Angeles, Los Angeles, CA",25637
6037703100,"View Park, View Park-Windsor Hills, CA",25615
6037234502,"South Los Angeles, Los Angeles, CA",25609
6037703001,"Fox Hills, Culver City, CA",25592
6037541605,"Compton, CA",25555
6037240500,"South Los Angeles, Los Angeles, CA",25532
6037602505,"Hawthorne, CA",25402
6037234501,"South Los Angeles, Los Angeles, CA",25395
6037542800,"Compton, CA",25379
6037238320,"South Figueroa Corridor, Los Angeles, CA",25327
6037241110,"South Los Angeles, Los Angeles, CA",25325
6037220000,"Jefferson, Los Angeles, CA",25231
6037231400,"Leimert Park, Los Angeles, CA",25172
6037540600,"South Los Angeles, Los Angeles, CA",25161
6037209200,"Central LA, Los Angeles, CA",25079
6037600704,"Morningside Park, Inglewood, CA",25072
6037240402,"South Los Angeles, Los Angeles, CA",25035
6037235201,"Park Mesa Heights, Los Angeles, CA",25012
6037241400,"Harbor, Los Angeles, CA",25007
6037277400,"Los Angeles, CA",24993
6037541300,"Compton, CA",24968
6037238400,"South Los Angeles, Los Angeles, CA",24887
6037541603,"Compton, CA",24865
6037540700,"South Los Angeles, Los Angeles, CA",24791
6037241201,"South Los Angeles, Los Angeles, CA",24772
6037242000,"South Los Angeles, Los Angeles, CA",24689
6037703200,"View Park, View Park-Windsor Hills, CA",24606
6037601303,"Inglewood, CA",24563
6037240600,"South Los Angeles, Los Angeles, CA",24458
6037237201,"South Los Angeles, Los Angeles, CA",24391
6037461902,"Pasadena, CA",24381
6037600302,"South Los Angeles, Los Angeles, CA",24372
6037232200,"South Los Angeles, Los Angeles, CA",24370
6037241001,"South Los Angeles, Los Angeles, CA",24354
6037207710,"Central LA, Los Angeles, CA",24277
6037237710,"South Figueroa Corridor, Los Angeles, CA",24273
6037241002,"South Los Angeles, Los Angeles, CA",24259
6037241202,"South Los Angeles, Los Angeles, CA",24207
6037601302,"Inglewood, CA",24173
6037237300,"South Los Angeles, Los Angeles, CA",24110
6037600100,"South Los Angeles, Los Angeles, CA",24062
6037234200,"Leimert Park, Los Angeles, CA",23938
6037291110,"Harbor, Los Angeles, CA",23867
6037600501,"Inglewood, CA",23858
6037242600,"South Los Angeles, Los Angeles, CA",23814
6037541200,"Compton, CA",23767
6037236202,"Baldwin Village, Los Angeles, CA",23659
6037240800,"South Los Angeles, Los Angeles, CA",23649
6037243100,"South Los Angeles, Los Angeles, CA",23632
6037240700,"South Los Angeles, Los Angeles, CA",23600
6037602600,"Gardena, CA",23586
6037540902,"South Los Angeles, Los Angeles, CA",23580
6037236203,"Crenshaw, Los Angeles, CA",23451
6037234901,"Park Mesa Heights, Los Angeles, CA",23397
6037236400,"Baldwin Hills, Los Angeles, CA",23339
6037602700,"Hawthorne, CA",23191
6037600602,"Inglewood, CA",23183
6037235202,"Park Mesa Heights, Los Angeles, CA",23107
6037602506,"Hawthorne, CA",23010
6037234700,"Park Mesa Heights, Los Angeles, CA",22991
6037237900,"South Los Angeles, Los Angeles, CA",22984
6037463800,"Northeast Los Angeles, Pasadena, CA",22825
6037600802,"Morningside Park, Inglewood, CA",22808
6037600303,"South Los Angeles, Los Angeles, CA",22640
6037600702,"Morningside Park, Inglewood, CA",22624
6037234300,"Leimert Park, Los Angeles, CA",22573
6037600400,"South Los Angeles, Los Angeles, CA",22483
6037600202,"South Los Angeles, Los Angeles, CA",22308
6037600801,"Morningside Park, Inglewood, CA",22203
6037236100,"Baldwin Village, Los Angeles, CA",21999
6037238200,"South Los Angeles, Los Angeles, CA",21819
6037238000,"South Los Angeles, Los Angeles, CA",21456
6037238100,"South Los Angeles, Los Angeles, CA",21371
6037207502,"Downtown, Los Angeles, CA",21177
6037234902,"Park Mesa Heights, Los Angeles, CA",21003
6037242100,"South Los Angeles, Los Angeles, CA",19947
6037236204,"Baldwin Village, Los Angeles, CA",19366
6037600601,"Inglewood, CA",19305
6037206300,"Central LA, Los Angeles, CA",18088
6037980030,"El Segundo, CA",
6037265301,"Westwood, Los Angeles, CA",
6037980013,"El Segundo, CA",
6037207400,"Central LA, Los Angeles, CA",
6037551600,"Downey, CA",
6037206020,"Central LA, Los Angeles, CA",
6037980028,"Los Angeles, CA",
6037504102,"Norwalk, CA",
6037265304,"Westwood, Los Angeles, CA",
6037222700,"South Los Angeles, Los Angeles, CA",
6037980024,"Encino, Los Angeles, CA",
6037320000,"North Hollywood, Universal City, CA",
6037980009,"Los Angeles, CA",