﻿"tract","Name","Household_Income_rP_gP_p50"
6037980010,"Echo Park, Los Angeles, CA",74826
6037265100,"Westwood, Los Angeles, CA",68557
6037139801,"Tarzana, Los Angeles, CA",67699
6037262400,"Brentwood, Los Angeles, CA",67630
6037980024,"Encino, Los Angeles, CA",67578
6037207103,"Central LA, Los Angeles, CA",66965
6037262301,"Los Angeles, CA",66371
6037194101,"Central LA, Los Angeles, CA",66051
6037139802,"Tarzana, Los Angeles, CA",64337
6037460800,"North Arroyo, Pasadena, CA",64207
6037141500,"Encino, Los Angeles, CA",63961
6037139703,"Encino, Los Angeles, CA",63898
6037189902,"Central LA, Los Angeles, CA",62013
6037265420,"Westwood, Los Angeles, CA",61611
6037139702,"Encino, Los Angeles, CA",60870
6037212420,"Central LA, Los Angeles, CA",59700
6037300901,"Chevy Chase, Glendale, CA",58826
6037216402,"Central LA, Los Angeles, CA",58721
6037207101,"Central LA, Los Angeles, CA",58715
6037431600,"Arcadia, CA",58478
6037430701,"Arcadia, CA",58461
6037300902,"Glenoaks Canyon, Glendale, CA",58254
6037480002,"San Gabriel, CA",58166
6037482002,"Monterey Park, CA",57964
6037278102,"Playa del Rey, Los Angeles, CA",57777
6037481711,"Monterey Park, CA",57334
6037267200,"West Los Angeles, Los Angeles, CA",57190
6037464200,"San Marino, CA",57062
6037267100,"West Los Angeles, Los Angeles, CA",56828
6037701202,"Wilshire Montana, Santa Monica, CA",56546
6037431700,"Arcadia, CA",56322
6037701304,"North of Montana, Santa Monica, CA",56258
6037700102,"Central LA, West Hollywood, CA",56228
6037480201,"San Gabriel, CA",56224
6037482502,"Garvey, Rosemead, CA",56216
6037480012,"San Gabriel, CA",56201
6037700600,"Beverly Hills, CA",56187
6037265601,"Westwood, Los Angeles, CA",56157
6037214700,"Beverly Grove, Los Angeles, CA",55891
6037261200,"Beverly Glen, Los Angeles, CA",55870
6037700801,"Beverly Hills, CA",55803
6037700901,"Central LA, Beverly Hills, CA",55676
6037262601,"Pacific Palisades, Los Angeles, CA",55594
6037189905,"Central LA, Los Angeles, CA",55464
6037189701,"Central LA, Los Angeles, CA",55114
6037269100,"Pico - Robertson, Los Angeles, CA",55024
6037430600,"Arcadia, CA",55023
6037262302,"Brentwood, Los Angeles, CA",54918
6037530005,"South Montebello, Montebello, CA",54758
6037141400,"Encino, Los Angeles, CA",54750
6037301701,"Pelanconi, Glendale, CA",54708
6037188202,"Central LA, Los Angeles, CA",54571
6037265510,"Westwood, Los Angeles, CA",54568
6037701302,"Wilshire Montana, Santa Monica, CA",54443
6037261102,"Beverly Hills, CA",54439
6037464100,"San Marino, CA",54389
6037700802,"Beverly Hills, CA",54282
6037481712,"Garvey, Monterey Park, CA",54253
6037481714,"Monterey Park, CA",54243
6037481713,"Monterey Park, CA",54202
6037139701,"Encino, Los Angeles, CA",54171
6037700902,"Beverly Hills, CA",54148
6037482001,"Monterey Park, CA",54146
6037265202,"Westwood, Los Angeles, CA",53812
6037269500,"Beverlywood, Los Angeles, CA",53731
6037276400,"Westchester, Los Angeles, CA",53666
6037264301,"Brentwood, Los Angeles, CA",53656
6037124000,"Valley Village, Los Angeles, CA",53602
6037701201,"North of Montana, Santa Monica, CA",53519
6037482600,"Garvey, Monterey Park, CA",53507
6037301100,"Rossmoyne, Glendale, CA",53356
6037432000,"Temple City, CA",53342
6037701601,"Northeast, Santa Monica, CA",53240
6037481800,"Alhambra, CA",53210
6037212306,"Central LA, Los Angeles, CA",53151
6037141600,"Sherman Oaks, Los Angeles, CA",53145
6037481401,"San Gabriel, CA",52886
6037301000,"Woodbury, Glendale, CA",52840
6037209300,"Central LA, Los Angeles, CA",52815
6037194500,"Central LA, Los Angeles, CA",52775
6037481603,"Alhambra, CA",52767
6037700300,"Central LA, West Hollywood, CA",52629
6037214502,"Central LA, Los Angeles, CA",52601
6037214902,"Central LA, Los Angeles, CA",52599
6037276601,"Playa del Rey, Los Angeles, CA",52324
6037480500,"South Pasadena, CA",52289
6037480702,"South Pasadena, CA",52186
6037265700,"Westwood, Los Angeles, CA",52130
6037481300,"Rosemead, CA",52043
6037265602,"Westwood, Los Angeles, CA",52014
6037138000,"Woodland Hills, Los Angeles, CA",51949
6037192001,"Central LA, Los Angeles, CA",51897
6037124700,"Van Nuys, Los Angeles, CA",51858
6037211500,"Central LA, Los Angeles, CA",51686
6037432201,"Rosemead, CA",51627
6037269000,"Cheviot Hills, Los Angeles, CA",51615
6037141101,"Sherman Oaks, Los Angeles, CA",51552
6037137504,"Woodland Hills, Los Angeles, CA",51474
6037620400,"Manhattan Beach, CA",51455
6037481201,"Temple City, CA",51384
6037214901,"Beverly Grove, West Hollywood, CA",51330
6037480101,"Temple City, CA",51267
6037301206,"Glenwood, Glendale, CA",51245
6037262604,"Pacific Palisades, Los Angeles, CA",51214
6037271500,"Mar Vista, Los Angeles, CA",51207
6037214100,"Central LA, Los Angeles, CA",51141
6037432902,"Rosemead, CA",50955
6037481500,"Alhambra, CA",50925
6037265410,"Los Angeles, CA",50919
6037141202,"Sherman Oaks, Los Angeles, CA",50811
6037700400,"Central LA, West Hollywood, CA",50775
6037143602,"Studio City, Los Angeles, CA",50651
6037481606,"Alhambra, CA",50557
6037431800,"Arcadia, CA",50466
6037192300,"Central LA, Los Angeles, CA",50436
6037430724,"Arcadia, CA",50399
6037432102,"Temple City, CA",50396
6037143500,"Studio City, Los Angeles, CA",50384
6037701000,"Beverly Hills, CA",50258
6037224420,"South Los Angeles, Los Angeles, CA",50246
6037482102,"Monterey Park, CA",50176
6037301204,"Verdugo Viejo, Glendale, CA",50167
6037211701,"Central LA, Los Angeles, CA",50069
6037264000,"Brentwood, Los Angeles, CA",50057
6037301900,"Downtown, Glendale, CA",49992
6037480011,"San Gabriel, CA",49983
6037211000,"Central LA, Los Angeles, CA",49863
6037463102,"Pasadena, CA",49856
6037620001,"El Segundo, CA",49671
6037277000,"Westchester, Los Angeles, CA",49560
6037602302,"HollyGlen, Hawthorne, CA",49550
6037481402,"San Gabriel, CA",49528
6037197700,"Echo Park, Los Angeles, CA",49469
6037212102,"Central LA, Los Angeles, CA",49424
6037211703,"Central LA, Los Angeles, CA",49383
6037462500,"Pasadena, CA",49368
6037431900,"Temple City, CA",49316
6037430723,"Arcadia, CA",49304
6037213401,"Central LA, Los Angeles, CA",49207
6037480703,"South Pasadena, CA",49148
6037194300,"Central LA, Los Angeles, CA",49091
6037224320,"Central LA, Los Angeles, CA",49074
6037209510,"Central LA, Los Angeles, CA",49016
6037430502,"Sierra Madre, CA",48980
6037800506,"Eastern Malibu, Malibu, CA",48956
6037137501,"Woodland Hills, Los Angeles, CA",48854
6037700200,"Central LA, West Hollywood, CA",48851
6037430721,"Arcadia, CA",48824
6037271600,"Mar Vista, Los Angeles, CA",48708
6037480302,"Alhambra, CA",48693
6037211704,"Central LA, Los Angeles, CA",48680
6037480704,"South Pasadena, CA",48669
6037143800,"Studio City, Los Angeles, CA",48617
6037189202,"Central LA, Los Angeles, CA",48614
6037264302,"Brentwood, Los Angeles, CA",48607
6037620101,"El Segundo, CA",48593
6037265520,"Westwood, Los Angeles, CA",48558
6037302504,"Mariposa, Glendale, CA",48542
6037262303,"Brentwood, Los Angeles, CA",48532
6037481001,"Alhambra, CA",48496
6037461700,"North Arroyo, Pasadena, CA",48432
6037276000,"Westchester, Los Angeles, CA",48409
6037482202,"Garvey, Monterey Park, CA",48376
6037302003,"Citrus Grove, Glendale, CA",48364
6037480202,"San Gabriel, CA",48343
6037209102,"Central LA, Los Angeles, CA",48304
6037181600,"Northeast Los Angeles, Los Angeles, CA",48293
6037482101,"Monterey Park, CA",48259
6037464000,"Pasadena, CA",48236
6037481604,"Alhambra, CA",48219
6037433601,"Garvey, Rosemead, CA",48148
6037197200,"Echo Park, Los Angeles, CA",48136
6037190801,"Central LA, Los Angeles, CA",48114
6037181300,"Northeast Los Angeles, Los Angeles, CA",48079
6037311700,"Burbank, CA",48071
6037620305,"Manhattan Beach, CA",48068
6037620301,"Manhattan Beach, CA",48042
6037124600,"Sherman Oaks, Los Angeles, CA",48040
6037481103,"San Gabriel, CA",48035
6037209520,"Central LA, Los Angeles, CA",47988
6037302004,"Citrus Grove, Glendale, CA",47953
6037190201,"Central LA, Los Angeles, CA",47931
6037191901,"Central LA, Los Angeles, CA",47900
6037301802,"Vineyard, Glendale, CA",47898
6037194402,"Beverly Grove, Los Angeles, CA",47891
6037480303,"Alhambra, CA",47868
6037302103,"Citrus Grove, Glendale, CA",47790
6037143400,"Studio City, Los Angeles, CA",47769
6037141102,"Sherman Oaks, Los Angeles, CA",47750
6037211420,"Central LA, Los Angeles, CA",47679
6037271702,"Palms, Los Angeles, CA",47673
6037141302,"Sherman Oaks, Los Angeles, CA",47667
6037186404,"Glassell Park, Los Angeles, CA",47658
6037463900,"Northeast Los Angeles, Pasadena, CA",47598
6037143901,"Studio City, Los Angeles, CA",47575
6037276500,"Westchester, Los Angeles, CA",47495
6037265201,"Westwood, Los Angeles, CA",47465
6037480400,"Alhambra, CA",47414
6037216300,"Central LA, Los Angeles, CA",47401
6037181000,"Northeast Los Angeles, Los Angeles, CA",47360
6037701902,"Downtown, Santa Monica, CA",47331
6037480102,"San Gabriel, CA",47322
6037481901,"Alhambra, CA",47199
6037302102,"Somerset, Glendale, CA",47172
6037302301,"Moorpark, Glendale, CA",47089
6037433501,"El Monte City, South El Monte, CA",47088
6037551000,"Downey, CA",46992
6037274202,"Venice, Marina del Rey, CA",46991
6037267902,"Rancho Park, Los Angeles, CA",46962
6037551402,"Downey, CA",46955
6037267402,"West Los Angeles, Los Angeles, CA",46929
6037189903,"Central LA, Los Angeles, CA",46837
6037501501,"Whittier, CA",46832
6037482201,"Monterey Park, CA",46831
6037620102,"El Segundo, CA",46773
6037128702,"Sherman Oaks, Los Angeles, CA",46727
6037480804,"Alhambra, CA",46706
6037701501,"Wilshire Montana, Santa Monica, CA",46552
6037267404,"Sawtelle, Los Angeles, CA",46532
6037192510,"Central LA, Los Angeles, CA",46529
6037481605,"Alhambra, CA",46528
6037481002,"Alhambra, CA",46445
6037262704,"Pacific Palisades, Los Angeles, CA",46406
6037195803,"Silver Lake, Los Angeles, CA",46398
6037183401,"Northeast Los Angeles, Los Angeles, CA",46392
6037224700,"South Los Angeles, Los Angeles, CA",46333
6037701602,"Mid-City, Santa Monica, CA",46326
6037482402,"Garvey, Rosemead, CA",46321
6037226002,"Central LA, Los Angeles, CA",46318
6037195600,"Los Angeles, CA",46312
6037221710,"Jefferson, Los Angeles, CA",46282
6037262200,"Bel Air, Los Angeles, CA",46257
6037125502,"North Hollywood, Los Angeles, CA",46256
6037188300,"Atwater Village, Los Angeles, CA",46243
6037302202,"Mariposa, Glendale, CA",46201
6037462202,"Pasadena, CA",46201
6037143300,"Studio City, Los Angeles, CA",46169
6037550800,"Downey, CA",46147
6037128910,"Sherman Oaks, Los Angeles, CA",46091
6037500300,"Whittier, CA",46073
6037480304,"Alhambra, CA",46061
6037311500,"Magnolia Park, Burbank, CA",46018
6037433503,"El Monte City, South El Monte, CA",46014
6037143700,"Studio City, Los Angeles, CA",45998
6037189101,"Central LA, Los Angeles, CA",45987
6037482503,"Garvey, Rosemead, CA",45952
6037530003,"South Montebello, Montebello, CA",45918
6037463000,"Hastings Ranch, Pasadena, CA",45901
6037217001,"Pico - Robertson, Los Angeles, CA",45864
6037194102,"Central LA, Los Angeles, CA",45818
6037212410,"Central LA, Los Angeles, CA",45798
6037482702,"South Montebello, Monterey Park, CA",45776
6037271300,"Mar Vista, Los Angeles, CA",45720
6037276603,"Playa del Rey, Los Angeles, CA",45699
6037189102,"Central LA, Los Angeles, CA",45674
6037186301,"Atwater Village, Los Angeles, CA",45640
6037301702,"Vineyard, Glendale, CA",45577
6037189400,"Central LA, Los Angeles, CA",45557
6037533203,"Huntington Park, CA",45555
6037195202,"Central LA, Los Angeles, CA",45532
6037702700,"Park West, Culver City, CA",45531
6037482301,"Garvey, San Gabriel, CA",45511
6037186100,"Eagle Rock, Los Angeles, CA",45446
6037264102,"Brentwood, Los Angeles, CA",45444
6037702802,"McLaughlin, Los Angeles, CA",45427
6037139600,"Encino, Los Angeles, CA",45419
6037201601,"Northeast Los Angeles, Los Angeles, CA",45393
6037125600,"North Hollywood, Los Angeles, CA",45383
6037302002,"Downtown, Glendale, CA",45383
6037267700,"Sawtelle, Los Angeles, CA",45359
6037533502,"Huntington Park, CA",45353
6037189500,"Central LA, Los Angeles, CA",45340
6037186201,"Northeast Los Angeles, Los Angeles, CA",45336
6037271100,"West Los Angeles, Los Angeles, CA",45304
6037533106,"Huntington Park, CA",45299
6037432901,"Rosemead, CA",45290
6037533503,"Huntington Park, CA",45288
6037302104,"Citrus Grove, Glendale, CA",45259
6037534501,"Huntington Park, CA",45223
6037482800,"South Montebello, Monterey Park, CA",45215
6037191301,"East Hollywood, Los Angeles, CA",45176
6037620002,"El Segundo, CA",45166
6037269300,"Cheviot Hills, Los Angeles, CA",45165
6037277100,"Westchester, Los Angeles, CA",45163
6037187101,"Atwater Village, Los Angeles, CA",45144
6037143902,"Studio City, Los Angeles, CA",45128
6037302503,"Mariposa, Glendale, CA",45121
6037214600,"Central LA, Los Angeles, CA",45103
6037271400,"Mar Vista, Los Angeles, CA",45042
6037141304,"Sherman Oaks, Los Angeles, CA",44996
6037186202,"Northeast Los Angeles, Los Angeles, CA",44993
6037267502,"West Los Angeles, Los Angeles, CA",44969
6037211410,"Central LA, Los Angeles, CA",44912
6037125200,"North Hollywood, Los Angeles, CA",44729
6037143604,"Studio City, Los Angeles, CA",44728
6037481102,"San Gabriel, CA",44718
6037216401,"Central LA, Los Angeles, CA",44695
6037702300,"Sunset Park, Santa Monica, CA",44695
6037211802,"Central LA, Los Angeles, CA",44685
6037530006,"South Montebello, Montebello, CA",44668
6037212701,"Central LA, Los Angeles, CA",44643
6037183104,"Northeast Los Angeles, Los Angeles, CA",44631
6037480903,"Alhambra, CA",44583
6037433602,"Garvey, Rosemead, CA",44573
6037141201,"Sherman Oaks, Los Angeles, CA",44571
6037433101,"El Monte City, El Monte, CA",44531
6037207501,"Downtown, Los Angeles, CA",44468
6037480803,"Alhambra, CA",44438
6037192410,"Central LA, Los Angeles, CA",44374
6037432202,"Rosemead, CA",44362
6037211921,"Central LA, Los Angeles, CA",44361
6037701402,"Wilshire Montana, Santa Monica, CA",44351
6037191902,"Central LA, Los Angeles, CA",44346
6037275101,"Culver City, CA",44315
6037550602,"Downey, CA",44296
6037533501,"Huntington Park, CA",44288
6037183222,"Northeast Los Angeles, Los Angeles, CA",44277
6037203500,"Boyle Heights, Los Angeles, CA",44276
6037189800,"Central LA, Los Angeles, CA",44246
6037201700,"Northeast Los Angeles, Los Angeles, CA",44236
6037208501,"Central LA, Los Angeles, CA",44203
6037218120,"Central LA, Los Angeles, CA",44173
6037212610,"Central LA, Los Angeles, CA",44158
6037188201,"Central LA, Los Angeles, CA",44158
6037702201,"Sunset Park, Santa Monica, CA",44154
6037183702,"Northeast Los Angeles, Los Angeles, CA",44144
6037274100,"Venice, Marina del Rey, CA",44139
6037199300,"Montecito Heights, Los Angeles, CA",44134
6037463500,"Pasadena, CA",44055
6037482521,"South Montebello, Rosemead, CA",44026
6037550700,"Downey, CA",44024
6037302201,"Citrus Grove, Glendale, CA",44023
6037208610,"Central LA, Los Angeles, CA",44016
6037189300,"Central LA, Los Angeles, CA",43998
6037301601,"Grandview, Glendale, CA",43979
6037212702,"Central LA, Los Angeles, CA",43956
6037270200,"Palms, Los Angeles, CA",43915
6037217002,"Central LA, Los Angeles, CA",43906
6037181400,"Northeast Los Angeles, Los Angeles, CA",43864
6037141303,"Sherman Oaks, Los Angeles, CA",43837
6037302506,"Adams Hill, Glendale, CA",43815
6037195300,"Central LA, Los Angeles, CA",43810
6037187300,"Silver Lake, Los Angeles, CA",43809
6037301602,"Riverside Rancho, Glendale, CA",43794
6037186302,"Glassell Park, Los Angeles, CA",43787
6037530004,"South Montebello, Montebello, CA",43745
6037800102,"Topanga, CA",43733
6037262501,"Pacific Palisades, Los Angeles, CA",43715
6037276604,"Playa del Rey, Los Angeles, CA",43688
6037550902,"Downey, CA",43681
6037267501,"West Los Angeles, Los Angeles, CA",43669
6037269800,"Castle Heights, Los Angeles, CA",43654
6037195710,"Los Angeles, CA",43637
6037199202,"Montecito Heights, Los Angeles, CA",43588
6037602103,"Hawthorne, CA",43583
6037199120,"Montecito Heights, Los Angeles, CA",43580
6037267300,"West Los Angeles, Los Angeles, CA",43562
6037550400,"Downey, CA",43561
6037211804,"Central LA, Los Angeles, CA",43561
6037201503,"Northeast Los Angeles, Los Angeles, CA",43541
6037702801,"Clarkdale, Culver City, CA",43540
6037463200,"Lamanda Park, Pasadena, CA",43467
6037463700,"South Arroyo, Pasadena, CA",43452
6037199400,"Mount Washington, Los Angeles, CA",43447
6037272100,"Mar Vista, Los Angeles, CA",43442
6037206010,"Central LA, Los Angeles, CA",43435
6037700700,"The Flats, Beverly Hills, CA",43427
6037139502,"Encino, Los Angeles, CA",43421
6037603500,"Gardena, CA",43398
6037137502,"Woodland Hills, Los Angeles, CA",43285
6037432300,"El Monte City, El Monte, CA",43261
6037261101,"Beverly Hills, CA",43251
6037702202,"Sunset Park, Santa Monica, CA",43243
6037311400,"Burbank, CA",43241
6037199900,"Montecito Heights, Los Angeles, CA",43227
6037201602,"Northeast Los Angeles, Los Angeles, CA",43211
6037195903,"Silver Lake, Los Angeles, CA",43169
6037531502,"East Los Angeles, CA",43127
6037265303,"Westwood, Los Angeles, CA",43103
6037552002,"Norwalk, CA",43077
6037480902,"Alhambra, CA",43043
6037269903,"Palms, Los Angeles, CA",43035
6037191820,"Central LA, Los Angeles, CA",43025
6037551501,"Downey, CA",43009
6037271901,"Mar Vista, Los Angeles, CA",43002
6037502401,"El Rancho, Pico Rivera, CA",42983
6037481902,"Alhambra, CA",42978
6037125501,"North Hollywood, Los Angeles, CA",42973
6037480901,"Alhambra, CA",42953
6037530203,"South Montebello, Montebello, CA",42867
6037191620,"Central LA, Los Angeles, CA",42863
6037187102,"Atwater Village, Los Angeles, CA",42858
6037480600,"South Pasadena, CA",42833
6037480802,"Alhambra, CA",42808
6037702102,"Ocean Park, Santa Monica, CA",42799
6037185204,"Northeast Los Angeles, Los Angeles, CA",42792
6037535605,"South Gate, CA",42760
6037262100,"Bel Air, Los Angeles, CA",42756
6037534802,"Huntington Park, CA",42736
6037195902,"Silver Lake, Los Angeles, CA",42724
6037201302,"Northeast Los Angeles, Los Angeles, CA",42679
6037209401,"Central LA, Los Angeles, CA",42603
6037221601,"Jefferson, Los Angeles, CA",42594
6037192520,"Central LA, Los Angeles, CA",42584
6037239601,"South Los Angeles, Los Angeles, CA",42553
6037532500,"Huntington Park, CA",42537
6037462900,"Pasadena, CA",42536
6037207900,"Central LA, Los Angeles, CA",42526
6037275400,"Los Angeles, CA",42503
6037550601,"Downey, CA",42463
6037482701,"South Montebello, Monterey Park, CA",42461
6037271701,"Palms, Los Angeles, CA",42435
6037208710,"Central LA, Los Angeles, CA",42349
6037551502,"Downey, CA",42330
6037214800,"Beverly Grove, Los Angeles, CA",42305
6037191110,"Central LA, Los Angeles, CA",42292
6037502500,"El Rancho, Pico Rivera, CA",42281
6037700501,"Central LA, West Hollywood, CA",42250
6037702501,"Carlson Park, Culver City, CA",42183
6037183402,"Northeast Los Angeles, Los Angeles, CA",42182
6037190520,"Central LA, Los Angeles, CA",42171
6037311801,"Burbank, CA",42170
6037211803,"Central LA, Los Angeles, CA",42156
6037208620,"Central LA, Los Angeles, CA",42133
6037212800,"Central LA, Los Angeles, CA",42119
6037535701,"South Gate, CA",42079
6037191710,"Central LA, Los Angeles, CA",42071
6037189600,"Central LA, Los Angeles, CA",42068
6037224410,"South Los Angeles, Los Angeles, CA",42059
6037702901,"Marina del Rey, CA",42050
6037301801,"Vineyard, Glendale, CA",42049
6037267600,"Sawtelle, Los Angeles, CA",42005
6037462800,"Lamanda Park, Pasadena, CA",41986
6037463400,"Pasadena, CA",41969
6037433504,"El Monte City, El Monte, CA",41954
6037530101,"South Montebello, Montebello, CA",41951
6037191201,"Central LA, Los Angeles, CA",41909
6037501300,"Whittier, CA",41889
6037536102,"South Gate, CA",41887
6037702600,"Culver City, CA",41886
6037197600,"Echo Park, Los Angeles, CA",41880
6037267800,"West Los Angeles, Los Angeles, CA",41855
6037221210,"Central LA, Los Angeles, CA",41837
6037463602,"Pasadena, CA",41837
6037530301,"East Los Angeles, CA",41797
6037603703,"Hawthorne, CA",41781
6037269907,"Palms, Los Angeles, CA",41772
6037181500,"Northeast Los Angeles, Los Angeles, CA",41761
6037535803,"South Gate, CA",41757
6037551401,"Downey, CA",41744
6037228420,"South Los Angeles, Los Angeles, CA",41743
6037553100,"Bellflower, CA",41734
6037195100,"Silver Lake, Los Angeles, CA",41722
6037211201,"Central LA, Los Angeles, CA",41664
6037125100,"Valley Village, Los Angeles, CA",41658
6037273100,"Venice, Los Angeles, CA",41605
6037195500,"Silver Lake, Los Angeles, CA",41603
6037214000,"Central LA, Los Angeles, CA",41596
6037481202,"San Gabriel, CA",41593
6037208802,"Central LA, Los Angeles, CA",41589
6037551800,"Downey, CA",41583
6037194200,"Central LA, Los Angeles, CA",41580
6037197300,"Echo Park, Los Angeles, CA",41557
6037213201,"Central LA, Los Angeles, CA",41548
6037462700,"Mid Central, Pasadena, CA",41547
6037271801,"Palms, Los Angeles, CA",41545
6037199800,"Northeast Los Angeles, Los Angeles, CA",41541
6037188100,"Atwater Village, Los Angeles, CA",41530
6037143603,"North Hollywood, Los Angeles, CA",41461
6037502402,"El Rancho, Pico Rivera, CA",41445
6037550000,"Norwalk, CA",41439
6037535002,"South Los Angeles, Los Angeles, CA",41437
6037551700,"Downey, CA",41437
6037550201,"Norwalk, CA",41431
6037143200,"West Toluca Lake, Los Angeles, CA",41426
6037191302,"Central LA, Los Angeles, CA",41416
6037185100,"Mount Washington, Los Angeles, CA",41386
6037553701,"Paramount, CA",41370
6037463300,"Pasadena, CA",41347
6037189702,"Hollywood Hills, Los Angeles, CA",41229
6037195201,"Central LA, Los Angeles, CA",41225
6037141700,"Sherman Oaks, Beverly Hills, CA",41183
6037267403,"West Los Angeles, Los Angeles, CA",41157
6037186203,"Northeast Los Angeles, Los Angeles, CA",41109
6037500800,"El Rancho, Pico Rivera, CA",41106
6037302401,"Tropico, Glendale, CA",41088
6037271200,"Sawtelle, Los Angeles, CA",40992
6037190301,"Central LA, Los Angeles, CA",40977
6037211320,"Central LA, Los Angeles, CA",40943
6037212303,"Central LA, Los Angeles, CA",40933
6037701702,"Downtown, Santa Monica, CA",40924
6037702400,"Lucerne - Higuera, Culver City, CA",40923
6037554001,"Bellflower, CA",40898
6037191810,"Central LA, Los Angeles, CA",40883
6037553200,"Bellflower, CA",40877
6037275602,"Westchester, Los Angeles, CA",40873
6037226420,"South Los Angeles, Los Angeles, CA",40871
6037532001,"South Montebello, Montebello, CA",40865
6037189201,"Central LA, Los Angeles, CA",40861
6037125402,"North Hollywood, Los Angeles, CA",40812
6037502801,"Santa Fe Springs, CA",40766
6037701502,"Downtown, Santa Monica, CA",40760
6037482401,"Garvey, Rosemead, CA",40756
6037702502,"Culver City, CA",40753
6037482304,"Garvey, Rosemead, CA",40733
6037530204,"South Montebello, Montebello, CA",40721
6037201402,"Northeast Los Angeles, Los Angeles, CA",40715
6037209402,"Central LA, Los Angeles, CA",40710
6037195802,"Central LA, Los Angeles, CA",40704
6037267901,"Century City, Los Angeles, CA",40690
6037531201,"Los Angeles, CA",40663
6037211120,"Central LA, Los Angeles, CA",40658
6037535606,"South Gate, CA",40635
6037551201,"Downey, CA",40557
6037500900,"El Rancho, Pico Rivera, CA",40553
6037311600,"Burbank, CA",40548
6037530302,"South Montebello, East Los Angeles, CA",40546
6037554103,"Bellflower, CA",40486
6037553300,"Bellflower, CA",40478
6037620201,"Manhattan Beach, CA",40477
6037702002,"Ocean Park, Santa Monica, CA",40465
6037552800,"Norwalk, CA",40453
6037273902,"Venice, Los Angeles, CA",40433
6037275302,"Marina del Rey, CA",40432
6037482303,"Garvey, Rosemead, CA",40425
6037500403,"El Rancho, Pico Rivera, CA",40398
6037212304,"Central LA, Los Angeles, CA",40380
6037552100,"Norwalk, CA",40328
6037213310,"Central LA, Los Angeles, CA",40326
6037551202,"Downey, CA",40324
6037530202,"South Montebello, Montebello, CA",40316
6037463101,"Pasadena, CA",40311
6037271902,"Mar Vista, Los Angeles, CA",40308
6037194401,"Beverly Grove, Los Angeles, CA",40300
6037550202,"Norwalk, CA",40299
6037601501,"Inglewood, CA",40296
6037203100,"Northeast Los Angeles, Los Angeles, CA",40265
6037183810,"Northeast Los Angeles, Los Angeles, CA",40237
6037204600,"Boyle Heights, Los Angeles, CA",40227
6037183103,"Highland Park, Los Angeles, CA",40224
6037530102,"South Montebello, Montebello, CA",40213
6037269905,"Palms, Los Angeles, CA",40176
6037550100,"Norwalk, CA",40171
6037183220,"Northeast Los Angeles, Los Angeles, CA",40163
6037212620,"Central LA, Los Angeles, CA",40159
6037536103,"South Gate, CA",40137
6037534803,"Huntington Park, CA",40112
6037275311,"Los Angeles, CA",40102
6037534406,"Cudahy, CA",40099
6037532700,"South Los Angeles, Los Angeles, CA",40091
6037191500,"Central LA, Los Angeles, CA",40089
6037275603,"Culver City, CA",40058
6037214503,"Central LA, Los Angeles, CA",40054
6037199000,"Northeast Los Angeles, Los Angeles, CA",40045
6037192002,"Central LA, Los Angeles, CA",40044
6037550901,"Downey, CA",40040
6037273402,"Venice, Los Angeles, CA",40039
6037534102,"South Montebello, Bell Gardens, CA",39931
6037502602,"El Rancho, Pico Rivera, CA",39923
6037533402,"Maywood, CA",39903
6037552700,"Norwalk, CA",39891
6037535604,"South Gate, CA",39889
6037213100,"Central LA, Los Angeles, CA",39866
6037197420,"Echo Park, Los Angeles, CA",39865
6037214400,"Central LA, Los Angeles, CA",39850
6037208302,"Central LA, Los Angeles, CA",39831
6037535607,"South Gate, CA",39794
6037269906,"Palms, Los Angeles, CA",39791
6037531202,"Los Angeles, CA",39780
6037536200,"South Gate, CA",39775
6037553400,"Downey, CA",39773
6037551101,"Downey, CA",39770
6037216100,"Central LA, Los Angeles, CA",39767
6037531504,"East Los Angeles, CA",39743
6037601802,"Inglewood, CA",39723
6037273800,"Venice, Los Angeles, CA",39717
6037531800,"South Montebello, East Los Angeles, CA",39716
6037531301,"Los Angeles, CA",39714
6037271802,"Palms, Los Angeles, CA",39711
6037502200,"Whittier, CA",39709
6037502601,"El Rancho, Pico Rivera, CA",39702
6037482522,"South Montebello, Montebello, CA",39696
6037602301,"Hawthorne, CA",39690
6037552001,"Norwalk, CA",39681
6037212101,"Central LA, Los Angeles, CA",39676
6037533702,"Maywood, CA",39667
6037214501,"Central LA, Los Angeles, CA",39647
6037462400,"Bungalow Heaven, Pasadena, CA",39640
6037601600,"Inglewood, CA",39604
6037278001,"Westchester, Los Angeles, CA",39597
6037264103,"Brentwood, Los Angeles, CA",39587
6037533105,"Huntington Park, CA",39584
6037201401,"Northeast Los Angeles, Los Angeles, CA",39552
6037191610,"Central LA, Los Angeles, CA",39548
6037192420,"Central LA, Los Angeles, CA",39539
6037205120,"Central LA, Los Angeles, CA",39506
6037481101,"San Gabriel, CA",39503
6037204810,"Boyle Heights, Los Angeles, CA",39479
6037195804,"Silver Lake, Los Angeles, CA",39425
6037602402,"Hawthorne, CA",39424
6037601202,"Inglewood, CA",39422
6037601700,"Inglewood, CA",39414
6037603900,"Lawndale, CA",39397
6037553000,"Norwalk, CA",39395
6037531702,"South Montebello, East Los Angeles, CA",39384
6037212203,"Central LA, Los Angeles, CA",39365
6037262802,"Pacific Palisades, Santa Monica, CA",39347
6037501002,"Whittier, CA",39341
6037191203,"Central LA, Los Angeles, CA",39338
6037531901,"South Montebello, East Los Angeles, CA",39331
6037553702,"Paramount, CA",39316
6037272301,"Mar Vista, Los Angeles, CA",39311
6037535902,"South Gate, CA",39296
6037433102,"El Monte City, El Monte, CA",39287
6037533901,"South Montebello, Bell Gardens, CA",39271
6037531302,"Los Angeles, CA",39264
6037534203,"South Montebello, Bell Gardens, CA",39223
6037195400,"Silver Lake, Los Angeles, CA",39219
6037602002,"Hawthorne, CA",39217
6037211310,"Central LA, Los Angeles, CA",39204
6037211122,"Central LA, Los Angeles, CA",39192
6037207302,"Central LA, Los Angeles, CA",39187
6037701701,"Mid-City, Santa Monica, CA",39183
6037553504,"Paramount, CA",39178
6037550300,"Norwalk, CA",39170
6037206050,"Central LA, Los Angeles, CA",39163
6037550500,"Downey, CA",39156
6037530901,"Los Angeles, CA",39142
6037221110,"Central LA, Los Angeles, CA",39130
6037534700,"Huntington Park, CA",39128
6037531000,"Los Angeles, CA",39112
6037531102,"Los Angeles, CA",39109
6037269602,"Central LA, Los Angeles, CA",39096
6037532303,"South Montebello, Commerce, CA",39078
6037203720,"Boyle Heights, Los Angeles, CA",39078
6037199201,"Montecito Heights, Los Angeles, CA",39054
6037533804,"Bell, CA",39052
6037502301,"Whittier, CA",39052
6037212305,"Central LA, Los Angeles, CA",39050
6037534502,"Huntington Park, CA",39045
6037221820,"Jefferson, Los Angeles, CA",39041
6037201200,"Northeast Los Angeles, Los Angeles, CA",39023
6037265305,"Westwood, Los Angeles, CA",39017
6037190100,"Central LA, Los Angeles, CA",38987
6037201110,"Northeast Los Angeles, Los Angeles, CA",38979
6037216800,"Central LA, Los Angeles, CA",38946
6037551900,"Norwalk, CA",38946
6037191420,"Central LA, Los Angeles, CA",38938
6037463601,"Pasadena, CA",38921
6037552301,"Norwalk, CA",38912
6037502004,"East Whitter, Whittier, CA",38908
6037500700,"El Rancho, Pico Rivera, CA",38905
6037275500,"Culver City, CA",38894
6037531902,"South Montebello, East Los Angeles, CA",38893
6037533107,"Huntington Park, CA",38827
6037211910,"Central LA, Los Angeles, CA",38806
6037215101,"Central LA, Los Angeles, CA",38791
6037226410,"South Los Angeles, Los Angeles, CA",38778
6037540300,"Lynwood, CA",38769
6037183101,"Eagle Rock, Los Angeles, CA",38767
6037535901,"South Gate, CA",38767
6037552200,"Norwalk, CA",38765
6037269700,"Beverlywood, Los Angeles, CA",38758
6037183620,"Northeast Los Angeles, Los Angeles, CA",38748
6037183820,"Northeast Los Angeles, Los Angeles, CA",38704
6037540201,"South Gate, CA",38674
6037211121,"Central LA, Los Angeles, CA",38655
6037601402,"Inglewood, CA",38588
6037186403,"Atwater Village, Los Angeles, CA",38566
6037535802,"South Gate, CA",38559
6037272201,"Mar Vista, Los Angeles, CA",38559
6037601502,"Inglewood, CA",38556
6037203800,"Boyle Heights, Los Angeles, CA",38538
6037553503,"Paramount, CA",38516
6037215102,"Central LA, Los Angeles, CA",38510
6037602200,"Los Angeles, CA",38499
6037602404,"Hawthorne, CA",38492
6037502700,"Santa Fe Springs, CA",38489
6037534202,"South Montebello, Bell Gardens, CA",38419
6037433802,"South El Monte, CA",38409
6037224010,"Central LA, Los Angeles, CA",38405
6037534201,"South Montebello, Bell Gardens, CA",38396
6037530802,"Los Angeles, CA",38365
6037701801,"Pico, Santa Monica, CA",38354
6037533701,"Maywood, CA",38347
6037228410,"South Los Angeles, Los Angeles, CA",38328
6037208801,"Central LA, Los Angeles, CA",38326
6037187200,"Echo Park, Los Angeles, CA",38322
6037203710,"Boyle Heights, Los Angeles, CA",38283
6037502302,"Whittier, CA",38280
6037535502,"South Gate, CA",38250
6037433700,"South El Monte, CA",38235
6037533401,"Maywood, CA",38229
6037540202,"Lynwood, CA",38220
6037502902,"Santa Fe Springs, CA",38212
6037204120,"Central LA, Los Angeles, CA",38208
6037272302,"Mar Vista, Los Angeles, CA",38201
6037540400,"South Los Angeles, Los Angeles, CA",38178
6037501200,"Whittier, CA",38174
6037201120,"Northeast Los Angeles, Los Angeles, CA",38154
6037189904,"Central LA, Los Angeles, CA",38108
6037224020,"South Los Angeles, Los Angeles, CA",38078
6037535501,"South Gate, CA",38065
6037183221,"Northeast Los Angeles, Los Angeles, CA",38060
6037601401,"Inglewood, CA",38059
6037226700,"South Los Angeles, Los Angeles, CA",38058
6037530601,"Los Angeles, CA",38027
6037183701,"Highland Park, Los Angeles, CA",38023
6037531602,"South Montebello, East Los Angeles, CA",38022
6037190202,"Central LA, Los Angeles, CA",37996
6037204910,"Boyle Heights, Los Angeles, CA",37967
6037532605,"Huntington Park, CA",37942
6037540000,"Lynwood, CA",37932
6037533703,"Maywood, CA",37918
6037533300,"Maywood, CA",37918
6037185320,"Northeast Los Angeles, Los Angeles, CA",37899
6037502100,"Whittier, CA",37885
6037980019,"Pacific Palisades, Los Angeles, CA",37848
6037530902,"Los Angeles, CA",37832
6037143100,"Toluca Lake, Los Angeles, CA",37793
6037503000,"Whittier, CA",37779
6037190402,"Central LA, Los Angeles, CA",37776
6037602104,"Hawthorne, CA",37749
6037219500,"South Los Angeles, Los Angeles, CA",37718
6037221401,"Jefferson, Los Angeles, CA",37689
6037192610,"Central LA, Los Angeles, CA",37676
6037532604,"Huntington Park, CA",37671
6037216200,"Central LA, Los Angeles, CA",37668
6037204200,"Boyle Heights, Los Angeles, CA",37646
6037204300,"Boyle Heights, Los Angeles, CA",37638
6037531101,"Los Angeles, CA",37632
6037540501,"Lynwood, CA",37616
6037273600,"Venice, Los Angeles, CA",37613
6037602106,"Hawthorne, CA",37593
6037183510,"Northeast Los Angeles, Los Angeles, CA",37561
6037532304,"South Montebello, Commerce, CA",37543
6037212204,"Central LA, Los Angeles, CA",37514
6037533902,"South Montebello, Bell Gardens, CA",37492
6037262706,"Pacific Palisades, Los Angeles, CA",37474
6037552302,"Norwalk, CA",37462
6037185202,"Mount Washington, Los Angeles, CA",37454
6037534804,"Huntington Park, CA",37424
6037700101,"Central LA, West Hollywood, CA",37411
6037192620,"Central LA, Los Angeles, CA",37410
6037197410,"Echo Park, Los Angeles, CA",37407
6037204410,"Central LA, Los Angeles, CA",37394
6037186401,"Northeast Los Angeles, Los Angeles, CA",37389
6037603001,"Gardena, CA",37372
6037204820,"Boyle Heights, Los Angeles, CA",37307
6037600912,"Inglewood, CA",37306
6037207301,"Central LA, Los Angeles, CA",37285
6037183300,"Northeast Los Angeles, Los Angeles, CA",37279
6037534002,"South Montebello, Bell Gardens, CA",37244
6037190510,"Central LA, Los Angeles, CA",37237
6037463800,"Northeast Los Angeles, Pasadena, CA",37217
6037229300,"South Figueroa Corridor, Los Angeles, CA",37215
6037185310,"Northeast Los Angeles, Los Angeles, CA",37209
6037231100,"South Los Angeles, Los Angeles, CA",37207
6037532101,"South Montebello, Montebello, CA",37178
6037183610,"Highland Park, Los Angeles, CA",37145
6037533602,"Bell, CA",37089
6037533601,"Bell, CA",37066
6037201501,"Northeast Los Angeles, Los Angeles, CA",37053
6037536000,"South Gate, CA",37049
6037222001,"Jefferson, Los Angeles, CA",37018
6037701100,"West Los Angeles, Los Angeles, CA",36983
6037239502,"South Los Angeles, Los Angeles, CA",36974
6037203600,"Boyle Heights, Los Angeles, CA",36958
6037532900,"South Los Angeles, Los Angeles, CA",36953
6037275102,"Culver City, CA",36904
6037542104,"East Compton, CA",36904
6037291130,"Harbor, Gardena, CA",36898
6037535702,"South Gate, CA",36873
6037533603,"Bell, CA",36862
6037533104,"Huntington Park, CA",36852
6037209103,"Central LA, Los Angeles, CA",36844
6037531701,"South Montebello, East Los Angeles, CA",36832
6037532606,"Huntington Park, CA",36784
6037239602,"South Los Angeles, Los Angeles, CA",36754
6037532002,"South Montebello, Montebello, CA",36748
6037534403,"Cudahy, CA",36723
6037602105,"Hawthorne, CA",36719
6037208402,"Central LA, Los Angeles, CA",36710
6037302302,"Pacific - Edison, Glendale, CA",36688
6037533002,"South Los Angeles, Los Angeles, CA",36662
6037500404,"El Rancho, Pico Rivera, CA",36614
6037461902,"Pasadena, CA",36572
6037211202,"Central LA, Los Angeles, CA",36568
6037602509,"Hawthorne, CA",36554
6037533805,"Bell, CA",36508
6037531603,"East Los Angeles, CA",36504
6037227020,"South Los Angeles, Los Angeles, CA",36483
6037535804,"South Gate, CA",36473
6037212202,"Central LA, Los Angeles, CA",36467
6037533403,"Maywood, CA",36447
6037603801,"Lawndale, CA",36446
6037532400,"Vernon, CA",36441
6037601212,"Inglewood, CA",36424
6037229420,"South Los Angeles, Los Angeles, CA",36418
6037203900,"Boyle Heights, Los Angeles, CA",36407
6037533001,"South Los Angeles, Los Angeles, CA",36393
6037532302,"South Montebello, Los Angeles, CA",36355
6037601301,"Inglewood, CA",36302
6037534301,"Cudahy, CA",36281
6037239320,"South Los Angeles, Los Angeles, CA",36275
6037204110,"Boyle Heights, Los Angeles, CA",36273
6037191120,"Central LA, Los Angeles, CA",36271
6037277200,"Westchester, Los Angeles, CA",36268
6037540203,"Lynwood, CA",36264
6037541801,"Lynwood, CA",36246
6037534001,"South Montebello, Bell Gardens, CA",36231
6037185203,"Northeast Los Angeles, Los Angeles, CA",36227
6037228600,"South Los Angeles, Los Angeles, CA",36202
6037602403,"Hawthorne, CA",36199
6037210010,"Central LA, Los Angeles, CA",36179
6037535300,"South Los Angeles, Los Angeles, CA",36147
6037536104,"South Gate, CA",36140
6037501400,"Whittier, CA",36112
6037224200,"Central LA, Los Angeles, CA",36090
6037221402,"Central LA, Los Angeles, CA",36086
6037231220,"South Figueroa Corridor, Los Angeles, CA",36081
6037530700,"Los Angeles, CA",36049
6037218800,"Central LA, Los Angeles, CA",36048
6037125401,"North Hollywood, Los Angeles, CA",36044
6037199110,"Montecito Heights, Los Angeles, CA",36043
6037533202,"Huntington Park, CA",35989
6037532102,"South Montebello, Montebello, CA",35981
6037227010,"South Los Angeles, Los Angeles, CA",35976
6037208903,"Central LA, Los Angeles, CA",35971
6037201301,"Montecito Heights, Los Angeles, CA",35970
6037219901,"Los Angeles, CA",35947
6037533803,"Bell, CA",35942
6037216700,"Central LA, Los Angeles, CA",35940
6037208401,"Central LA, Los Angeles, CA",35922
6037535101,"South Los Angeles, Los Angeles, CA",35916
6037191410,"Central LA, Los Angeles, CA",35906
6037541802,"Lynwood, CA",35883
6037192700,"Central LA, Los Angeles, CA",35875
6037213402,"Central LA, Los Angeles, CA",35854
6037183520,"Northeast Los Angeles, Los Angeles, CA",35841
6037462600,"Pasadena, CA",35816
6037535001,"South Los Angeles, Los Angeles, CA",35811
6037540101,"Lynwood, CA",35810
6037502802,"Santa Fe Springs, CA",35805
6037239201,"South Los Angeles, Los Angeles, CA",35794
6037532200,"South Montebello, Montebello, CA",35784
6037602004,"Inglewood, CA",35774
6037461901,"Pasadena, CA",35768
6037540502,"Lynwood, CA",35716
6037535503,"South Gate, CA",35716
6037237720,"South Figueroa Corridor, Los Angeles, CA",35678
6037231800,"South Figueroa Corridor, Los Angeles, CA",35663
6037275200,"Los Angeles, CA",35662
6037228310,"South Los Angeles, Los Angeles, CA",35636
6037228500,"South Figueroa Corridor, Los Angeles, CA",35628
6037239202,"South Los Angeles, Los Angeles, CA",35615
6037534900,"South Los Angeles, Los Angeles, CA",35606
6037601002,"Inglewood, CA",35594
6037207102,"Central LA, Los Angeles, CA",35570
6037273700,"Venice, Los Angeles, CA",35546
6037216900,"Central LA, Los Angeles, CA",35545
6037552400,"Norwalk, CA",35525
6037199700,"Central LA, Los Angeles, CA",35503
6037602504,"Hawthorne, CA",35488
6037221900,"South Los Angeles, Los Angeles, CA",35462
6037540102,"Lynwood, CA",35420
6037702803,"Los Angeles, CA",35413
6037234000,"Leimert Park, Los Angeles, CA",35411
6037197500,"Echo Park, Los Angeles, CA",35398
6037462301,"Pasadena, CA",35390
6037531604,"East Los Angeles, CA",35348
6037601801,"Inglewood, CA",35340
6037212900,"Central LA, Los Angeles, CA",35326
6037500500,"El Rancho, Pico Rivera, CA",35301
6037542601,"Compton, CA",35287
6037302505,"Adams Hill, Glendale, CA",35262
6037237102,"South Figueroa Corridor, Los Angeles, CA",35231
6037603704,"Hawthorne, CA",35226
6037221220,"Central LA, Los Angeles, CA",35183
6037226001,"South Los Angeles, Los Angeles, CA",35128
6037208502,"Central LA, Los Angeles, CA",35122
6037500402,"El Rancho, Pico Rivera, CA",35108
6037535603,"South Gate, CA",35099
6037542602,"Compton, CA",35087
6037602003,"Inglewood, CA",35081
6037208904,"Central LA, Los Angeles, CA",35072
6037242200,"South Los Angeles, Los Angeles, CA",35069
6037239310,"South Los Angeles, Los Angeles, CA",35033
6037191720,"Central LA, Los Angeles, CA",34988
6037221302,"Central LA, Los Angeles, CA",34915
6037204700,"Boyle Heights, Los Angeles, CA",34907
6037530801,"Los Angeles, CA",34878
6037231210,"South Los Angeles, Los Angeles, CA",34866
6037212501,"Central LA, Los Angeles, CA",34794
6037533806,"Bell, CA",34787
6037553602,"Paramount, CA",34784
6037195901,"Silver Lake, Los Angeles, CA",34761
6037228900,"Central Alameda, Los Angeles, CA",34733
6037190901,"Central LA, Los Angeles, CA",34731
6037238310,"South Figueroa Corridor, Los Angeles, CA",34727
6037291120,"Harbor, Gardena, CA",34724
6037530500,"East Los Angeles, CA",34718
6037533103,"Huntington Park, CA",34714
6037203200,"Boyle Heights, Los Angeles, CA",34712
6037551102,"Downey, CA",34702
6037603005,"Gardena, CA",34684
6037204920,"Boyle Heights, Los Angeles, CA",34680
6037222002,"South Los Angeles, Los Angeles, CA",34625
6037462100,"North Central, Pasadena, CA",34618
6037195720,"Echo Park, Los Angeles, CA",34617
6037211922,"Central LA, Los Angeles, CA",34611
6037191000,"Central LA, Los Angeles, CA",34575
6037231720,"South Figueroa Corridor, Los Angeles, CA",34552
6037541604,"Compton, CA",34551
6037219010,"South Los Angeles, Los Angeles, CA",34542
6037534404,"Cudahy, CA",34529
6037224310,"Central LA, Los Angeles, CA",34509
6037553601,"Paramount, CA",34463
6037500600,"El Rancho, Pico Rivera, CA",34410
6037600201,"South Los Angeles, Los Angeles, CA",34397
6037222200,"South Los Angeles, Los Angeles, CA",34346
6037701802,"Pico, Santa Monica, CA",34324
6037432802,"El Monte City, El Monte, CA",34264
6037222100,"South Los Angeles, Los Angeles, CA",34215
6037222500,"South Los Angeles, Los Angeles, CA",34207
6037240500,"South Los Angeles, Los Angeles, CA",34188
6037228100,"South Los Angeles, Los Angeles, CA",34156
6037208720,"Central LA, Los Angeles, CA",34153
6037221500,"South Los Angeles, Los Angeles, CA",34129
6037208301,"Central LA, Los Angeles, CA",34118
6037602801,"South Los Angeles, Los Angeles, CA",34063
6037213202,"Central LA, Los Angeles, CA",34062
6037501001,"Whittier, CA",34048
6037221120,"Central LA, Los Angeles, CA",34023
6037462001,"North Central, Pasadena, CA",34014
6037218400,"Central LA, Los Angeles, CA",33929
6037228720,"South Los Angeles, Los Angeles, CA",33915
6037270100,"Palms, Los Angeles, CA",33875
6037601100,"Inglewood, CA",33848
6037190401,"Central LA, Los Angeles, CA",33825
6037534302,"Cudahy, CA",33812
6037221602,"Central LA, Los Angeles, CA",33810
6037232120,"South Los Angeles, Los Angeles, CA",33808
6037601900,"Inglewood, CA",33805
6037700502,"Central LA, West Hollywood, CA",33764
6037190902,"Central LA, Los Angeles, CA",33760
6037239802,"South Los Angeles, Los Angeles, CA",33751
6037221303,"Central LA, Los Angeles, CA",33751
6037530400,"Monterey Park, CA",33707
6037190802,"Central LA, Los Angeles, CA",33667
6037190700,"Central LA, Los Angeles, CA",33626
6037231500,"Leimert Park, Los Angeles, CA",33619
6037242700,"South Los Angeles, Los Angeles, CA",33613
6037217200,"Central LA, Los Angeles, CA",33499
6037602900,"Gardena, CA",33498
6037600703,"Morningside Park, Inglewood, CA",33480
6037213320,"Central LA, Los Angeles, CA",33474
6037205110,"Boyle Heights, Los Angeles, CA",33403
6037602508,"Hawthorne, CA",33376
6037272202,"Mar Vista, Los Angeles, CA",33374
6037532800,"South Los Angeles, Los Angeles, CA",33328
6037600902,"Inglewood, CA",33302
6037241400,"Harbor, Los Angeles, CA",33278
6037218701,"Central LA, Los Angeles, CA",33215
6037532603,"Huntington Park, CA",33200
6037208000,"Central LA, Los Angeles, CA",33182
6037219700,"Jefferson, Los Angeles, CA",33157
6037533201,"Huntington Park, CA",33077
6037269904,"Palms, Los Angeles, CA",33076
6037212502,"Central LA, Los Angeles, CA",33070
6037236000,"Baldwin Hills, Los Angeles, CA",33058
6037206031,"Arts District, Los Angeles, CA",33058
6037541700,"Lynwood, CA",33004
6037201504,"Northeast Los Angeles, Los Angeles, CA",32999
6037551300,"Downey, CA",32975
6037237401,"South Los Angeles, Los Angeles, CA",32972
6037600304,"South Los Angeles, Los Angeles, CA",32918
6037239702,"South Los Angeles, Los Angeles, CA",32912
6037191204,"Central LA, Los Angeles, CA",32899
6037237600,"South Figueroa Corridor, Los Angeles, CA",32894
6037461600,"North Central, Pasadena, CA",32879
6037541400,"South Los Angeles, Compton, CA",32876
6037600911,"Inglewood, CA",32847
6037269601,"Central LA, Los Angeles, CA",32826
6037541001,"Gardena, CA",32825
6037241300,"Harbor Gateway North, Los Angeles, CA",32784
6037240200,"South Los Angeles, Los Angeles, CA",32744
6037231900,"South Figueroa Corridor, Los Angeles, CA",32742
6037218220,"Central LA, Los Angeles, CA",32733
6037553502,"Paramount, CA",32714
6037535200,"South Los Angeles, Los Angeles, CA",32659
6037228800,"Central Alameda, Los Angeles, CA",32639
6037218702,"Jefferson, Los Angeles, CA",32630
6037703002,"Los Angeles, CA",32577
6037703001,"Fox Hills, Culver City, CA",32522
6037542000,"Compton, CA",32443
6037219800,"Los Angeles, CA",32412
6037535400,"South Los Angeles, Los Angeles, CA",32400
6037240900,"South Los Angeles, Los Angeles, CA",32341
6037220100,"South Los Angeles, Los Angeles, CA",32336
6037231300,"South Los Angeles, Los Angeles, CA",32265
6037206200,"Central LA, Los Angeles, CA",32263
6037277400,"Los Angeles, CA",32261
6037229200,"South Los Angeles, Los Angeles, CA",32231
6037276100,"Los Angeles, CA",32206
6037218600,"Central LA, Los Angeles, CA",32178
6037232700,"South Figueroa Corridor, Los Angeles, CA",32167
6037240010,"South Los Angeles, Los Angeles, CA",32108
6037217100,"Central LA, Los Angeles, CA",32098
6037531503,"East Los Angeles, CA",32085
6037237202,"South Los Angeles, Los Angeles, CA",32072
6037534405,"Cudahy, CA",32061
6037218900,"Jefferson, Los Angeles, CA",32056
6037541605,"Compton, CA",32014
6037530602,"Los Angeles, CA",31873
6037239501,"South Los Angeles, Los Angeles, CA",31852
6037218110,"Central LA, Los Angeles, CA",31814
6037235100,"Park Mesa Heights, Los Angeles, CA",31814
6037462201,"Pasadena, CA",31784
6037542700,"Compton, CA",31784
6037462302,"Pasadena, CA",31751
6037208902,"Central LA, Los Angeles, CA",31737
6037242600,"South Los Angeles, Los Angeles, CA",31662
6037541606,"Compton, CA",31624
6037601303,"Inglewood, CA",31623
6037535102,"South Los Angeles, Los Angeles, CA",31607
6037206032,"Central LA, Los Angeles, CA",31586
6037229100,"Central Alameda, Los Angeles, CA",31569
6037232600,"South Los Angeles, Los Angeles, CA",31557
6037241120,"South Los Angeles, Los Angeles, CA",31545
6037600502,"Inglewood, CA",31524
6037237101,"South Figueroa Corridor, Los Angeles, CA",31443
6037221304,"Central LA, Los Angeles, CA",31437
6037224600,"South Figueroa Corridor, Los Angeles, CA",31405
6037240600,"South Los Angeles, Los Angeles, CA",31333
6037219902,"Los Angeles, CA",31327
6037237402,"South Los Angeles, Los Angeles, CA",31290
6037228210,"South Los Angeles, Los Angeles, CA",31242
6037234600,"Park Mesa Heights, Los Angeles, CA",31225
6037542103,"Compton, CA",31130
6037218500,"Central LA, Los Angeles, CA",31125
6037242300,"South Los Angeles, Los Angeles, CA",31089
6037234901,"Park Mesa Heights, Los Angeles, CA",31010
6037602802,"South Los Angeles, Los Angeles, CA",30988
6037240401,"South Los Angeles, Los Angeles, CA",30906
6037540800,"South Los Angeles, Los Angeles, CA",30839
6037541300,"Compton, CA",30817
6037703200,"View Park, View Park-Windsor Hills, CA",30807
6037236400,"Baldwin Hills, Los Angeles, CA",30794
6037243000,"South Los Angeles, Los Angeles, CA",30748
6037228320,"South Los Angeles, Los Angeles, CA",30745
6037232800,"South Figueroa Corridor, Los Angeles, CA",30740
6037541603,"Compton, CA",30723
6037237800,"South Los Angeles, Los Angeles, CA",30647
6037229410,"South Los Angeles, Los Angeles, CA",30582
6037541500,"South Los Angeles, Compton, CA",30579
6037540700,"South Los Angeles, Los Angeles, CA",30569
6037602700,"Hawthorne, CA",30559
6037222600,"South Los Angeles, Los Angeles, CA",30522
6037232400,"South Los Angeles, Los Angeles, CA",30501
6037218300,"Central LA, Los Angeles, CA",30457
6037534101,"South Montebello, Bell Gardens, CA",30426
6037273200,"Venice, Los Angeles, CA",30404
6037228710,"Central Alameda, Los Angeles, CA",30391
6037602507,"Hawthorne, CA",30319
6037601211,"Inglewood, CA",30269
6037601001,"Inglewood, CA",30232
6037236100,"Baldwin Village, Los Angeles, CA",30193
6037204420,"Boyle Heights, Los Angeles, CA",30183
6037462002,"North Central, Pasadena, CA",30182
6037238320,"South Figueroa Corridor, Los Angeles, CA",30166
6037231600,"South Los Angeles, Los Angeles, CA",30155
6037203300,"Northeast Los Angeles, Los Angeles, CA",30147
6037234502,"South Los Angeles, Los Angeles, CA",30055
6037219300,"Jefferson, Los Angeles, CA",29983
6037228220,"South Los Angeles, Los Angeles, CA",29972
6037232300,"South Los Angeles, Los Angeles, CA",29938
6037540600,"South Los Angeles, Los Angeles, CA",29906
6037243100,"South Los Angeles, Los Angeles, CA",29864
6037219020,"South Los Angeles, Los Angeles, CA",29774
6037240300,"South Los Angeles, Los Angeles, CA",29719
6037231710,"South Figueroa Corridor, Los Angeles, CA",29653
6037600501,"Inglewood, CA",29608
6037220000,"Jefferson, Los Angeles, CA",29592
6037209403,"Central LA, Los Angeles, CA",29580
6037236203,"Crenshaw, Los Angeles, CA",29553
6037209820,"Central LA, Los Angeles, CA",29551
6037239330,"South Los Angeles, Los Angeles, CA",29527
6037234800,"Park Mesa Heights, Los Angeles, CA",29507
6037232200,"South Los Angeles, Los Angeles, CA",29485
6037239701,"South Los Angeles, Los Angeles, CA",29479
6037600100,"South Los Angeles, Los Angeles, CA",29399
6037602506,"Hawthorne, CA",29381
6037600704,"Morningside Park, Inglewood, CA",29332
6037240020,"South Los Angeles, Los Angeles, CA",29297
6037237710,"South Figueroa Corridor, Los Angeles, CA",29283
6037270300,"Central LA, Los Angeles, CA",29280
6037234300,"Leimert Park, Los Angeles, CA",29197
6037239801,"South Los Angeles, Los Angeles, CA",29143
6037703100,"View Park, View Park-Windsor Hills, CA",29067
6037540902,"South Los Angeles, Los Angeles, CA",29048
6037232110,"South Figueroa Corridor, Los Angeles, CA",29042
6037238400,"South Los Angeles, Los Angeles, CA",28964
6037207710,"Central LA, Los Angeles, CA",28964
6037231400,"Leimert Park, Los Angeles, CA",28961
6037602505,"Hawthorne, CA",28932
6037241201,"South Los Angeles, Los Angeles, CA",28888
6037602600,"Gardena, CA",28721
6037541100,"Compton, CA",28667
6037241002,"South Los Angeles, Los Angeles, CA",28625
6037542800,"Compton, CA",28377
6037218210,"Central LA, Los Angeles, CA",28355
6037237300,"South Los Angeles, Los Angeles, CA",28347
6037241001,"South Los Angeles, Los Angeles, CA",28154
6037209104,"Central LA, Los Angeles, CA",28145
6037540901,"South Los Angeles, Los Angeles, CA",28070
6037234700,"Park Mesa Heights, Los Angeles, CA",27979
6037600601,"Inglewood, CA",27868
6037240402,"South Los Angeles, Los Angeles, CA",27734
6037273300,"Venice, Los Angeles, CA",27646
6037600303,"South Los Angeles, Los Angeles, CA",27595
6037600302,"South Los Angeles, Los Angeles, CA",27572
6037600802,"Morningside Park, Inglewood, CA",27532
6037240800,"South Los Angeles, Los Angeles, CA",27467
6037234200,"Leimert Park, Los Angeles, CA",27396
6037240700,"South Los Angeles, Los Angeles, CA",27360
6037600801,"Morningside Park, Inglewood, CA",27284
6037242000,"South Los Angeles, Los Angeles, CA",27277
6037600202,"South Los Angeles, Los Angeles, CA",27181
6037273502,"Venice, Los Angeles, CA",27137
6037235201,"Park Mesa Heights, Los Angeles, CA",27048
6037238100,"South Los Angeles, Los Angeles, CA",27042
6037235202,"Park Mesa Heights, Los Angeles, CA",26975
6037241202,"South Los Angeles, Los Angeles, CA",26936
6037241110,"South Los Angeles, Los Angeles, CA",26890
6037600400,"South Los Angeles, Los Angeles, CA",26757
6037209810,"Central LA, Los Angeles, CA",26710
6037236202,"Baldwin Village, Los Angeles, CA",26618
6037601302,"Inglewood, CA",26527
6037600702,"Morningside Park, Inglewood, CA",26444
6037541200,"Compton, CA",26369
6037232500,"South Los Angeles, Los Angeles, CA",26301
6037600602,"Inglewood, CA",26267
6037234501,"South Los Angeles, Los Angeles, CA",26203
6037237500,"South Figueroa Corridor, Los Angeles, CA",26009
6037221810,"South Los Angeles, Los Angeles, CA",25786
6037291110,"Harbor, Los Angeles, CA",25367
6037236204,"Baldwin Village, Los Angeles, CA",25175
6037238200,"South Los Angeles, Los Angeles, CA",25074
6037207502,"Downtown, Los Angeles, CA",25020
6037238000,"South Los Angeles, Los Angeles, CA",24696
6037237201,"South Los Angeles, Los Angeles, CA",24626
6037237900,"South Los Angeles, Los Angeles, CA",23780
6037242100,"South Los Angeles, Los Angeles, CA",23757
6037234902,"Park Mesa Heights, Los Angeles, CA",23136
6037206300,"Central LA, Los Angeles, CA",23090
6037209200,"Central LA, Los Angeles, CA",21888
6037980030,"El Segundo, CA",
6037265301,"Westwood, Los Angeles, CA",
6037980013,"El Segundo, CA",
6037207400,"Central LA, Los Angeles, CA",
6037551600,"Downey, CA",
6037206020,"Central LA, Los Angeles, CA",
6037980028,"Los Angeles, CA",
6037504102,"Norwalk, CA",
6037265304,"Westwood, Los Angeles, CA",
6037222700,"South Los Angeles, Los Angeles, CA",
6037320000,"North Hollywood, Universal City, CA",
6037980009,"Los Angeles, CA",