﻿"tract","Name","Household_Income_rP_gP_p75"
12097040801,"Davenport, FL",65821
12095014809,"Windermere, FL",63201
12117020703,"Longwood, FL",61563
12095015602,"Maitland, FL",61558
12095015601,"Maitland, FL",60832
12117021805,"Altamonte Springs, FL",60568
12095016100,"Winter Park, FL",59976
12117021306,"Winter Springs, FL",59904
12095016510,"Orlando, FL",59152
12117021604,"Wekiva Springs, FL",58551
12095011300,"Southeast Orlando, Orlando, FL",58482
12095017109,"Orlando, FL",58397
12095014808,"Windermere, FL",58365
12095016200,"Winter Park, FL",57617
12117021609,"Longwood, FL",57507
12095015802,"Winter Park, FL",57402
12117020705,"Longwood, FL",56971
12095017017,"Orlando, FL",56548
12095017105,"Windermere, FL",56090
12117021615,"Longwood, FL",55893
12117021313,"Oviedo, FL",55860
12117020808,"Longwood, FL",55843
12097041600,"Kissimmee, FL",55832
12117021504,"Longwood, FL",55755
12117022205,"Casselberry, FL",55749
12117020803,"Lake Mary, FL",55411
12009061100,"Titusville, FL",55312
12117021611,"Longwood, FL",55261
12117021616,"Wekiva Springs, FL",55177
12117021901,"Altamonte Springs, FL",55009
12095012600,"College Park, Orlando, FL",54965
12095012800,"Orlando, FL",54858
12117022207,"Winter Park, FL",54857
12095015902,"Winter Park, FL",54771
12095015801,"Winter Park, FL",54536
12009069400,"The New Geogiana Settlement, Merritt Island, FL",54497
12095013900,"Orlando, FL",54250
12097040803,"Celebration, FL",54227
12095014810,"Orlando, FL",54141
12095017808,"Apopka, FL",54109
12095014812,"Southwest Orlando, Orlando, FL",54019
12095017108,"Orlando, FL",53978
12117021312,"Oviedo, FL",53975
12095017107,"Orlando, FL",53864
12117021316,"Oviedo, FL",53649
12095017015,"Orlando, FL",53347
12095010802,"Colonialtown North, Orlando, FL",53291
12117021708,"Apopka, FL",53183
12117021307,"Winter Springs, FL",53145
12117021503,"Longwood, FL",53145
12117021317,"Oviedo, FL",53056
12095016507,"Regency Park, Orlando, FL",52887
12117021902,"Altamonte Springs, FL",52866
12117021505,"Longwood, FL",52691
12095010200,"Northeast Orlando, Orlando, FL",52621
12117022106,"Casselberry, FL",52614
12117020811,"Lake Mary, FL",52601
12095016002,"Winter Park, FL",52508
12095016408,"Winter Park, FL",52479
12117021806,"Altamonte Springs, FL",52474
12095015701,"Maitland, FL",52294
12117021706,"Altamonte Springs, FL",52282
12095014000,"Belle Isle, FL",52274
12097043301,"Saint Cloud, FL",52137
12117020810,"Seminole County, FL",52059
12117021612,"Longwood, FL",51628
12095013405,"Southeast Orlando, Orlando, FL",51580
12095015402,"Winter Park, FL",51528
12095016409,"Orlando, FL",51493
12095017702,"Apopka, FL",51410
12117021314,"Oviedo, FL",51387
12009062800,"Rockledge, FL",51366
12095015702,"Winter Park, FL",51331
12095014811,"Orlando, FL",51290
12095017103,"Orlando, FL",51256
12095013605,"Orlando, FL",51248
12095018100,"Ocoee, FL",51127
12095012500,"Orlando, FL",51118
12095014606,"Florida Center North, Orlando, FL",51087
12095016730,"Orlando, FL",51071
12117021318,"Oviedo, FL",50975
12095014807,"Orlando, FL",50905
12095013803,"Orlando, FL",50776
12117021319,"Oviedo, FL",50714
12095015501,"Maitland, FL",50713
12117022105,"Casselberry, FL",50703
12095016411,"Orlando, FL",50692
12117021315,"Brighton Park, Oviedo, FL",50648
12095017806,"Apopka, FL",50630
12009063000,"Rockledge, FL",50609
12009060200,"Titusville, FL",50512
12095016716,"Orlando, FL",50490
12095017503,"Apopka, FL",50424
12117021403,"Winter Springs, FL",50400
12117021506,"Longwood, FL",50394
12095013300,"Southeast Orlando, Orlando, FL",50278
12095014813,"Orlando, FL",50106
12095016704,"Orlando, FL",50056
12095017014,"Orlando, FL",50055
12095014805,"Orlando, FL",50031
12095015300,"Orlando, FL",50010
12095017004,"Orlando, FL",49975
12095016503,"Orlando, FL",49969
12095013802,"Orlando, FL",49801
12095016802,"Southeast Orlando, Orlando, FL",49782
12097042100,"Kissimmee, FL",49732
12117022005,"Fern Park, FL",49693
12095016511,"Orlando, FL",49657
12097043204,"Saint Cloud, FL",49633
12095011100,"Lake Underhill, Orlando, FL",49614
12095017016,"Orlando, FL",49603
12009063106,"Six Mile Creek, Melbourne, FL",49582
12117022104,"Casselberry, FL",49492
12095013702,"Orlando, FL",49430
12117021608,"Altamonte Springs, FL",49384
12095016732,"Orlando, FL",49337
12117022209,"Winter Park, FL",49302
12095014100,"Belle Isle, FL",49269
12095017012,"Orlando, FL",49203
12097042601,"Buena Ventura Lakes, FL",49101
12095013801,"Orlando, FL",49070
12095010300,"Southeast Orlando, Orlando, FL",49028
12095018700,"Orlando, FL",48935
12095016504,"Orlando, FL",48907
12097041800,"Kissimmee, FL",48862
12009061001,"La Cita, Titusville, FL",48800
12009071500,"Crestview, Cocoa, FL",48797
12117022206,"Winter Park, FL",48778
12095011200,"Lake Como, Orlando, FL",48650
12117021606,"Apopka, FL",48594
12097043100,"Kissimmee, FL",48547
12095012900,"Colonial Town Center, Orlando, FL",48524
12117021201,"Geneva, FL",48426
12095014704,"Southwest Orlando, Orlando, FL",48416
12009060400,"Titusville, FL",48377
12095014806,"Orlando, FL",48275
12117021803,"Altamonte Springs, FL",48254
12009069801,"Villa De Palmas Sykes Cove, Merritt Island, FL",48242
12009061201,"Imperial Estates, Titusville, FL",48218
12095017805,"Apopka, FL",48029
12097042900,"Kissimmee, FL",48024
12117021401,"Winter Springs, FL",48019
12117021614,"Altamonte Springs, FL",48003
12097043203,"Saint Cloud, FL",47984
12097041500,"Kissimmee, FL",47929
12117021000,"Sanford, FL",47925
12095017902,"Apopka, FL",47905
12117022201,"Winter Park, FL",47900
12095016001,"Winter Park, FL",47870
12009071301,"Rogers Place, Melbourne, FL",47723
12095013603,"Southeast Orlando, Orlando, FL",47650
12097040804,"Kissimmee, FL",47645
12117022004,"Casselberry, FL",47561
12009069901,"Merritt Island, FL",47539
12117021704,"Apopka, FL",47498
12009069700,"Buttonwood Manor, Merritt Island, FL",47498
12095016709,"Orlando, FL",47488
12117021311,"Oviedo, FL",47469
12097042000,"Kissimmee, FL",47399
12095016728,"Orlando, FL",47311
12095016412,"Orlando, FL",47236
12117021203,"Oviedo, FL",47192
12095017400,"Winter Garden, FL",47174
12095016714,"Orlando, FL",47169
12009060500,"Gardendale, Titusville, FL",47151
12095017802,"Apopka, FL",47098
12097041001,"Kissimmee, FL",47074
12095017013,"Orlando, FL",47065
12095015103,"Orlando, FL",46956
12009063102,"Somerville, Rockledge, FL",46949
12117021404,"Winter Springs, FL",46944
12095016729,"Orlando, FL",46939
12095013402,"Orlando, FL",46919
12097040902,"Kissimmee, FL",46886
12097042500,"Buena Ventura Lakes, FL",46861
12117022002,"Casselberry, FL",46852
12097041002,"Kissimmee, FL",46774
12095016509,"Orlando, FL",46772
12009063107,"Coral Springs, Melbourne, FL",46731
12117021320,"Oviedo, FL",46659
12097042300,"Kissimmee, FL",46588
12095011000,"Northeast Orlando, Orlando, FL",46585
12095013607,"Orlando, FL",46560
12009069902,"Indianola Estates, Merritt Island, FL",46547
12009063104,"Rockledge, FL",46514
12009060300,"Westwood Villas, Titusville, FL",46490
12127083209,"New Smyrna Beach, FL",46440
12117021707,"Altamonte Springs, FL",46415
12009069200,"Merritt Island, FL",46405
12095016715,"Orlando, FL",46402
12097043600,"Saint Cloud, FL",46353
12095013202,"Orlando, FL",46314
12095012403,"Northwest Orlando, Orlando, FL",46239
12009060101,"Mims, FL",46226
12095013604,"Bryn Mawr, Orlando, FL",46184
12095014607,"Southwest Orlando, Orlando, FL",46164
12095017504,"Apopka, FL",46158
12095018400,"Northeast Orlando, Orlando, FL",46073
12009071100,"Mims, FL",46038
12105012507,"Davenport, FL",46006
12009069100,"Holiday Cove, Merritt Island, FL",46005
12117021204,"Chuluota, FL",45989
12097043202,"Saint Cloud, FL",45946
12095016717,"Orlando, FL",45767
12095015105,"Orlando, FL",45707
12097043800,"Saint Cloud, FL",45703
12095013403,"Engelwood Park, Orlando, FL",45553
12117021705,"Altamonte Springs, FL",45509
12097043500,"Saint Cloud, FL",45509
12095016410,"Orlando, FL",45468
12095014804,"Gotha, FL",45459
12095014906,"Ocoee, FL",45429
12009060102,"Indian River Plantation Estates, Mims, FL",45339
12095016402,"Orlando, FL",45336
12095017300,"Winter Garden, FL",45308
12009061202,"Enterprise Park, Titusville, FL",45286
12095016406,"Winter Park, FL",45277
12095017804,"Apopka, FL",45233
12097043400,"Saint Cloud, FL",45213
12095016713,"Orlando, FL",45211
12095018800,"Park Lake/ Highland, Orlando, FL",45118
12097042400,"Kissimmee, FL",45082
12117022208,"Winter Park, FL",45072
12095013701,"Orlando, FL",45002
12095017104,"Winter Garden, FL",45001
12095016710,"Orlando, FL",44996
12009063105,"Buckingham At Levitt Park, Rockledge, FL",44900
12095016723,"Orlando, FL",44846
12095016803,"Orlando, FL",44827
12117022101,"Casselberry, FL",44802
12095013505,"Southeast Orlando, Orlando, FL",44771
12095016712,"Orlando, FL",44705
12095017901,"Mount Dora, FL",44612
12095012401,"Northwest Orlando, Orlando, FL",44571
12095016806,"Orlando, FL",44536
12095016505,"Orlando, FL",44509
12117021502,"Longwood, FL",44489
12095016301,"Winter Park, FL",44475
12009069802,"Catalina Isle Estates, Merritt Island, FL",44444
12095017011,"Orlando, FL",44326
12095014200,"Orlando, FL",44303
12095015202,"Orlando, FL",44298
12009071400,"Bayview Estates, Titusville, FL",44257
12095016302,"Winter Park, FL",44221
12095018200,"Northeast Orlando, Orlando, FL",44190
12097042200,"Kissimmee, FL",44017
12095017006,"Orlando, FL",43993
12105012502,"Davenport, FL",43965
12095016734,"Orlando, FL",43918
12095015901,"Winter Park, FL",43873
12095016602,"Orlando, FL",43813
12095014702,"Metro West, Orlando, FL",43805
12095013406,"Southeast Orlando, Orlando, FL",43720
12095012701,"College Park, Orlando, FL",43683
12009071200,"Poinsett Gardens, Cocoa, FL",43588
12095013507,"Southeast Orlando, Orlando, FL",43526
12117022001,"Casselberry, FL",43518
12009071600,"Merritt Ridge Sheet, Merritt Island, FL",43386
12095012305,"Orlando, FL",43383
12095016727,"Orlando, FL",43377
12117021613,"Altamonte Springs, FL",43167
12095015002,"Ocoee, FL",43015
12095017008,"Orlando, FL",42853
12095014904,"Orlando, FL",42833
12095015003,"Ocoee, FL",42825
12095014703,"Metro West, Orlando, FL",42751
12009062103,"Cocoa, FL",42750
12095017703,"Apopka, FL",42600
12097042602,"Kissimmee, FL",42557
12009062900,"Rockledge, FL",42380
12097042702,"Buena Ventura Lakes, FL",42365
12097043302,"Saint Cloud, FL",42315
12095012402,"Northwest Orlando, Orlando, FL",42243
12009069300,"Fowlers, Merritt Island, FL",42143
12097042800,"Kissimmee, FL",42058
12095016407,"Winter Park, FL",42003
12117021802,"Altamonte Springs, FL",41985
12095015004,"Ocoee, FL",41966
12097041900,"Kissimmee, FL",41955
12095014909,"Orlando, FL",41783
12095015104,"Orlando, FL",41780
12117020903,"Sanford, FL",41627
12095016601,"Orlando, FL",41602
12095016724,"Orlando, FL",41587
12095017701,"Apopka, FL",41576
12117021321,"Alafaya Woods, Oviedo, FL",41564
12095013201,"Azalea Park, FL",41453
12095016731,"Orlando, FL",41177
12009062104,"Port Saint John, FL",41131
12095016807,"Orlando, FL",40911
12095012307,"Orlando, FL",40821
12097040901,"Kissimmee, FL",40794
12097042701,"Kissimmee, FL",40774
12095017807,"Apopka, FL",40740
12097043700,"Saint Cloud, FL",40468
12097041700,"Kissimmee, FL",40463
12009062109,"Cocoa, FL",40234
12095013606,"Southeast Orlando, Orlando, FL",40216
12095014400,"Lake Holden Shores, Orlando, FL",40166
12095014609,"Southwest Orlando, Orlando, FL",40044
12095016904,"Orlando, FL",39827
12095015201,"Orlando, FL",39762
12095013511,"Orlando, FL",39711
12095015106,"Orlando, FL",39682
12095015001,"Ocoee, FL",39609
12097040802,"Kissimmee, FL",39576
12095018900,"Callahan, Orlando, FL",39350
12095014301,"Orlando, FL",39322
12095012000,"Orlando, FL",39301
12009062108,"Port Saint John, FL",39287
12009062106,"Cocoa, FL",39158
12095012201,"Pine Hills, FL",39082
12095014701,"Orlando, FL",39053
12095016508,"Orlando, FL",38827
12009062400,"College Manor, Cocoa, FL",38812
12009061002,"Indian River Heights, Titusville, FL",38770
12095012100,"Orlando, FL",38713
12095012304,"Orlando, FL",38666
12095010500,"Northwest Orlando, Orlando, FL",38521
12095016907,"Orlando, FL",38479
12009062301,"Cocoa Modern Manors, Cocoa, FL",38466
12095017600,"Apopka, FL",38375
12095013509,"Southeast Orlando, Orlando, FL",37715
12095012202,"Orlando, FL",37715
12009062500,"Cocoa, FL",37647
12105012405,"Davenport, FL",37458
12095013508,"South Semoran, Orlando, FL",37439
12105012506,"Davenport, FL",37426
12095016903,"Orlando, FL",37383
12095016902,"Orlando, FL",37329
12009062107,"Cocoa, FL",37281
12095013503,"Southeast Orlando, Orlando, FL",37208
12095017200,"Oakland, FL",37173
12095016733,"Orlando, FL",37151
12095012306,"Orlando, FL",37137
12095014504,"Orlando, FL",37065
12095012303,"Orlando, FL",37055
12009060600,"Titus Village, Titusville, FL",36911
12097041100,"Kissimmee, FL",36672
12095016804,"Southeast Orlando, Orlando, FL",35784
12009062302,"Pineridge, Cocoa, FL",35755
12095017501,"Apopka, FL",34671
12095014302,"Pine Castle, FL",34570
12095018300,"Haralson Estates, Orlando, FL",34322
12095013512,"South Semoran, Orlando, FL",34238
12095016906,"Orlando, FL",34104
12095014908,"Orlando, FL",33826
12095013510,"Lake Frederica, Orlando, FL",33725
12095014503,"Orlando, FL",33009
12095014502,"Orlando, FL",32160
12095014601,"Southwest Orlando, Orlando, FL",32150
12009062600,"Collage Park, Cocoa, FL",31848
12095018000,"Winter Park, FL",31760
12095011702,"Southwest Orlando, Orlando, FL",30511
12095011701,"Orlando, FL",29786
12095011600,"Orlando, FL",29712
12095014608,"Southwest Orlando, Orlando, FL",29434
12095017001,"Orlando, FL",28978
12095018500,"Southwest Orlando, Orlando, FL",28173
12009060700,"Titusville, FL",26568
12095014605,"Southwest Orlando, Orlando, FL",26449
12095010400,"Northwest Orlando, Orlando, FL",25565