﻿"tract","Name","Household_Income_rP_gP_p50"
12095014809,"Windermere, FL",56728
12117021805,"Altamonte Springs, FL",56103
12117020703,"Longwood, FL",55093
12117020705,"Longwood, FL",52522
12095017109,"Orlando, FL",51859
12117021604,"Wekiva Springs, FL",51590
12117021306,"Winter Springs, FL",51002
12117021609,"Longwood, FL",50361
12095015601,"Maitland, FL",50302
12117021615,"Longwood, FL",50123
12095015602,"Maitland, FL",49910
12095016100,"Winter Park, FL",49476
12097040803,"Celebration, FL",49288
12095015801,"Winter Park, FL",49210
12095014808,"Windermere, FL",49209
12117020808,"Longwood, FL",49203
12095017107,"Orlando, FL",48704
12117020811,"Lake Mary, FL",48616
12095014810,"Orlando, FL",48364
12095016200,"Winter Park, FL",48095
12095017808,"Apopka, FL",48062
12117021616,"Wekiva Springs, FL",47877
12117021611,"Longwood, FL",47847
12095014811,"Orlando, FL",47461
12095015701,"Maitland, FL",47321
12095016510,"Orlando, FL",47085
12095017015,"Orlando, FL",47057
12095017105,"Windermere, FL",46966
12117021313,"Oviedo, FL",46840
12095016408,"Winter Park, FL",46721
12095015802,"Winter Park, FL",46607
12095017012,"Orlando, FL",46492
12095014807,"Orlando, FL",46182
12117021901,"Altamonte Springs, FL",46110
12117020803,"Lake Mary, FL",46099
12117021612,"Longwood, FL",46049
12117020810,"Seminole County, FL",45997
12095016730,"Orlando, FL",45965
12117022205,"Casselberry, FL",45787
12117022207,"Winter Park, FL",45610
12095014813,"Orlando, FL",45594
12117021317,"Oviedo, FL",45528
12095017016,"Orlando, FL",45509
12009069400,"The New Geogiana Settlement, Merritt Island, FL",45403
12095016704,"Orlando, FL",45386
12117022105,"Casselberry, FL",45378
12117021503,"Longwood, FL",45280
12117021316,"Oviedo, FL",45099
12097043301,"Saint Cloud, FL",45094
12117021505,"Longwood, FL",45081
12095016507,"Regency Park, Orlando, FL",45031
12117021708,"Apopka, FL",44979
12117022106,"Casselberry, FL",44933
12117021403,"Winter Springs, FL",44742
12095016716,"Orlando, FL",44740
12117021504,"Longwood, FL",44650
12095012600,"College Park, Orlando, FL",44639
12095017017,"Orlando, FL",44637
12095010802,"Colonialtown North, Orlando, FL",44574
12117021307,"Winter Springs, FL",44485
12095013803,"Orlando, FL",44415
12095014812,"Southwest Orlando, Orlando, FL",44381
12095017806,"Apopka, FL",44306
12095014000,"Belle Isle, FL",44256
12117021315,"Brighton Park, Oviedo, FL",44078
12095016503,"Orlando, FL",44054
12095016728,"Orlando, FL",44049
12117021606,"Apopka, FL",43951
12009061100,"Titusville, FL",43909
12117021319,"Oviedo, FL",43847
12117021203,"Oviedo, FL",43812
12095016409,"Orlando, FL",43796
12009062800,"Rockledge, FL",43782
12117022004,"Casselberry, FL",43777
12095016002,"Winter Park, FL",43690
12095017702,"Apopka, FL",43663
12095017108,"Orlando, FL",43661
12117021318,"Oviedo, FL",43516
12117021314,"Oviedo, FL",43462
12095012800,"Orlando, FL",43443
12095010300,"Southeast Orlando, Orlando, FL",43285
12097040804,"Kissimmee, FL",43242
12095016732,"Orlando, FL",43224
12117021806,"Altamonte Springs, FL",43201
12095015702,"Winter Park, FL",43172
12097040801,"Davenport, FL",43130
12095013605,"Orlando, FL",42998
12095015902,"Winter Park, FL",42938
12095017014,"Orlando, FL",42892
12117022209,"Winter Park, FL",42849
12117021614,"Altamonte Springs, FL",42828
12095014806,"Orlando, FL",42655
12117021312,"Oviedo, FL",42523
12095011300,"Southeast Orlando, Orlando, FL",42342
12009063107,"Coral Springs, Melbourne, FL",42239
12009063102,"Somerville, Rockledge, FL",42225
12117022206,"Winter Park, FL",42127
12117021506,"Longwood, FL",42104
12095012500,"Orlando, FL",41970
12009063106,"Six Mile Creek, Melbourne, FL",41962
12095014606,"Florida Center North, Orlando, FL",41954
12095013405,"Southeast Orlando, Orlando, FL",41824
12117021704,"Apopka, FL",41779
12095015501,"Maitland, FL",41592
12095014100,"Belle Isle, FL",41488
12117021707,"Altamonte Springs, FL",41484
12095017503,"Apopka, FL",41428
12117021320,"Oviedo, FL",41415
12097043204,"Saint Cloud, FL",41407
12097041500,"Kissimmee, FL",41368
12095014704,"Southwest Orlando, Orlando, FL",41363
12095016411,"Orlando, FL",41316
12009060200,"Titusville, FL",41248
12095014805,"Orlando, FL",41248
12095013900,"Orlando, FL",41212
12117022104,"Casselberry, FL",41154
12097042400,"Kissimmee, FL",41130
12117022005,"Fern Park, FL",41040
12095016412,"Orlando, FL",40990
12095011100,"Lake Underhill, Orlando, FL",40977
12095018100,"Ocoee, FL",40960
12095010200,"Northeast Orlando, Orlando, FL",40932
12095011200,"Lake Como, Orlando, FL",40909
12095015402,"Winter Park, FL",40878
12009061001,"La Cita, Titusville, FL",40645
12095013604,"Bryn Mawr, Orlando, FL",40626
12095016714,"Orlando, FL",40507
12095017004,"Orlando, FL",40445
12097041600,"Kissimmee, FL",40427
12095016802,"Southeast Orlando, Orlando, FL",40377
12009069901,"Merritt Island, FL",40365
12095017013,"Orlando, FL",40345
12095017103,"Orlando, FL",40143
12117021608,"Altamonte Springs, FL",40063
12097043202,"Saint Cloud, FL",40052
12097042100,"Kissimmee, FL",39899
12009069100,"Holiday Cove, Merritt Island, FL",39868
12095016511,"Orlando, FL",39844
12095016402,"Orlando, FL",39836
12117021706,"Altamonte Springs, FL",39792
12095017805,"Apopka, FL",39773
12097043100,"Kissimmee, FL",39762
12095016504,"Orlando, FL",39748
12117021401,"Winter Springs, FL",39688
12009061201,"Imperial Estates, Titusville, FL",39629
12117021404,"Winter Springs, FL",39606
12117021902,"Altamonte Springs, FL",39595
12095016729,"Orlando, FL",39581
12009063105,"Buckingham At Levitt Park, Rockledge, FL",39571
12095016715,"Orlando, FL",39550
12097042601,"Buena Ventura Lakes, FL",39550
12095016001,"Winter Park, FL",39547
12095014703,"Metro West, Orlando, FL",39533
12117022002,"Casselberry, FL",39524
12095013300,"Southeast Orlando, Orlando, FL",39517
12095013802,"Orlando, FL",39516
12009063104,"Rockledge, FL",39507
12117021613,"Altamonte Springs, FL",39494
12095014607,"Southwest Orlando, Orlando, FL",39486
12095017011,"Orlando, FL",39475
12095014906,"Ocoee, FL",39427
12117021000,"Sanford, FL",39329
12095016406,"Winter Park, FL",39324
12009071500,"Crestview, Cocoa, FL",39323
12117021803,"Altamonte Springs, FL",39313
12097043203,"Saint Cloud, FL",39311
12009061202,"Enterprise Park, Titusville, FL",39304
12095016727,"Orlando, FL",39297
12095016710,"Orlando, FL",39290
12095013702,"Orlando, FL",39150
12097041001,"Kissimmee, FL",39130
12095012701,"College Park, Orlando, FL",39119
12097041002,"Kissimmee, FL",39056
12095016301,"Winter Park, FL",39027
12117021321,"Alafaya Woods, Oviedo, FL",38924
12095017006,"Orlando, FL",38901
12095013801,"Orlando, FL",38871
12095012900,"Colonial Town Center, Orlando, FL",38770
12127083209,"New Smyrna Beach, FL",38768
12117022208,"Winter Park, FL",38768
12009060102,"Indian River Plantation Estates, Mims, FL",38673
12095014702,"Metro West, Orlando, FL",38653
12097042900,"Kissimmee, FL",38652
12097041800,"Kissimmee, FL",38645
12117022201,"Winter Park, FL",38626
12105012405,"Davenport, FL",38615
12097043500,"Saint Cloud, FL",38613
12095016410,"Orlando, FL",38572
12097042500,"Buena Ventura Lakes, FL",38563
12009071301,"Rogers Place, Melbourne, FL",38548
12095016709,"Orlando, FL",38535
12095015300,"Orlando, FL",38524
12095013202,"Orlando, FL",38515
12105012507,"Davenport, FL",38408
12095017802,"Apopka, FL",38252
12117021201,"Geneva, FL",38162
12095013603,"Southeast Orlando, Orlando, FL",38157
12095013607,"Orlando, FL",38151
12095015105,"Orlando, FL",38106
12009060500,"Gardendale, Titusville, FL",38103
12009069700,"Buttonwood Manor, Merritt Island, FL",38087
12009069200,"Merritt Island, FL",38055
12095015103,"Orlando, FL",38008
12095016806,"Orlando, FL",37967
12095017008,"Orlando, FL",37964
12009069801,"Villa De Palmas Sykes Cove, Merritt Island, FL",37953
12095016807,"Orlando, FL",37930
12097040901,"Kissimmee, FL",37884
12009063000,"Rockledge, FL",37823
12097043400,"Saint Cloud, FL",37793
12009071600,"Merritt Ridge Sheet, Merritt Island, FL",37785
12095016731,"Orlando, FL",37761
12095016713,"Orlando, FL",37674
12095017300,"Winter Garden, FL",37617
12095014804,"Gotha, FL",37593
12117021502,"Longwood, FL",37514
12095016505,"Orlando, FL",37491
12009062103,"Cocoa, FL",37470
12095017504,"Apopka, FL",37324
12095016717,"Orlando, FL",37287
12009069802,"Catalina Isle Estates, Merritt Island, FL",37272
12117022101,"Casselberry, FL",37239
12097042000,"Kissimmee, FL",37214
12097043800,"Saint Cloud, FL",37144
12095016712,"Orlando, FL",37130
12095016723,"Orlando, FL",37113
12117021705,"Altamonte Springs, FL",37092
12095014200,"Orlando, FL",36975
12095017703,"Apopka, FL",36906
12009060300,"Westwood Villas, Titusville, FL",36906
12097042602,"Kissimmee, FL",36887
12009071200,"Poinsett Gardens, Cocoa, FL",36872
12095017104,"Winter Garden, FL",36869
12095016509,"Orlando, FL",36854
12097043302,"Saint Cloud, FL",36830
12095018400,"Northeast Orlando, Orlando, FL",36828
12095018800,"Park Lake/ Highland, Orlando, FL",36804
12097040902,"Kissimmee, FL",36770
12095015004,"Ocoee, FL",36770
12095013509,"Southeast Orlando, Orlando, FL",36766
12095017902,"Apopka, FL",36739
12095016407,"Winter Park, FL",36727
12095016302,"Winter Park, FL",36695
12009062104,"Port Saint John, FL",36677
12095018200,"Northeast Orlando, Orlando, FL",36651
12095016602,"Orlando, FL",36647
12117021204,"Chuluota, FL",36621
12095016803,"Orlando, FL",36619
12095013701,"Orlando, FL",36568
12095011000,"Northeast Orlando, Orlando, FL",36550
12097042800,"Kissimmee, FL",36529
12095013403,"Engelwood Park, Orlando, FL",36504
12117021802,"Altamonte Springs, FL",36482
12095017804,"Apopka, FL",36440
12009071400,"Bayview Estates, Titusville, FL",36333
12095013402,"Orlando, FL",36277
12095014909,"Orlando, FL",36234
12095015003,"Ocoee, FL",36224
12095013505,"Southeast Orlando, Orlando, FL",36222
12097042200,"Kissimmee, FL",36153
12095016724,"Orlando, FL",36080
12097042702,"Buena Ventura Lakes, FL",36077
12009060400,"Titusville, FL",36064
12095015002,"Ocoee, FL",36060
12097041900,"Kissimmee, FL",36059
12095013507,"Southeast Orlando, Orlando, FL",36042
12097043600,"Saint Cloud, FL",36020
12095016734,"Orlando, FL",35982
12097042300,"Kissimmee, FL",35948
12117021311,"Oviedo, FL",35940
12095017701,"Apopka, FL",35937
12097042701,"Kissimmee, FL",35905
12009071100,"Mims, FL",35826
12009069300,"Fowlers, Merritt Island, FL",35818
12097043700,"Saint Cloud, FL",35569
12105012502,"Davenport, FL",35556
12009062108,"Port Saint John, FL",35525
12095014400,"Lake Holden Shores, Orlando, FL",35400
12095015202,"Orlando, FL",35313
12097040802,"Kissimmee, FL",35212
12117020903,"Sanford, FL",35065
12009060101,"Mims, FL",35064
12095012403,"Northwest Orlando, Orlando, FL",35029
12095013201,"Azalea Park, FL",34954
12095017807,"Apopka, FL",34917
12095013406,"Southeast Orlando, Orlando, FL",34908
12095017400,"Winter Garden, FL",34798
12095014301,"Orlando, FL",34750
12095012401,"Northwest Orlando, Orlando, FL",34640
12095013606,"Southeast Orlando, Orlando, FL",34589
12009062900,"Rockledge, FL",34479
12095014904,"Orlando, FL",34454
12009069902,"Indianola Estates, Merritt Island, FL",34380
12095016601,"Orlando, FL",34206
12095018700,"Orlando, FL",33787
12095012305,"Orlando, FL",33784
12095015104,"Orlando, FL",33782
12097041700,"Kissimmee, FL",33697
12095012304,"Orlando, FL",33672
12095015106,"Orlando, FL",33637
12095016508,"Orlando, FL",33635
12095016904,"Orlando, FL",33526
12095016733,"Orlando, FL",33522
12095013511,"Orlando, FL",33512
12095012402,"Northwest Orlando, Orlando, FL",33484
12097041100,"Kissimmee, FL",33460
12095017901,"Mount Dora, FL",33434
12095016903,"Orlando, FL",33330
12095012307,"Orlando, FL",33301
12105012506,"Davenport, FL",33178
12095013508,"South Semoran, Orlando, FL",33161
12117022001,"Casselberry, FL",33141
12095015901,"Winter Park, FL",33047
12009061002,"Indian River Heights, Titusville, FL",33016
12009062109,"Cocoa, FL",32935
12009062106,"Cocoa, FL",32683
12095015201,"Orlando, FL",32560
12095016907,"Orlando, FL",32551
12095013503,"Southeast Orlando, Orlando, FL",32354
12009060600,"Titus Village, Titusville, FL",32326
12095014701,"Orlando, FL",32176
12009062107,"Cocoa, FL",31983
12095016902,"Orlando, FL",31920
12095014609,"Southwest Orlando, Orlando, FL",31755
12095012201,"Pine Hills, FL",31745
12009062400,"College Manor, Cocoa, FL",31717
12095012306,"Orlando, FL",31399
12095017200,"Oakland, FL",31374
12095014504,"Orlando, FL",31263
12095016804,"Southeast Orlando, Orlando, FL",31241
12095012100,"Orlando, FL",31145
12095012000,"Orlando, FL",31127
12095012202,"Orlando, FL",31125
12095015001,"Ocoee, FL",31091
12095013510,"Lake Frederica, Orlando, FL",31021
12095012303,"Orlando, FL",30882
12009062302,"Pineridge, Cocoa, FL",30750
12095013512,"South Semoran, Orlando, FL",30603
12095014302,"Pine Castle, FL",30451
12009062301,"Cocoa Modern Manors, Cocoa, FL",30141
12095017600,"Apopka, FL",29774
12095018900,"Callahan, Orlando, FL",29761
12095014908,"Orlando, FL",29533
12009062500,"Cocoa, FL",28710
12095014503,"Orlando, FL",28637
12095016906,"Orlando, FL",28230
12095018300,"Haralson Estates, Orlando, FL",27838
12095017501,"Apopka, FL",27836
12095010500,"Northwest Orlando, Orlando, FL",27715
12095014502,"Orlando, FL",27636
12095018000,"Winter Park, FL",26911
12095014601,"Southwest Orlando, Orlando, FL",25986
12009062600,"Collage Park, Cocoa, FL",25648
12095011600,"Orlando, FL",25588
12095017001,"Orlando, FL",24824
12095011702,"Southwest Orlando, Orlando, FL",24748
12095011701,"Orlando, FL",24068
12095014608,"Southwest Orlando, Orlando, FL",23759
12095018500,"Southwest Orlando, Orlando, FL",23124
12095014605,"Southwest Orlando, Orlando, FL",22898
12095010400,"Northwest Orlando, Orlando, FL",21610
12009060700,"Titusville, FL",21482