﻿"tract","Name","Household_Income_rP_gP_p25"
12117021805,"Altamonte Springs, FL",51754
12095014809,"Windermere, FL",50600
12117020703,"Longwood, FL",48988
12117020705,"Longwood, FL",48212
12095017109,"Orlando, FL",45729
12117021604,"Wekiva Springs, FL",45111
12117020811,"Lake Mary, FL",44723
12117021615,"Longwood, FL",44647
12097040803,"Celebration, FL",44535
12095015801,"Winter Park, FL",44117
12095017012,"Orlando, FL",43790
12095017107,"Orlando, FL",43764
12117021609,"Longwood, FL",43720
12095014811,"Orlando, FL",43716
12117020808,"Longwood, FL",42985
12117021306,"Winter Springs, FL",42944
12095014810,"Orlando, FL",42883
12095015701,"Maitland, FL",42548
12095017808,"Apopka, FL",42346
12095014807,"Orlando, FL",41628
12095017016,"Orlando, FL",41518
12095016408,"Winter Park, FL",41253
12095014813,"Orlando, FL",41219
12095017015,"Orlando, FL",41135
12117021616,"Wekiva Springs, FL",41112
12095016730,"Orlando, FL",41067
12117021611,"Longwood, FL",40989
12095015601,"Maitland, FL",40988
12095014808,"Windermere, FL",40956
12095016704,"Orlando, FL",40870
12095016728,"Orlando, FL",40817
12117021612,"Longwood, FL",40738
12117021203,"Oviedo, FL",40473
12117022105,"Casselberry, FL",40282
12117020810,"Seminole County, FL",40270
12095016100,"Winter Park, FL",40188
12117022004,"Casselberry, FL",40060
12105012405,"Davenport, FL",39842
12095015602,"Maitland, FL",39768
12095016200,"Winter Park, FL",39556
12117021606,"Apopka, FL",39454
12117021403,"Winter Springs, FL",39357
12095016716,"Orlando, FL",39275
12097040804,"Kissimmee, FL",38955
12095017105,"Windermere, FL",38730
12117021313,"Oviedo, FL",38684
12117021317,"Oviedo, FL",38558
12097043301,"Saint Cloud, FL",38527
12095016503,"Orlando, FL",38434
12095013803,"Orlando, FL",38418
12095017806,"Apopka, FL",38339
12117021901,"Altamonte Springs, FL",38051
12117021505,"Longwood, FL",38041
12117021503,"Longwood, FL",38034
12117021315,"Brighton Park, Oviedo, FL",37898
12009063107,"Coral Springs, Melbourne, FL",37867
12117021614,"Altamonte Springs, FL",37844
12117022106,"Casselberry, FL",37835
12095010300,"Southeast Orlando, Orlando, FL",37808
12095016507,"Regency Park, Orlando, FL",37789
12117020803,"Lake Mary, FL",37714
12009063102,"Somerville, Rockledge, FL",37641
12117021708,"Apopka, FL",37454
12095016732,"Orlando, FL",37426
12117021319,"Oviedo, FL",37412
12117021316,"Oviedo, FL",37299
12095014806,"Orlando, FL",37277
12117022207,"Winter Park, FL",37262
12097042400,"Kissimmee, FL",37241
12009069400,"The New Geogiana Settlement, Merritt Island, FL",37171
12095015802,"Winter Park, FL",37085
12117022205,"Casselberry, FL",36885
12095014000,"Belle Isle, FL",36869
12117022209,"Winter Park, FL",36749
12009062800,"Rockledge, FL",36744
12117021707,"Altamonte Springs, FL",36698
12095016409,"Orlando, FL",36661
12095016510,"Orlando, FL",36628
12095010802,"Colonialtown North, Orlando, FL",36628
12117021307,"Winter Springs, FL",36581
12117021318,"Oviedo, FL",36580
12095017702,"Apopka, FL",36486
12117021320,"Oviedo, FL",36347
12095014703,"Metro West, Orlando, FL",36318
12117021704,"Apopka, FL",36293
12117021321,"Alafaya Woods, Oviedo, FL",36262
12095017014,"Orlando, FL",36186
12117021314,"Oviedo, FL",36137
12117021613,"Altamonte Springs, FL",35847
12117022206,"Winter Park, FL",35842
12095013509,"Southeast Orlando, Orlando, FL",35786
12095014812,"Southwest Orlando, Orlando, FL",35702
12095015702,"Winter Park, FL",35645
12095016002,"Winter Park, FL",35645
12095012600,"College Park, Orlando, FL",35433
12095013605,"Orlando, FL",35391
12095016727,"Orlando, FL",35262
12095013604,"Bryn Mawr, Orlando, FL",35261
12097041500,"Kissimmee, FL",35143
12095016412,"Orlando, FL",35030
12097040901,"Kissimmee, FL",34952
12095016807,"Orlando, FL",34928
12009063106,"Six Mile Creek, Melbourne, FL",34854
12117021504,"Longwood, FL",34852
12117021806,"Altamonte Springs, FL",34778
12095017011,"Orlando, FL",34733
12095014704,"Southwest Orlando, Orlando, FL",34717
12095012701,"College Park, Orlando, FL",34632
12095016402,"Orlando, FL",34516
12117021506,"Longwood, FL",34444
12095017108,"Orlando, FL",34437
12009063105,"Buckingham At Levitt Park, Rockledge, FL",34393
12097043202,"Saint Cloud, FL",34382
12095016731,"Orlando, FL",34339
12095017017,"Orlando, FL",34238
12095014100,"Belle Isle, FL",34230
12095016714,"Orlando, FL",34170
12009069100,"Holiday Cove, Merritt Island, FL",33981
12095017013,"Orlando, FL",33958
12095017006,"Orlando, FL",33930
12009061100,"Titusville, FL",33865
12097043204,"Saint Cloud, FL",33779
12095016710,"Orlando, FL",33769
12095016301,"Winter Park, FL",33735
12095011200,"Lake Como, Orlando, FL",33668
12095014906,"Ocoee, FL",33647
12095014702,"Metro West, Orlando, FL",33622
12095012500,"Orlando, FL",33606
12095014606,"Florida Center North, Orlando, FL",33602
12009069901,"Merritt Island, FL",33586
12095016406,"Winter Park, FL",33586
12009061202,"Enterprise Park, Titusville, FL",33539
12117022104,"Casselberry, FL",33428
12095012800,"Orlando, FL",33374
12095015501,"Maitland, FL",33238
12095017503,"Apopka, FL",33169
12095017008,"Orlando, FL",33161
12095014805,"Orlando, FL",33157
12095014607,"Southwest Orlando, Orlando, FL",33111
12117022005,"Fern Park, FL",33052
12009061001,"La Cita, Titusville, FL",33048
12095016715,"Orlando, FL",33029
12095011100,"Lake Underhill, Orlando, FL",32999
12095013405,"Southeast Orlando, Orlando, FL",32967
12009063104,"Rockledge, FL",32851
12009060200,"Titusville, FL",32770
12095016411,"Orlando, FL",32749
12117022208,"Winter Park, FL",32707
12117021404,"Winter Springs, FL",32669
12095016729,"Orlando, FL",32625
12117022002,"Casselberry, FL",32591
12095015902,"Winter Park, FL",32532
12117021312,"Oviedo, FL",32389
12009071600,"Merritt Ridge Sheet, Merritt Island, FL",32328
12009062103,"Cocoa, FL",32301
12009060102,"Indian River Plantation Estates, Mims, FL",32292
12009062104,"Port Saint John, FL",32262
12095017805,"Apopka, FL",32065
12097043500,"Saint Cloud, FL",32026
12095016410,"Orlando, FL",31985
12117021401,"Winter Springs, FL",31915
12097041002,"Kissimmee, FL",31774
12095016001,"Winter Park, FL",31773
12009062108,"Port Saint John, FL",31759
12095018100,"Ocoee, FL",31747
12095016802,"Southeast Orlando, Orlando, FL",31747
12095017004,"Orlando, FL",31716
12095015004,"Ocoee, FL",31666
12097041001,"Kissimmee, FL",31657
12095016806,"Orlando, FL",31648
12009061201,"Imperial Estates, Titusville, FL",31638
12097043100,"Kissimmee, FL",31615
12095016407,"Winter Park, FL",31549
12127083209,"New Smyrna Beach, FL",31519
12117021608,"Altamonte Springs, FL",31491
12097043302,"Saint Cloud, FL",31459
12097042602,"Kissimmee, FL",31348
12095017703,"Apopka, FL",31347
12117021000,"Sanford, FL",31318
12095016504,"Orlando, FL",31292
12095015402,"Winter Park, FL",31276
12097043203,"Saint Cloud, FL",31234
12105012507,"Davenport, FL",31204
12095013202,"Orlando, FL",31143
12097042800,"Kissimmee, FL",31115
12117021802,"Altamonte Springs, FL",31092
12097042701,"Kissimmee, FL",31091
12117021803,"Altamonte Springs, FL",31015
12097042100,"Kissimmee, FL",30906
12095015105,"Orlando, FL",30888
12097040802,"Kissimmee, FL",30866
12095016511,"Orlando, FL",30864
12117021502,"Longwood, FL",30823
12095014909,"Orlando, FL",30795
12097042500,"Buena Ventura Lakes, FL",30770
12095016505,"Orlando, FL",30763
12097042601,"Buena Ventura Lakes, FL",30763
12097043700,"Saint Cloud, FL",30723
12097043400,"Saint Cloud, FL",30722
12095014400,"Lake Holden Shores, Orlando, FL",30678
12095016724,"Orlando, FL",30676
12009071500,"Crestview, Cocoa, FL",30585
12095010200,"Northeast Orlando, Orlando, FL",30534
12095016713,"Orlando, FL",30498
12095017701,"Apopka, FL",30409
12009069802,"Catalina Isle Estates, Merritt Island, FL",30400
12009071200,"Poinsett Gardens, Cocoa, FL",30388
12095017300,"Winter Garden, FL",30309
12097041900,"Kissimmee, FL",30298
12095013607,"Orlando, FL",30245
12097041100,"Kissimmee, FL",30206
12095014301,"Orlando, FL",30200
12009069200,"Merritt Island, FL",30195
12095016709,"Orlando, FL",30189
12095017103,"Orlando, FL",30145
12095013802,"Orlando, FL",30135
12095014804,"Gotha, FL",30132
12117022201,"Winter Park, FL",30020
12117022101,"Casselberry, FL",30020
12009071301,"Rogers Place, Melbourne, FL",30020
12095017802,"Apopka, FL",29981
12097042900,"Kissimmee, FL",29968
12097042702,"Buena Ventura Lakes, FL",29955
12095014200,"Orlando, FL",29954
12095016712,"Orlando, FL",29897
12095016733,"Orlando, FL",29860
12095015003,"Ocoee, FL",29828
12095013900,"Orlando, FL",29817
12095012900,"Colonial Town Center, Orlando, FL",29780
12095016602,"Orlando, FL",29759
12095013300,"Southeast Orlando, Orlando, FL",29757
12095013702,"Orlando, FL",29754
12095016723,"Orlando, FL",29743
12009069300,"Fowlers, Merritt Island, FL",29659
12009060500,"Gardendale, Titusville, FL",29656
12095015103,"Orlando, FL",29641
12095013801,"Orlando, FL",29527
12095016302,"Winter Park, FL",29494
12095018200,"Northeast Orlando, Orlando, FL",29438
12095013603,"Southeast Orlando, Orlando, FL",29345
12095015002,"Ocoee, FL",29341
12009069700,"Buttonwood Manor, Merritt Island, FL",29337
12095016717,"Orlando, FL",29284
12097041800,"Kissimmee, FL",29272
12095016903,"Orlando, FL",29254
12095017807,"Apopka, FL",29197
12095017104,"Winter Garden, FL",29145
12117021705,"Altamonte Springs, FL",29135
12097043800,"Saint Cloud, FL",29066
12095013606,"Southeast Orlando, Orlando, FL",29043
12095017504,"Apopka, FL",29020
12095018800,"Park Lake/ Highland, Orlando, FL",28921
12105012506,"Davenport, FL",28912
12095013508,"South Semoran, Orlando, FL",28868
12095013507,"Southeast Orlando, Orlando, FL",28851
12095011300,"Southeast Orlando, Orlando, FL",28822
12095016803,"Orlando, FL",28819
12009071400,"Bayview Estates, Titusville, FL",28771
12117021201,"Geneva, FL",28720
12117021706,"Altamonte Springs, FL",28713
12095012304,"Orlando, FL",28699
12117020903,"Sanford, FL",28672
12097042200,"Kissimmee, FL",28634
12095013201,"Azalea Park, FL",28614
12095013701,"Orlando, FL",28574
12009069801,"Villa De Palmas Sykes Cove, Merritt Island, FL",28480
12095016508,"Orlando, FL",28474
12095016734,"Orlando, FL",28394
12095013510,"Lake Frederica, Orlando, FL",28252
12095018400,"Northeast Orlando, Orlando, FL",28152
12095017804,"Apopka, FL",28132
12095015300,"Orlando, FL",28129
12095013505,"Southeast Orlando, Orlando, FL",28109
12095013403,"Engelwood Park, Orlando, FL",27981
12009060300,"Westwood Villas, Titusville, FL",27950
12117021902,"Altamonte Springs, FL",27907
12117021204,"Chuluota, FL",27831
12097042000,"Kissimmee, FL",27775
12009060600,"Titus Village, Titusville, FL",27719
12095015106,"Orlando, FL",27675
12095016509,"Orlando, FL",27618
12105012502,"Davenport, FL",27535
12095013503,"Southeast Orlando, Orlando, FL",27487
12095013511,"Orlando, FL",27400
12097040902,"Kissimmee, FL",27363
12095016904,"Orlando, FL",27319
12009061002,"Indian River Heights, Titusville, FL",27307
12097041600,"Kissimmee, FL",27251
12095011000,"Northeast Orlando, Orlando, FL",27200
12097041700,"Kissimmee, FL",27068
12095016601,"Orlando, FL",27026
12095013512,"South Semoran, Orlando, FL",26896
12009062900,"Rockledge, FL",26851
12095015202,"Orlando, FL",26779
12009062107,"Cocoa, FL",26680
12095016907,"Orlando, FL",26663
12095016804,"Southeast Orlando, Orlando, FL",26650
12095016902,"Orlando, FL",26508
12095013406,"Southeast Orlando, Orlando, FL",26498
12095017902,"Apopka, FL",26468
12095014904,"Orlando, FL",26402
12095013402,"Orlando, FL",26401
12097043600,"Saint Cloud, FL",26380
12009063000,"Rockledge, FL",26354
12009062106,"Cocoa, FL",26285
12009071100,"Mims, FL",26272
12095014302,"Pine Castle, FL",26261
12097042300,"Kissimmee, FL",26047
12095015104,"Orlando, FL",26034
12095012307,"Orlando, FL",25962
12009062109,"Cocoa, FL",25780
12009062302,"Pineridge, Cocoa, FL",25698
12095012306,"Orlando, FL",25655
12095017200,"Oakland, FL",25572
12095015201,"Orlando, FL",25477
12095014504,"Orlando, FL",25454
12097040801,"Davenport, FL",25417
12095014701,"Orlando, FL",25381
12117021311,"Oviedo, FL",25304
12095012401,"Northwest Orlando, Orlando, FL",25243
12095014908,"Orlando, FL",25155
12095012402,"Northwest Orlando, Orlando, FL",25033
12009060400,"Titusville, FL",24807
12095012303,"Orlando, FL",24705
12009062400,"College Manor, Cocoa, FL",24695
12009060101,"Mims, FL",24658
12095012305,"Orlando, FL",24611
12095012403,"Northwest Orlando, Orlando, FL",24580
12095012202,"Orlando, FL",24557
12095012201,"Pine Hills, FL",24499
12095014503,"Orlando, FL",24159
12095012100,"Orlando, FL",23653
12095014609,"Southwest Orlando, Orlando, FL",23624
12095017400,"Winter Garden, FL",23360
12117022001,"Casselberry, FL",23235
12009069902,"Indianola Estates, Merritt Island, FL",23073
12095012000,"Orlando, FL",23067
12095014502,"Orlando, FL",22984
12095017901,"Mount Dora, FL",22861
12095015901,"Winter Park, FL",22742
12095015001,"Ocoee, FL",22707
12095016906,"Orlando, FL",22241
12095018000,"Winter Park, FL",21918
12009062301,"Cocoa Modern Manors, Cocoa, FL",21878
12095011600,"Orlando, FL",21311
12095018300,"Haralson Estates, Orlando, FL",21230
12095017600,"Apopka, FL",21229
12095017501,"Apopka, FL",20885
12095017001,"Orlando, FL",20510
12095018900,"Callahan, Orlando, FL",20292
12095018700,"Orlando, FL",19986
12009062500,"Cocoa, FL",19778
12095014601,"Southwest Orlando, Orlando, FL",19646
12009062600,"Collage Park, Cocoa, FL",19269
12095014605,"Southwest Orlando, Orlando, FL",19211
12095011702,"Southwest Orlando, Orlando, FL",18798
12095011701,"Orlando, FL",18169
12095018500,"Southwest Orlando, Orlando, FL",17913
12095014608,"Southwest Orlando, Orlando, FL",17908
12095010400,"Northwest Orlando, Orlando, FL",17537
12095010500,"Northwest Orlando, Orlando, FL",17012
12009060700,"Titusville, FL",16302