﻿"tract","Name","Household_Income_rP_gP_p25"
42091204800,"Gladwyne, PA",65915
42029300106,"Chesterbrook, PA",65233
42101008801,"West Philadelphia, Philadelphia, PA",62049
34005700505,"Moorestown, NJ",61141
42091201404,"Fort Washington, PA",61125
42045408900,"Havertown, PA",60929
42091201406,"Dresher, PA",60724
42045401000,"Drexel Hill, Upper Darby, PA",60588
42091206006,"Eagleville, PA",60416
42045407404,"Wallingford, Nether Providence Township, PA",59559
42029300107,"Malvern, PA",58056
34007603506,"Greentree, Cherry Hill, NJ",57874
42101035900,"Northeast Philadelphia, Philadelphia, PA",57099
34007606200,"Haddonfield, NJ",56816
42091203103,"Lafayette Hill, PA",56534
42045407804,"Springfield, PA",56468
34007607503,"Voorhees Township, NJ",56434
34005702907,"Mount Laurel, NJ",55943
34007603507,"Cherry Hill, NJ",55939
42091205503,"Penn Wynne, Wynnewood, PA",55846
34005702918,"Mount Laurel, NJ",55802
42045409802,"Strafford, PA",55728
42045407803,"Springfield, PA",55649
42091204010,"Plymouth Meeting, PA",55539
34005704008,"Evesham Township, NJ",55257
42045409701,"Villanova, PA",54989
42091205808,"King of Prussia, PA",54876
42045407806,"Springfield, PA",54423
42045400900,"Drexel Hill, Upper Darby, PA",54036
34005703102,"Lumberton, NJ",53542
42091210300,"Flourtown, PA",53523
42101000300,"Center City, Philadelphia, PA",53420
42091204500,"Merion Station, PA",53337
42091203208,"Blue Bell, PA",53245
34007603504,"Cherry Hill, NJ",53028
42045408600,"Havertown, PA",52885
42045407805,"Springfield, PA",52882
42101035500,"Bustleton, Philadelphia, PA",52858
42045409200,"Havertown, PA",52561
42045401103,"Drexel Hill, Upper Darby, PA",52561
42091202302,"Elkins Park, PA",52521
34007607504,"Voorhees Township, NJ",52379
42045409803,"Wayne, PA",52379
42101035602,"Bustleton, Philadelphia, PA",52251
42101035601,"Bustleton, Philadelphia, PA",52223
42091203207,"Blue Bell, PA",52187
42091205805,"King of Prussia, PA",52150
34005704006,"Greentree, Cherry Hill, NJ",52057
42091210100,"Oreland, PA",52045
42045408001,"Broomall, PA",52011
42045408102,"Broomall, PA",52005
34007603501,"Greentree, Cherry Hill, NJ",51918
42091202100,"Jenkintown, PA",51918
34005703803,"Medford, NJ",51738
42045403902,"Ridley Park, PA",51726
42045409902,"Newtown Square, PA",51566
42101035701,"Bustleton, Philadelphia, PA",51371
42045409300,"Havertown, PA",50877
42101034501,"Northeast Philadelphia, Philadelphia, PA",50658
34005704011,"Marlton, Evesham Township, NJ",50639
34005703801,"Medford, NJ",50592
42091204400,"Bala Cynwyd, PA",50574
42029300301,"Newtown Square, PA",50401
42091203105,"Lafayette Hill, PA",50367
42091200104,"Montgomery County, PA",50357
42045407801,"Springfield, PA",50300
34005700605,"Delran, NJ",50181
42017100104,"Northeast Philadelphia, Philadelphia, PA",50173
42091202301,"Elkins Park, PA",50063
42091201501,"Montgomery County, PA",50040
42029300104,"Berwyn, PA",50025
42091201502,"Meadowbrook, PA",50003
34005700307,"Cinnaminson, NJ",49971
42045409400,"Havertown, PA",49761
42101035800,"Northeast Philadelphia, Philadelphia, PA",49745
42101036502,"Northeast Philadelphia, Philadelphia, PA",49685
42045409500,"Drexel Hill, Havertown, PA",49659
34005702908,"Mount Laurel, NJ",49490
34005702917,"Mount Laurel, NJ",49449
34007603302,"Cherry Hill, NJ",49364
42045407802,"Springfield, PA",49245
42101033702,"Northeast Philadelphia, Philadelphia, PA",49243
42101000200,"Center City, Philadelphia, PA",49182
42045406903,"Aston, PA",49084
42101013601,"Fairmount, Philadelphia, PA",49017
34005700305,"Cinnaminson, NJ",48984
42045408101,"Broomall, PA",48861
42091201411,"Fort Washington, PA",48806
34007606000,"Haddon Heights, NJ",48801
42045401501,"Clifton Heights, PA",48745
34007606100,"Haddonfield, NJ",48424
34005704005,"Marlton, Evesham Township, NJ",48373
34005704013,"Cambridge Park, Evesham Township, NJ",48363
42091204900,"Villanova, PA",48326
42045401401,"Drexel Hill, Upper Darby, PA",48275
42091205502,"Wynnewood, PA",48057
42045408700,"Havertown, PA",48018
42045409601,"Bryn Mawr, PA",47997
42045401301,"Drexel Hill, Upper Darby, PA",47981
42091201706,"Glenside, PA",47830
42045401200,"Drexel Hill, Upper Darby, PA",47828
42101038500,"Chestnut Hill, Philadelphia, PA",47801
42101000803,"Center City, Philadelphia, PA",47649
42101034400,"Bustleton, Philadelphia, PA",47564
42101023100,"Chestnut Hill, Philadelphia, PA",47494
42091204702,"Bala Cynwyd, PA",47482
42101035200,"Northeast Philadelphia, Philadelphia, PA",47326
34007610600,"Pennsauken Township, NJ",47324
42045409702,"Villanova, PA",47294
42091210200,"Oreland, PA",47260
42045407102,"Media, PA",47125
42045406201,"Brookhaven, PA",47124
42045409602,"Bryn Mawr, PA",46996
42045407902,"Media, PA",46899
42017106000,"Penndel, PA",46858
42091205809,"King of Prussia, PA",46857
42045409903,"Newtown Square, PA",46845
42101035702,"Bustleton, Philadelphia, PA",46838
42029300108,"Shand Tract, Devon, PA",46798
42091204009,"Plymouth Meeting, PA",46772
34007603503,"Willowdale, Cherry Hill, NJ",46722
42045410500,"Upper Darby, PA",46702
42101034702,"Northeast Philadelphia, Philadelphia, PA",46656
42101033701,"Northeast Philadelphia, Philadelphia, PA",46632
42017100206,"Bensalem, PA",46595
42091205801,"King of Prussia, PA",46553
42101001201,"Center City, Philadelphia, PA",46530
42045408002,"Media, PA",46528
42091204701,"Penn Valley, PA",46443
42091200310,"Huntingdon Valley, Willow Grove, PA",46395
34005703900,"Medford, NJ",46317
42101036000,"Northeast Philadelphia, Philadelphia, PA",46262
34005704014,"Evesham Township, NJ",46261
42091201608,"Abington, PA",46218
42045410602,"Folsom, PA",46162
42045407901,"Media, PA",46138
34007606800,"Bellmawr, NJ",45844
34005702905,"Ramblewood, Mount Laurel, NJ",45800
42045407101,"Media, PA",45758
34007607502,"Echelon, Voorhees Township, NJ",45753
34007607505,"Voorhees Township, NJ",45743
42091210500,"Wyndmoor, PA",45735
42091201901,"Rydal, PA",45688
42091201703,"Glenside, PA",45477
42045404004,"Morton, PA",45253
34007603400,"Barclay-Kingston, Cherry Hill, NJ",45140
34007606300,"Haddonfield, NJ",45140
42045403602,"Norwood, PA",44997
42045408103,"Broomall, PA",44985
34007603505,"Ashland, Cherry Hill, NJ",44927
42101013401,"Fairmount, Philadelphia, PA",44874
42101030800,"Oxford Circle/ Castor, Philadelphia, PA",44819
42029300101,"Wayne, PA",44745
42045409000,"Drexel Hill, Havertown, PA",44658
42045410000,"Delaware County, PA",44527
42091202201,"Montgomery County, PA",44472
34005704012,"Marlton, Evesham Township, NJ",44420
34005700408,"Maple Shade Township, NJ",44168
42101036301,"Northeast Philadelphia, Philadelphia, PA",44082
42101036203,"Millbrook, Philadelphia, PA",44079
34005702913,"Mount Laurel, NJ",44066
34007603601,"Ashland, Cherry Hill, NJ",44057
42091200106,"Montgomery County, PA",44055
34005704007,"Marlton, Evesham Township, NJ",43958
42045407201,"Media, PA",43831
42101033600,"Northeast Philadelphia, Philadelphia, PA",43791
34007603303,"Erlton-Ellisburg, Cherry Hill, NJ",43749
42091200309,"Willow Grove, PA",43746
42045401101,"Drexel Hill, Upper Darby, PA",43724
34005703804,"Medford, NJ",43698
42101034200,"Fox Chase/ Burholme, Philadelphia, PA",43670
34005700602,"Riverside, NJ",43517
42045409100,"Havertown, PA",43509
42045401302,"Drexel Hill, Upper Darby, PA",43492
34007606400,"Haddonfield, NJ",43445
42101033500,"Northeast Philadelphia, Philadelphia, PA",43408
34007605900,"Haddon Heights, NJ",43380
42101031600,"Northeast Philadelphia, Philadelphia, PA",43357
42017100212,"Bensalem, PA",43347
42091201902,"Elkins Park, PA",43341
34007607506,"Echelon, Voorhees Township, NJ",43007
42045401900,"Lansdowne, PA",42908
42091202000,"Rockledge, PA",42903
42091201705,"Glenside, PA",42901
42045403001,"Briarcliffe, Glenolden, PA",42876
42091205100,"Bryn Mawr, PA",42864
42101034701,"Northeast Philadelphia, Philadelphia, PA",42764
42045409904,"Newtown Square, PA",42754
42045406100,"Brookhaven, PA",42732
42101002802,"East Passyunk Crossing, Philadelphia, PA",42722
42029300109,"Wayne, PA",42700
42045401104,"Drexel Hill, Upper Darby, PA",42574
42091205903,"Wayne, PA",42516
42045408800,"Ardmore, PA",42491
34007605602,"Audubon, NJ",42462
42045403901,"Ridley Park, PA",42366
42101000801,"Center City, Philadelphia, PA",42296
42101021800,"Roxborough-Manayunk, Philadelphia, PA",42236
42045400600,"Upper Darby, PA",42155
42101031000,"Oxford Circle/ Castor, Philadelphia, PA",42064
34005700504,"Moorestown-Lenola, Moorestown, NJ",42058
34005704004,"Marlton, Evesham Township, NJ",42057
34007603800,"Haddon Township, NJ",41826
42045403501,"Glenolden, PA",41776
42017100201,"Trevose, Feasterville-Trevose, PA",41717
42091204101,"Conshohocken, PA",41706
42101034000,"Fox Chase/ Burholme, Philadelphia, PA",41610
34005703802,"Medford, NJ",41602
42101033102,"Holmesburg, Philadelphia, PA",41589
42045403601,"Norwood, PA",41577
42045410601,"Folsom, PA",41502
34007603603,"Barclay-Kingston, Cherry Hill, NJ",41489
42101035302,"Morrell Park, Philadelphia, PA",41473
42101003902,"South Philadelphia, Philadelphia, PA",41450
42101036303,"Northeast Philadelphia, Philadelphia, PA",41446
34005702909,"Mount Laurel, NJ",41444
42091210600,"Plymouth Meeting, PA",41376
42091203304,"Norristown, PA",41333
42101021600,"Northwest Philadelphia, Philadelphia, PA",41320
42091205400,"Wynnewood, PA",41261
42101033800,"Fox Chase/ Burholme, Philadelphia, PA",41214
42091204007,"Conshohocken, PA",41173
42101022000,"Northwest Philadelphia, Philadelphia, PA",41150
42045407501,"Media, PA",41131
34005700306,"Cinnaminson, NJ",41112
34005702915,"Mount Laurel, NJ",41056
34005700701,"Riverside, NJ",40946
34007603902,"Haddon Township, NJ",40931
42091202202,"Montgomery County, PA",40922
42091204600,"Penn Valley, PA",40827
42101030700,"Lawncrest, Philadelphia, PA",40658
42091205200,"Haverford, PA",40647
34007603301,"Cherry Hill, NJ",40549
42101034100,"Fox Chase/ Burholme, Philadelphia, PA",40481
34005700103,"Palmyra, NJ",40444
34007602901,"Pennsauken Township, NJ",40352
42101033400,"Northeast Philadelphia, Philadelphia, PA",40350
42045403800,"Prospect Park, PA",40341
42091205906,"King of Prussia, PA",40337
42045400401,"Upper Darby, PA",40332
42091201704,"Glenside, PA",40321
42045404003,"Clifton Heights, PA",40283
42101031502,"Mayfair, Philadelphia, PA",40276
42101000902,"Center City, Philadelphia, PA",40209
42101033300,"Northeast Philadelphia, Philadelphia, PA",40188
34005700200,"Riverton, NJ",40173
42091201800,"Jenkintown, PA",40142
42101038700,"Northwest Philadelphia, Philadelphia, PA",40134
42045400700,"Upper Darby, PA",40125
42045406202,"Brookhaven, PA",40102
42091200105,"Montgomery County, PA",40091
42091203000,"Fort Washington, PA",40084
42101035301,"Morrell Park, Philadelphia, PA",40018
42101003800,"Girard Estates, Philadelphia, PA",39959
42101034801,"Northeast Philadelphia, Philadelphia, PA",39879
42045403103,"Collingdale, PA",39877
42045410800,"Wallingford, Nether Providence Township, PA",39862
42045406902,"Aston, PA",39804
42045408500,"Havertown, PA",39740
42091203402,"Norristown, PA",39637
42045403200,"Aldan, PA",39603
34007605700,"Audubon, NJ",39601
34005701303,"Bordentown, NJ",39564
42091205600,"Narberth, PA",39503
42029300201,"Berwyn, PA",39493
42045400802,"Drexel Hill, Upper Darby, PA",39371
42101018002,"North Philadelphia, Philadelphia, PA",39327
34005702914,"Mount Laurel, NJ",39289
34005700501,"Moorestown-Lenola, Moorestown, NJ",39229
42101034803,"Northeast Philadelphia, Philadelphia, PA",39201
42101037900,"North Philadelphia, Philadelphia, PA",39177
42101031101,"Oxford Circle/ Castor, Philadelphia, PA",39167
42101021200,"Northwest Philadelphia, Philadelphia, PA",39142
42091206007,"Eagleville, PA",39041
34005703104,"Lumberton, NJ",38979
42101038400,"Northwest Philadelphia, Philadelphia, PA",38952
42101033101,"Holmesburg, Philadelphia, PA",38948
34007603602,"Barclay-Kingston, Cherry Hill, NJ",38874
34007603700,"Erlton-Ellisburg, Cherry Hill, NJ",38871
34005700403,"Maple Shade Township, NJ",38780
42101036201,"Morrell Park, Philadelphia, PA",38774
42045404103,"Ridley Park, PA",38769
42091206005,"Trooper, PA",38766
34005701102,"Burlington, NJ",38700
34007605800,"Haddon Heights, NJ",38648
42017101401,"Feasterville-Trevose, PA",38620
42045401502,"Clifton Heights, PA",38592
42101034502,"Bustleton, Philadelphia, PA",38585
34007611700,"Mount Ephraim, NJ",38511
34015500300,"National Park, NJ",38493
42101036600,"Center City, Philadelphia, PA",38491
42101021500,"Manayunk, Philadelphia, PA",38431
42045406801,"Aston, PA",38408
34007607100,"Runnemede, NJ",38380
34005702810,"Willingboro, NJ",38365
42101031402,"Oxford Circle/ Castor, Philadelphia, PA",38300
42029300202,"Berwyn, PA",38253
42017100306,"Bristol, PA",38171
34005700603,"Delran, NJ",38170
42091203106,"Conshohocken, PA",38154
42101018300,"Bridesburg, Philadelphia, PA",38095
34007602902,"Pennsauken Township, NJ",38086
42101027100,"North Philadelphia, Philadelphia, PA",38067
42017100102,"Bensalem, PA",38050
34007604400,"Collingswood, NJ",38017
42101035100,"Northeast Philadelphia, Philadelphia, PA",38004
34005704009,"Evesham Township, NJ",37982
42101033000,"Holmesburg, Philadelphia, PA",37969
34007606700,"Barrington, NJ",37967
42045407202,"Media, PA",37958
34007604700,"Oaklyn, NJ",37954
42091204200,"Conshohocken, PA",37872
42101036100,"Northeast Philadelphia, Philadelphia, PA",37855
42091205501,"Ardmore, PA",37817
42101036202,"Millbrook, Philadelphia, PA",37758
42045408400,"Haverford, PA",37751
42017105900,"Levittown, PA",37720
42091202602,"Wyncote, PA",37709
42101004001,"Lower Moyamensing, Philadelphia, PA",37693
42101001001,"Center City, Philadelphia, PA",37682
42091203403,"Eagleville, PA",37654
42091200200,"Huntingdon Valley, Bryn Athyn, PA",37648
42017100207,"Bensalem, PA",37581
42017100210,"Bensalem, PA",37503
42101021100,"Northwest Philadelphia, Philadelphia, PA",37499
42091205904,"Conshohocken, PA",37485
42091204002,"Plymouth Meeting, PA",37483
42091210400,"Glenside, PA",37442
42045407700,"Morton, PA",37431
42101021300,"Manayunk, Philadelphia, PA",37392
42045407600,"Swarthmore, PA",37370
42045404101,"Swarthmore, PA",37360
34005700703,"Riverside, NJ",37349
34007603200,"Cherry Hill, NJ",37307
34007604600,"Oaklyn, NJ",37306
34007611100,"Bellmawr, NJ",37222
34007603100,"Merchantville, NJ",37152
34007611600,"Collingswood, NJ",37118
34007605400,"Mount Ephraim, NJ",37103
42101002900,"Passyunk Square, Philadelphia, PA",37090
42091203104,"Lafayette Hill, PA",37088
42101031300,"Oxford Circle/ Castor, Philadelphia, PA",37034
34005701105,"Burlington, NJ",37024
42045401700,"Lansdowne, PA",37008
42091201605,"Roslyn, Abington, PA",37002
42101033900,"Fox Chase/ Burholme, Philadelphia, PA",36992
34007607200,"Runnemede, NJ",36970
42101002702,"Pennsport, Philadelphia, PA",36969
42101033200,"Mayfair, Philadelphia, PA",36950
42091203303,"East Norriton, PA",36899
34005702400,"Jobstown, Mansfield, NJ",36767
34005702910,"Mount Laurel, NJ",36712
42045401800,"Lansdowne, PA",36663
42101001600,"Queen Village, Philadelphia, PA",36624
34007603901,"Haddonfield, NJ",36617
34007610900,"Audubon, NJ",36575
34005700502,"Moorestown-Lenola, Moorestown, NJ",36520
42101004002,"Lower Moyamensing, Philadelphia, PA",36518
42101032600,"Northeast Philadelphia, Philadelphia, PA",36369
42045403300,"Clifton Heights, PA",36330
42101003001,"Newbold, Philadelphia, PA",36269
42101030900,"Oxford Circle/ Castor, Philadelphia, PA",36210
42101026900,"North Philadelphia, Philadelphia, PA",36094
42101025800,"North Philadelphia, Philadelphia, PA",36014
42017100805,"Levittown, PA",35981
42017100209,"Bensalem, PA",35932
42045407401,"Wallingford, Nether Providence Township, PA",35892
42045403702,"Essington, Tinicum Township, PA",35887
34007604200,"Collingswood, NJ",35795
42091201607,"Abington, PA",35790
42091204300,"Bala Cynwyd, PA",35679
42101032000,"Northeast Philadelphia, Philadelphia, PA",35647
34007602602,"Pennsauken Township, NJ",35639
42091201606,"Roslyn, Abington, PA",35624
34007607000,"Bellmawr, NJ",35418
34007605100,"Gloucester City, NJ",35406
42017100105,"Bensalem, PA",35385
34007605300,"Brooklawn, NJ",35321
42101036501,"Northeast Philadelphia, Philadelphia, PA",35307
42101002801,"South Philadelphia, Philadelphia, PA",35260
42101000402,"Center City, Philadelphia, PA",35256
34007602601,"Pennsauken Township, NJ",35178
42045406904,"Aston, PA",35145
42045400500,"Upper Darby, PA",35031
42101001102,"Center City, Philadelphia, PA",35015
42101037300,"Packer Park, Philadelphia, PA",34989
42045400402,"Upper Darby, PA",34950
42017100811,"Langhorne, PA",34929
34007604300,"Collingswood, NJ",34891
42017100401,"Levittown, PA",34857
42101021900,"Roxborough-Manayunk, Philadelphia, PA",34766
34015500201,"West Deptford, NJ",34708
42045401600,"Lansdowne, PA",34707
42101037200,"South Philadelphia, Philadelphia, PA",34697
42101034802,"Northeast Philadelphia, Philadelphia, PA",34695
42101031401,"Oxford Circle/ Castor, Philadelphia, PA",34618
42101027300,"North Philadelphia, Philadelphia, PA",34612
42091205905,"King of Prussia, PA",34554
34005702906,"Ramblewood, Mount Laurel, NJ",34522
34005700503,"Moorestown-Lenola, Moorestown, NJ",34497
34007607507,"Echelon, Voorhees Township, NJ",34431
34005700304,"Cinnaminson, NJ",34390
42045403101,"Collingdale, PA",34343
42101020600,"East Falls, Philadelphia, PA",34312
42091203401,"Eagleville, PA",34300
42045403002,"Briarcliffe, Glenolden, PA",34240
34005700303,"Cinnaminson, NJ",34214
34005701001,"Edgewater Park, NJ",34158
42091202402,"Melrose Park, PA",34097
34005702700,"Westampton, NJ",34034
34005700402,"Maple Shade Township, NJ",34011
42101014300,"Fishtown, Philadelphia, PA",34009
42101023500,"Mount Airy, Philadelphia, PA",33989
42091202604,"Glenside, PA",33976
42101029100,"Lawncrest, Philadelphia, PA",33965
42045403502,"Glenolden, PA",33953
42045407903,"Media, PA",33842
42101034900,"Holmesburg, Philadelphia, PA",33801
34015500205,"Thorofare, West Deptford, NJ",33771
42101000100,"Center City, Philadelphia, PA",33704
42101000901,"Center City, Philadelphia, PA",33688
42017100404,"Levittown, PA",33642
42101002400,"Bella Vista, Philadelphia, PA",33565
42101004202,"South Philadelphia, Philadelphia, PA",33488
42045403104,"Collingdale, PA",33476
42101032500,"Northeast Philadelphia, Philadelphia, PA",33438
42091205700,"Bridgeport, PA",33401
42101000700,"Center City, Philadelphia, PA",33354
42101000500,"Center City, Philadelphia, PA",33288
42101031700,"Mayfair, Philadelphia, PA",33262
42101030600,"Lawncrest, Philadelphia, PA",33252
34005700702,"Riverside, NJ",33226
42045403401,"Folcroft, PA",33207
34005703000,"Hainesport, NJ",33190
42101030502,"Lawncrest, Philadelphia, PA",33148
42045404102,"Woodlyn, PA",33133
34005700102,"Palmyra, NJ",33132
42017100302,"Croydon, PA",33117
42101030501,"Lawncrest, Philadelphia, PA",33111
42101018001,"North Philadelphia, Philadelphia, PA",33036
42101020900,"Northwest Philadelphia, Philadelphia, PA",33021
34015501102,"Woodbury, NJ",32915
34005701002,"Beverly, NJ",32883
42091202603,"Glenside, PA",32879
34005701203,"Burlington, NJ",32870
42101031900,"Northeast Philadelphia, Philadelphia, PA",32838
42101025700,"Chestnut Hill, Philadelphia, PA",32826
42101015800,"Fishtown, Philadelphia, PA",32809
34015500100,"Westville, NJ",32794
42017100600,"Bristol, PA",32764
42101031501,"Mayfair, Philadelphia, PA",32738
34005701301,"Florence, Florence Township, NJ",32723
34005700407,"Maple Shade Township, NJ",32650
42091201604,"Roslyn, Abington, PA",32616
42101018400,"North Philadelphia, Philadelphia, PA",32591
42045407502,"Media, PA",32536
42017100208,"Bensalem, PA",32468
42101031200,"Oxford Circle/ Castor, Philadelphia, PA",32435
42017100103,"Bensalem, PA",32372
42091205000,"Bryn Mawr, PA",32368
42101029000,"North Philadelphia, Philadelphia, PA",32321
42101038600,"Chestnut Hill, Philadelphia, PA",32320
42101032100,"Northeast Philadelphia, Philadelphia, PA",32271
34005700800,"Delanco, NJ",32267
42101038800,"Mount Airy, Philadelphia, PA",32206
42101037800,"North Philadelphia, Philadelphia, PA",32111
34005702804,"Willingboro, NJ",32103
42101021700,"Northwest Philadelphia, Philadelphia, PA",32079
42101002300,"Passyunk Square, Philadelphia, PA",32011
42101027401,"North Philadelphia, Philadelphia, PA",31984
34005700405,"Maple Shade Township, NJ",31980
42101021000,"Manayunk, Philadelphia, PA",31966
42045402600,"Darby, PA",31930
42091201407,"Oreland, PA",31910
42101036302,"Northeast Philadelphia, Philadelphia, PA",31838
42045400301,"Upper Darby, PA",31797
42101005000,"South Philadelphia East, Philadelphia, PA",31714
42101031102,"Oxford Circle/ Castor, Philadelphia, PA",31555
42045402800,"Sharon Hill, PA",31550
34005701103,"Burlington, NJ",31489
42017100500,"Bristol, PA",31434
42101001002,"Center City, Philadelphia, PA",31412
42101030200,"Frankford, Philadelphia, PA",31384
42101006100,"Elmwood, Philadelphia, PA",31320
34005701104,"Burlington, NJ",31198
42091204102,"Conshohocken, PA",31114
42101003901,"South Philadelphia, Philadelphia, PA",31071
42101038000,"Frankford, Philadelphia, PA",31070
42101006400,"Elmwood, Philadelphia, PA",31053
34007610500,"Pennsauken Township, NJ",31027
42101001700,"Queen Village, Philadelphia, PA",30909
42101032300,"Northeast Philadelphia, Philadelphia, PA",30894
42101020700,"East Falls, Philadelphia, PA",30634
42017100307,"Croydon, PA",30475
34005702801,"Willingboro, NJ",30444
42101006000,"Southwest Philadelphia, Philadelphia, PA",30421
34005701201,"Burlington, NJ",30421
42101019000,"North Philadelphia, Philadelphia, PA",30421
42101027000,"North Philadelphia, Philadelphia, PA",30405
42045400302,"Lansdowne, PA",30397
42045401402,"Drexel Hill, Upper Darby, PA",30391
42101032900,"Holmesburg, Philadelphia, PA",30383
34007605200,"Gloucester City, NJ",30304
42045404300,"Eddystone, PA",30241
34015500202,"Woodbury, NJ",30240
42101031800,"Oxford Circle/ Castor, Philadelphia, PA",30133
42101021400,"Manayunk, Philadelphia, PA",30006
34005702811,"Willingboro, NJ",29999
42045400801,"Upper Darby, PA",29973
42101012204,"Wynnefield Heights, Philadelphia, PA",29963
42017100402,"Levittown, PA",29940
42101027200,"North Philadelphia, Philadelphia, PA",29899
42101009000,"Powelton Village, Philadelphia, PA",29889
42101037600,"North Philadelphia, Philadelphia, PA",29828
42101013402,"Fairmount, Philadelphia, PA",29801
42091205807,"King of Prussia, PA",29771
42101019100,"Juniata Park/ Feltonville, Philadelphia, PA",29734
42045402000,"Lansdowne, PA",29707
42091203602,"Norristown, PA",29694
42101029800,"Northeast Philadelphia, Philadelphia, PA",29640
42091202500,"Montgomery County, PA",29615
34005702807,"Willingboro, NJ",29466
34005702805,"Willingboro, NJ",29460
42045406300,"Brookhaven, PA",29428
34005700104,"Palmyra, NJ",29421
42101038200,"Harrowgate, Philadelphia, PA",29418
42101004102,"South Philadelphia, Philadelphia, PA",29396
34005700401,"Maple Shade Township, NJ",29341
42101013602,"Brewerytown, Philadelphia, PA",29332
42101030100,"Frankford, Philadelphia, PA",29262
42091205806,"King of Prussia, PA",29243
34007607300,"Magnolia, NJ",29240
42045403701,"Essington, Tinicum Township, PA",29236
42101027402,"North Philadelphia, Philadelphia, PA",29200
34005702803,"Willingboro, NJ",29134
42101034600,"Northeast Philadelphia, Philadelphia, PA",29102
42045403402,"Folcroft, PA",29048
42101029200,"Lawncrest, Philadelphia, PA",29044
42101012201,"Wynnefield Heights, Philadelphia, PA",29002
42101028901,"Juniata Park/ Feltonville, Philadelphia, PA",28999
34005702806,"Willingboro, NJ",28979
42101039000,"Northeast Philadelphia, Philadelphia, PA",28930
42101000804,"Center City, Philadelphia, PA",28913
42101001101,"Center City, Philadelphia, PA",28904
34007603002,"Pennsauken Township, NJ",28848
42017100304,"Levittown, PA",28766
42101009802,"Overbrook, Philadelphia, PA",28679
34007603001,"Merchantville, NJ",28657
42045402200,"Yeadon, PA",28655
42045404400,"Chester, PA",28635
42091203803,"Norristown, PA",28549
42101011700,"West Philadelphia, Philadelphia, PA",28515
34015501101,"Westville, NJ",28492
42045402100,"Lansdowne, PA",28426
42101027500,"North Philadelphia, Philadelphia, PA",28410
42101038100,"Northeast Philadelphia, Philadelphia, PA",28321
42101008702,"West Philadelphia, Philadelphia, PA",28263
34005702809,"Willingboro, NJ",28178
42101001800,"Bella Vista, Philadelphia, PA",28113
42091203500,"Norristown, PA",28109
42101006200,"Southwest Philadelphia, Philadelphia, PA",28107
42101028902,"Juniata Park/ Feltonville, Philadelphia, PA",28064
42101012100,"Wynnefield, Philadelphia, PA",28020
42101028500,"North Philadelphia, Philadelphia, PA",28019
42091203700,"Norristown, PA",27992
34007611000,"Gloucester City, NJ",27891
42091203801,"Norristown, PA",27856
34007610800,"Pennsauken Township, NJ",27829
42091201603,"Willow Grove, PA",27795
42101017900,"North Philadelphia, Philadelphia, PA",27687
42101016000,"North Philadelphia, Philadelphia, PA",27661
42101012500,"North Philadelphia, Philadelphia, PA",27605
42101025600,"East Mount Airy, Philadelphia, PA",27596
42091204008,"Conshohocken, PA",27547
42101006700,"Elmwood, Philadelphia, PA",27547
42101025400,"East Mount Airy, Philadelphia, PA",27516
42101010000,"West Philadelphia, Philadelphia, PA",27488
42101028800,"Juniata Park/ Feltonville, Philadelphia, PA",27443
34005701204,"Burlington, NJ",27360
42091203902,"Norristown, PA",27360
42101005500,"Eastwick, Philadelphia, PA",27319
42091202401,"Elkins Park, PA",27316
42101028700,"Hunting Park, Philadelphia, PA",27273
42101008601,"Garden Court, Philadelphia, PA",27213
42017100303,"Bristol, PA",27107
42101029400,"Frankford, Philadelphia, PA",27061
42101003702,"South Philadelphia, Philadelphia, PA",27020
42101028600,"North Philadelphia, Philadelphia, PA",26990
34007606600,"Haddonfield, NJ",26942
34005702808,"Willingboro, NJ",26940
42101026200,"North Philadelphia, Philadelphia, PA",26919
34005702802,"Willingboro, NJ",26919
34005701205,"Burlington, NJ",26881
34005700900,"Beverly, NJ",26820
42101008802,"West Philadelphia, Philadelphia, PA",26789
42101014400,"North Philadelphia, Philadelphia, PA",26719
42045408300,"Haverford, PA",26714
42045402300,"Lansdowne, PA",26631
42101026100,"North Philadelphia, Philadelphia, PA",26592
42101003600,"Grays Ferry, Philadelphia, PA",26510
42101004101,"South Philadelphia, Philadelphia, PA",26373
42101019200,"North Philadelphia, Philadelphia, PA",26302
42101025300,"East Mount Airy, Philadelphia, PA",26284
34007604100,"Oaklyn, NJ",26253
34007602503,"Pennsauken Township, NJ",26245
42091203804,"Norristown, PA",26174
42101029300,"Frankford, Philadelphia, PA",26128
42101017701,"North Philadelphia, Philadelphia, PA",26125
34015500400,"Paulsboro, NJ",26116
42101018800,"Harrowgate, Philadelphia, PA",26087
42101004201,"South Philadelphia, Philadelphia, PA",26056
42101006300,"Southwest Philadelphia, Philadelphia, PA",26045
34007607402,"Somerdale, NJ",26044
42101023900,"Northwest Philadelphia, Philadelphia, PA",26025
42101014200,"North Philadelphia, Philadelphia, PA",26018
42017100700,"Bristol, PA",25984
42101002500,"South Philadelphia, Philadelphia, PA",25921
42101009801,"Overbrook, Philadelphia, PA",25918
42101025900,"North Philadelphia, Philadelphia, PA",25814
42101029900,"Frankford, Philadelphia, PA",25756
42045402500,"Darby, PA",25672
42101007900,"Cedar Park, Philadelphia, PA",25669
42101017800,"North Philadelphia, Philadelphia, PA",25583
42101020800,"East Falls, Philadelphia, PA",25572
42091205300,"Ardmore, PA",25554
42101038900,"Northwest Philadelphia, Philadelphia, PA",25532
42101037500,"Overbrook, Philadelphia, PA",25366
42101011500,"Overbrook, Philadelphia, PA",25362
42101030000,"Frankford, Philadelphia, PA",25285
42101013500,"Fairmount, Philadelphia, PA",25215
42101015700,"Norris Square, Philadelphia, PA",25210
42101007800,"West Philadelphia, Philadelphia, PA",25176
42101026400,"North Philadelphia, Philadelphia, PA",25156
42101027800,"Olney-Oak Lane, Philadelphia, PA",25126
42045402900,"Sharon Hill, PA",25062
42101002701,"Dickinson Narrows, Philadelphia, PA",25021
42101009100,"West Powelton, Philadelphia, PA",24977
42101008000,"West Philadelphia, Philadelphia, PA",24949
42101026800,"North Philadelphia, Philadelphia, PA",24930
42101016100,"East Kensington, Philadelphia, PA",24921
42101028200,"Logan/ Ogontz/ Fern Rock, Philadelphia, PA",24889
42101011400,"Overbrook, Philadelphia, PA",24819
42101026301,"North Philadelphia, Philadelphia, PA",24818
42101011200,"Carroll Park, Philadelphia, PA",24693
42101008701,"Spruce Hill, Philadelphia, PA",24669
34007601200,"Stockton, Camden, NJ",24627
42101023600,"Mount Airy, Philadelphia, PA",24612
42045402700,"Darby, PA",24534
42101008102,"West Philadelphia, Philadelphia, PA",24532
42101003300,"South Philadelphia, Philadelphia, PA",24510
42101001202,"Center City, Philadelphia, PA",24408
42101011800,"Overbrook, Philadelphia, PA",24334
42101027902,"Belfield, Philadelphia, PA",24333
42101026302,"North Philadelphia, Philadelphia, PA",24333
42101024400,"Germantown, Philadelphia, PA",24328
42101011300,"Overbrook, Philadelphia, PA",24318
42101023700,"Mount Airy, Philadelphia, PA",24285
42101023800,"Northwest Philadelphia, Philadelphia, PA",24276
42101000401,"Center City, Philadelphia, PA",24271
42101025500,"Northwest Philadelphia, Philadelphia, PA",24226
42045402400,"Darby, PA",24189
42101009300,"Haddington, Philadelphia, PA",24143
42101006600,"Elmwood, Philadelphia, PA",23971
42101019502,"Fairhill, Philadelphia, PA",23951
42045406401,"Brookhaven, PA",23872
34007606500,"Lawnside, NJ",23859
42101007200,"Angora, Philadelphia, PA",23844
42101026600,"North Philadelphia, Philadelphia, PA",23756
42101006900,"Southwest Philadelphia, Philadelphia, PA",23754
42101005600,"Southwest Philadelphia, Philadelphia, PA",23732
42045404600,"Chester, PA",23717
42101005400,"Eastwick, Philadelphia, PA",23709
42101028300,"Logan/ Ogontz/ Fern Rock, Philadelphia, PA",23687
42101017000,"North Philadelphia, Philadelphia, PA",23681
42101016200,"Norris Square, Philadelphia, PA",23640
42101017702,"North Philadelphia, Philadelphia, PA",23588
42101008101,"Angora, Philadelphia, PA",23571
42101027901,"North Philadelphia, Philadelphia, PA",23544
34007601102,"Rosedale, Camden, NJ",23497
42091203901,"Norristown, PA",23427
42101002100,"Point Breeze, Philadelphia, PA",23425
42101027600,"Logan/ Ogontz/ Fern Rock, Philadelphia, PA",23386
42101015600,"Norris Square, Philadelphia, PA",23340
42101026700,"North Philadelphia, Philadelphia, PA",23313
42101024000,"Germantown, Philadelphia, PA",23175
42101007101,"Southwest Philadelphia, Philadelphia, PA",23114
34007601000,"Biedman, Camden, NJ",23044
42101011900,"Wynnefield, Philadelphia, PA",23037
42101016300,"North Philadelphia, Philadelphia, PA",23011
34007600900,"Cramer Hill, Camden, NJ",22928
34007601300,"Marlton, Camden, NJ",22859
42101007300,"Southwest Philadelphia, Philadelphia, PA",22811
42101010900,"Mantua, Philadelphia, PA",22809
42045404700,"Chester, PA",22795
42101007700,"Spruce Hill, Philadelphia, PA",22784
42101000600,"Center City, Philadelphia, PA",22750
42101024100,"Germantown, Philadelphia, PA",22737
42101024500,"East Germantown, Philadelphia, PA",22711
42101028100,"Logan/ Ogontz/ Fern Rock, Philadelphia, PA",22646
42101017601,"Fairhill, Philadelphia, PA",22636
42101027700,"Logan/ Ogontz/ Fern Rock, Philadelphia, PA",22602
42101038300,"Hunting Park, Philadelphia, PA",22601
42101024800,"East Germantown, Philadelphia, PA",22591
42101019700,"Hunting Park, Philadelphia, PA",22530
42101008200,"Angora, Philadelphia, PA",22518
42101019501,"Fairhill, Philadelphia, PA",22514
34007601101,"Dudley, Camden, NJ",22491
42101010200,"Haddington, Philadelphia, PA",22413
42101008302,"Cobbs Creek, Philadelphia, PA",22390
42045404500,"Chester, PA",22382
34007610300,"Cooper Grant, Camden, NJ",22330
42101010500,"Mill Creek, Philadelphia, PA",22325
42045405000,"Chester, PA",22285
42101025200,"East Germantown, Philadelphia, PA",22264
42017100403,"Levittown, PA",22237
42101010600,"Haverford North, Philadelphia, PA",22105
42101009500,"Haddington, Philadelphia, PA",22097
42101014600,"North Philadelphia, Philadelphia, PA",21996
42101019800,"Hunting Park, Philadelphia, PA",21985
42101002200,"Newbold, Philadelphia, PA",21960
42101007400,"Southwest Philadelphia, Philadelphia, PA",21931
42101003002,"Newbold, Philadelphia, PA",21928
34007602000,"Fairview, Camden, NJ",21892
42101026000,"North Philadelphia, Philadelphia, PA",21890
42101017201,"Allegheny West, Philadelphia, PA",21888
42101016901,"North Philadelphia, Philadelphia, PA",21861
42101007000,"Southwest Philadelphia, Philadelphia, PA",21855
42101024300,"Germantown, Philadelphia, PA",21844
42101006500,"Philadelphia, PA",21794
42101020500,"North Philadelphia, Philadelphia, PA",21769
42091203601,"Norristown, PA",21749
34007600400,"Bergen Square, Camden, NJ",21737
42101003701,"South Philadelphia, Philadelphia, PA",21724
42101024200,"Germantown, Philadelphia, PA",21693
42101020102,"North Philadelphia, Philadelphia, PA",21687
42101010100,"Carroll Park, Philadelphia, PA",21622
42101012000,"West Philadelphia, Philadelphia, PA",21593
42101015101,"North Philadelphia, Philadelphia, PA",21511
42101019900,"North Philadelphia, Philadelphia, PA",21511
42101024900,"East Germantown, Philadelphia, PA",21467
42101008500,"Cobbs Creek, Philadelphia, PA",21463
42101028400,"North Philadelphia, Philadelphia, PA",21431
42101026500,"North Philadelphia, Philadelphia, PA",21346
42101008400,"Cobbs Creek, Philadelphia, PA",21319
42101017300,"Allegheny West, Philadelphia, PA",21225
42101008602,"Walnut Hill, Philadelphia, PA",21215
42101016800,"North Philadelphia, Philadelphia, PA",21154
42101013800,"Brewerytown, Philadelphia, PA",21116
42101013200,"North Philadelphia, Philadelphia, PA",21082
42101001400,"Graduate Hospital, Philadelphia, PA",21067
42101024600,"East Germantown, Philadelphia, PA",21061
42101001300,"Graduate Hospital, Philadelphia, PA",21041
42101003100,"South Philadelphia, Philadelphia, PA",21002
42101017100,"Allegheny West, Philadelphia, PA",20994
42101015300,"North Philadelphia, Philadelphia, PA",20932
34007601800,"Waterfront South, Camden, NJ",20843
34007601500,"Whitman Park, Camden, NJ",20821
34007610400,"Lanning Square, Camden, NJ",20774
42101028000,"Olney-Oak Lane, Philadelphia, PA",20769
42101013900,"Cecil B. Moore, Philadelphia, PA",20738
34007600800,"Pyne Poynt, Camden, NJ",20696
42101036700,"North Philadelphia, Philadelphia, PA",20671
42101020200,"North Philadelphia, Philadelphia, PA",20651
42101009400,"Haddington, Philadelphia, PA",20625
42101011100,"Carroll Park, Philadelphia, PA",20571
42101009600,"Haddington, Philadelphia, PA",20546
42101008301,"Cobbs Creek, Philadelphia, PA",20459
42101010400,"Mill Creek, Philadelphia, PA",20393
42101010700,"Belmont, Philadelphia, PA",20323
42045404800,"Chester, PA",20320
42101020000,"North Philadelphia, Philadelphia, PA",20295
42101014700,"Cecil B. Moore, Philadelphia, PA",20278
42045405100,"Chester, PA",20206
42101007102,"Southwest Philadelphia, Philadelphia, PA",20188
42101003200,"Point Breeze, Philadelphia, PA",20187
42101013100,"North Philadelphia, Philadelphia, PA",20178
42101009200,"West Powelton, Philadelphia, PA",20176
42101017500,"Fairhill, Philadelphia, PA",20117
42045406402,"Chester, PA",20041
42101013700,"Brewerytown, Philadelphia, PA",20001
42101010300,"Haddington, Philadelphia, PA",19963
42101024700,"East Germantown, Philadelphia, PA",19924
42101017602,"Fairhill, Philadelphia, PA",19796
42101020300,"North Philadelphia, Philadelphia, PA",19788
34007600200,"Gateway, Camden, NJ",19760
42101014500,"Ludlow, Philadelphia, PA",19754
42101014900,"North Philadelphia, Philadelphia, PA",19689
42101015200,"Cecil B. Moore, Philadelphia, PA",19673
42101020101,"North Philadelphia, Philadelphia, PA",19664
42101010800,"Mantua, Philadelphia, PA",19653
34007601700,"Centerville, Camden, NJ",19590
34007601900,"Morgan Village, Camden, NJ",19553
42101011000,"East Parkside, Philadelphia, PA",19347
42101001900,"Graduate Hospital, Philadelphia, PA",19260
42101016500,"North Philadelphia, Philadelphia, PA",19212
42101013300,"Fairmount, Philadelphia, PA",19197
42045404900,"Chester, PA",19154
42101020400,"North Philadelphia, Philadelphia, PA",19143
42101001500,"South Philadelphia, Philadelphia, PA",19121
34007601400,"Parkside, Camden, NJ",19071
42101016400,"North Philadelphia, Philadelphia, PA",19012
42101014800,"Cecil B. Moore, Philadelphia, PA",18888
34007600700,"Cooper Point, Camden, NJ",18872
34007601600,"Liberty Park, Camden, NJ",18738
42101015102,"North Philadelphia, Philadelphia, PA",18604
42101017202,"Allegheny West, Philadelphia, PA",18583
42101036900,"University City, Philadelphia, PA",18426
42101002000,"Point Breeze, Philadelphia, PA",18401
42101016902,"North Philadelphia, Philadelphia, PA",18081
42101017400,"North Philadelphia, Philadelphia, PA",18081
42101014100,"Ludlow, Philadelphia, PA",18045
42101016600,"North Philadelphia, Philadelphia, PA",18033
42101014000,"Cecil B. Moore, Philadelphia, PA",17841
42101037700,"North Philadelphia, Philadelphia, PA",17797
42101016701,"North Philadelphia, Philadelphia, PA",17213
42101016702,"Glenwood, Philadelphia, PA",17070
42101980500,"Hunting Park, Philadelphia, PA",
42101036400,"Northeast Philadelphia, Philadelphia, PA",
42101980800,"West Philadelphia, Philadelphia, PA",
42101980400,"Southwest Philadelphia, Philadelphia, PA",
42101980100,"Northwest Philadelphia, Philadelphia, PA",
42101980900,"Eastwick, Philadelphia, PA",
42101980600,"South Philadelphia, Philadelphia, PA",
42101980700,"South Philadelphia, Philadelphia, PA",
42101980300,"Northeast Philadelphia, Philadelphia, PA",
42101989100,"Holmesburg, Philadelphia, PA",
42101012203,"Wynnefield Heights, Philadelphia, PA",
42101980200,"Northeast Philadelphia, Philadelphia, PA",
42101980000,"Fairmount Park, Philadelphia, PA",