﻿"tract","Name","Household_Income_rP_gP_p50"
42101980200,"Northeast Philadelphia, Philadelphia, PA",71846
42091204800,"Gladwyne, PA",70795
42091201404,"Fort Washington, PA",67839
42029300106,"Chesterbrook, PA",67507
42091201406,"Dresher, PA",66796
42045401000,"Drexel Hill, Upper Darby, PA",65994
34005700505,"Moorestown, NJ",65618
34007603506,"Greentree, Cherry Hill, NJ",64949
42101008801,"West Philadelphia, Philadelphia, PA",64273
42029300107,"Malvern, PA",64116
34007603507,"Cherry Hill, NJ",64033
42091206006,"Eagleville, PA",63853
34005704008,"Evesham Township, NJ",63587
42045408900,"Havertown, PA",63561
34007606200,"Haddonfield, NJ",63540
42045407805,"Springfield, PA",63222
42045407804,"Springfield, PA",62783
42045407803,"Springfield, PA",62728
42101035602,"Bustleton, Philadelphia, PA",62565
34005702907,"Mount Laurel, NJ",62451
42091204010,"Plymouth Meeting, PA",62418
42045409701,"Villanova, PA",62405
42045407404,"Wallingford, Nether Providence Township, PA",62370
34007607503,"Voorhees Township, NJ",62099
42045409802,"Strafford, PA",61924
42091205503,"Penn Wynne, Wynnewood, PA",61725
42101035900,"Northeast Philadelphia, Philadelphia, PA",61638
42091210300,"Flourtown, PA",61099
42091203208,"Blue Bell, PA",61095
42091200104,"Montgomery County, PA",60877
42045409803,"Wayne, PA",60325
42045408001,"Broomall, PA",60280
42091201501,"Montgomery County, PA",59985
42091203207,"Blue Bell, PA",59801
42091203103,"Lafayette Hill, PA",59785
34007607504,"Voorhees Township, NJ",59694
42091202100,"Jenkintown, PA",59694
42045409702,"Villanova, PA",59668
42045403902,"Ridley Park, PA",59577
42091204500,"Merion Station, PA",59560
34007603504,"Cherry Hill, NJ",59542
42045409200,"Havertown, PA",59468
42091205808,"King of Prussia, PA",59460
42091203105,"Lafayette Hill, PA",59448
42045409902,"Newtown Square, PA",59101
42045409300,"Havertown, PA",59003
42017100104,"Northeast Philadelphia, Philadelphia, PA",58964
42045408600,"Havertown, PA",58857
42101035601,"Bustleton, Philadelphia, PA",58735
34007610600,"Pennsauken Township, NJ",58712
34007603501,"Greentree, Cherry Hill, NJ",58688
42101035500,"Bustleton, Philadelphia, PA",58655
34005702908,"Mount Laurel, NJ",58599
42045400900,"Drexel Hill, Upper Darby, PA",58538
42045401103,"Drexel Hill, Upper Darby, PA",58536
42045408101,"Broomall, PA",58340
34005700605,"Delran, NJ",58267
34005704006,"Greentree, Cherry Hill, NJ",58263
42045409400,"Havertown, PA",58206
42101035701,"Bustleton, Philadelphia, PA",58190
42029300104,"Berwyn, PA",58184
42045407801,"Springfield, PA",58087
34005703102,"Lumberton, NJ",58019
34005703801,"Medford, NJ",58012
42091205502,"Wynnewood, PA",57914
42045408102,"Broomall, PA",57913
42045407806,"Springfield, PA",57785
42091210100,"Oreland, PA",57760
42029300301,"Newtown Square, PA",57745
42045409500,"Drexel Hill, Havertown, PA",57730
42091204400,"Bala Cynwyd, PA",57551
42091201502,"Meadowbrook, PA",57524
42101034400,"Bustleton, Philadelphia, PA",57491
42101036502,"Northeast Philadelphia, Philadelphia, PA",57290
34005700307,"Cinnaminson, NJ",57233
34005702918,"Mount Laurel, NJ",57175
42091202301,"Elkins Park, PA",57008
42045407802,"Springfield, PA",56972
34005700305,"Cinnaminson, NJ",56944
42091204900,"Villanova, PA",56844
34005703803,"Medford, NJ",56826
34007603503,"Willowdale, Cherry Hill, NJ",56717
42045409601,"Bryn Mawr, PA",56672
42101034702,"Northeast Philadelphia, Philadelphia, PA",56668
42101034501,"Northeast Philadelphia, Philadelphia, PA",56553
42091200310,"Huntingdon Valley, Willow Grove, PA",56524
42101000803,"Center City, Philadelphia, PA",56497
34007606100,"Haddonfield, NJ",56473
34005704014,"Evesham Township, NJ",56357
42045401501,"Clifton Heights, PA",56322
42029300108,"Shand Tract, Devon, PA",56222
42045407102,"Media, PA",56143
42091204702,"Bala Cynwyd, PA",56102
42017100206,"Bensalem, PA",56100
42101035800,"Northeast Philadelphia, Philadelphia, PA",56027
42045407902,"Media, PA",55962
42101038500,"Chestnut Hill, Philadelphia, PA",55961
42101035702,"Bustleton, Philadelphia, PA",55959
34005704011,"Marlton, Evesham Township, NJ",55948
42045410602,"Folsom, PA",55781
34005702917,"Mount Laurel, NJ",55692
42101013601,"Fairmount, Philadelphia, PA",55687
42045406903,"Aston, PA",55632
34007607505,"Voorhees Township, NJ",55514
42045408700,"Havertown, PA",55469
42091201608,"Abington, PA",55468
42101023100,"Chestnut Hill, Philadelphia, PA",55466
42091201705,"Glenside, PA",55278
42091204009,"Plymouth Meeting, PA",55253
42091205809,"King of Prussia, PA",55179
42045401200,"Drexel Hill, Upper Darby, PA",55138
34005704013,"Cambridge Park, Evesham Township, NJ",55103
42091210500,"Wyndmoor, PA",54976
42045410500,"Upper Darby, PA",54907
42045408103,"Broomall, PA",54888
42101036000,"Northeast Philadelphia, Philadelphia, PA",54875
42091202302,"Elkins Park, PA",54872
34007606000,"Haddon Heights, NJ",54866
42045408002,"Media, PA",54775
34005702905,"Ramblewood, Mount Laurel, NJ",54716
42101035200,"Northeast Philadelphia, Philadelphia, PA",54683
42045410000,"Delaware County, PA",54610
34007603302,"Cherry Hill, NJ",54607
42045407901,"Media, PA",54379
42091205805,"King of Prussia, PA",54260
42101033702,"Northeast Philadelphia, Philadelphia, PA",54142
42091210200,"Oreland, PA",54112
42091201411,"Fort Washington, PA",54108
34005704005,"Marlton, Evesham Township, NJ",54072
42101031600,"Northeast Philadelphia, Philadelphia, PA",53957
42045409602,"Bryn Mawr, PA",53956
42045409000,"Drexel Hill, Havertown, PA",53939
42101034200,"Fox Chase/ Burholme, Philadelphia, PA",53939
42091202000,"Rockledge, PA",53935
34007603303,"Erlton-Ellisburg, Cherry Hill, NJ",53792
42091201901,"Rydal, PA",53687
42091200106,"Montgomery County, PA",53649
42091202201,"Montgomery County, PA",53608
42101000300,"Center City, Philadelphia, PA",53597
42045409903,"Newtown Square, PA",53510
42101000200,"Center City, Philadelphia, PA",53377
42101001201,"Center City, Philadelphia, PA",53334
34005704007,"Marlton, Evesham Township, NJ",53321
42091204701,"Penn Valley, PA",53313
42101030800,"Oxford Circle/ Castor, Philadelphia, PA",53300
34005703900,"Medford, NJ",53278
42101036203,"Millbrook, Philadelphia, PA",53147
42045407101,"Media, PA",53128
42045400600,"Upper Darby, PA",53107
34007605900,"Haddon Heights, NJ",53035
34007603400,"Barclay-Kingston, Cherry Hill, NJ",53025
34007607502,"Echelon, Voorhees Township, NJ",52956
42045407201,"Media, PA",52887
42045401104,"Drexel Hill, Upper Darby, PA",52860
34007605602,"Audubon, NJ",52838
42045408500,"Havertown, PA",52831
42101021200,"Northwest Philadelphia, Philadelphia, PA",52800
42101031502,"Mayfair, Philadelphia, PA",52799
42091201706,"Glenside, PA",52752
34007606400,"Haddonfield, NJ",52668
42091200309,"Willow Grove, PA",52654
34005703804,"Medford, NJ",52597
42101034701,"Northeast Philadelphia, Philadelphia, PA",52561
42101036301,"Northeast Philadelphia, Philadelphia, PA",52547
34005700504,"Moorestown-Lenola, Moorestown, NJ",52500
42045409100,"Havertown, PA",52469
42101033701,"Northeast Philadelphia, Philadelphia, PA",52412
42045409904,"Newtown Square, PA",52409
34007603603,"Barclay-Kingston, Cherry Hill, NJ",52331
34005704012,"Marlton, Evesham Township, NJ",52187
42045401302,"Drexel Hill, Upper Darby, PA",52170
42091201703,"Glenside, PA",52143
42091205903,"Wayne, PA",52135
42017106000,"Penndel, PA",52002
42045408800,"Ardmore, PA",51993
34005700602,"Riverside, NJ",51990
34007603800,"Haddon Township, NJ",51936
42045403901,"Ridley Park, PA",51884
42091204101,"Conshohocken, PA",51871
42091201800,"Jenkintown, PA",51820
42101002702,"Pennsport, Philadelphia, PA",51736
42045403001,"Briarcliffe, Glenolden, PA",51727
42045401900,"Lansdowne, PA",51569
34005703802,"Medford, NJ",51542
42101033600,"Northeast Philadelphia, Philadelphia, PA",51533
34007603601,"Ashland, Cherry Hill, NJ",51508
42045403602,"Norwood, PA",51477
42101033500,"Northeast Philadelphia, Philadelphia, PA",51472
42101031000,"Oxford Circle/ Castor, Philadelphia, PA",51446
42101022000,"Northwest Philadelphia, Philadelphia, PA",51389
42101035302,"Morrell Park, Philadelphia, PA",51385
42045401101,"Drexel Hill, Upper Darby, PA",51320
34007603505,"Ashland, Cherry Hill, NJ",51315
42101002802,"East Passyunk Crossing, Philadelphia, PA",51278
42101037900,"North Philadelphia, Philadelphia, PA",51132
34007605800,"Haddon Heights, NJ",51106
34005700200,"Riverton, NJ",51081
42091200105,"Montgomery County, PA",51053
42091204600,"Penn Valley, PA",50900
42029300101,"Wayne, PA",50879
42091201902,"Elkins Park, PA",50797
34005702914,"Mount Laurel, NJ",50736
42029300109,"Wayne, PA",50692
42091203304,"Norristown, PA",50681
42091205400,"Wynnewood, PA",50680
42101013401,"Fairmount, Philadelphia, PA",50669
34007606800,"Bellmawr, NJ",50665
34005700306,"Cinnaminson, NJ",50591
42045406201,"Brookhaven, PA",50590
34007606300,"Haddonfield, NJ",50513
42101036303,"Northeast Philadelphia, Philadelphia, PA",50509
42017100212,"Bensalem, PA",50468
42101021800,"Roxborough-Manayunk, Philadelphia, PA",50446
42101000902,"Center City, Philadelphia, PA",50416
42101034100,"Fox Chase/ Burholme, Philadelphia, PA",50370
42101033102,"Holmesburg, Philadelphia, PA",50319
34007603902,"Haddon Township, NJ",50255
42045407501,"Media, PA",50253
42101036600,"Center City, Philadelphia, PA",50233
42101033101,"Holmesburg, Philadelphia, PA",50158
34005700501,"Moorestown-Lenola, Moorestown, NJ",50105
42045403103,"Collingdale, PA",50092
42101038400,"Northwest Philadelphia, Philadelphia, PA",50081
42045401401,"Drexel Hill, Upper Darby, PA",50056
42045400700,"Upper Darby, PA",50008
42101034000,"Fox Chase/ Burholme, Philadelphia, PA",49958
42091203000,"Fort Washington, PA",49948
42101033300,"Northeast Philadelphia, Philadelphia, PA",49883
34005700408,"Maple Shade Township, NJ",49880
42091205200,"Haverford, PA",49866
34005704009,"Evesham Township, NJ",49807
42029300201,"Berwyn, PA",49761
42045404004,"Morton, PA",49701
42091205100,"Bryn Mawr, PA",49686
42091202202,"Montgomery County, PA",49683
42101034801,"Northeast Philadelphia, Philadelphia, PA",49652
34005704004,"Marlton, Evesham Township, NJ",49647
34007602901,"Pennsauken Township, NJ",49645
42091210600,"Plymouth Meeting, PA",49556
42101033200,"Mayfair, Philadelphia, PA",49516
42091203402,"Norristown, PA",49505
42045404101,"Swarthmore, PA",49504
34005702915,"Mount Laurel, NJ",49452
42101030700,"Lawncrest, Philadelphia, PA",49385
42101021600,"Northwest Philadelphia, Philadelphia, PA",49316
42017101401,"Feasterville-Trevose, PA",49250
42045400802,"Drexel Hill, Upper Darby, PA",49134
42101036201,"Morrell Park, Philadelphia, PA",49128
42091205801,"King of Prussia, PA",49102
42045406202,"Brookhaven, PA",49046
34007607506,"Echelon, Voorhees Township, NJ",49033
34007605400,"Mount Ephraim, NJ",48976
42045403501,"Glenolden, PA",48861
42091204002,"Plymouth Meeting, PA",48834
42101034803,"Northeast Philadelphia, Philadelphia, PA",48828
34005702909,"Mount Laurel, NJ",48820
42045406100,"Brookhaven, PA",48757
42045410601,"Folsom, PA",48751
42101021500,"Manayunk, Philadelphia, PA",48749
42101031402,"Oxford Circle/ Castor, Philadelphia, PA",48710
42045408400,"Haverford, PA",48702
42101018002,"North Philadelphia, Philadelphia, PA",48675
42045403200,"Aldan, PA",48651
34007605300,"Brooklawn, NJ",48593
42091206005,"Trooper, PA",48581
42029300202,"Berwyn, PA",48580
34005701303,"Bordentown, NJ",48561
42045410800,"Wallingford, Nether Providence Township, PA",48553
34005702913,"Mount Laurel, NJ",48472
34007603602,"Barclay-Kingston, Cherry Hill, NJ",48378
42101036202,"Millbrook, Philadelphia, PA",48369
42101036100,"Northeast Philadelphia, Philadelphia, PA",48349
42101036501,"Northeast Philadelphia, Philadelphia, PA",48334
42101035301,"Morrell Park, Philadelphia, PA",48308
42017100207,"Bensalem, PA",48272
42101032600,"Northeast Philadelphia, Philadelphia, PA",48260
42101033800,"Fox Chase/ Burholme, Philadelphia, PA",48205
42091205600,"Narberth, PA",48100
42091200200,"Huntingdon Valley, Bryn Athyn, PA",48042
42091205906,"King of Prussia, PA",48030
42101037300,"Packer Park, Philadelphia, PA",48018
34005700603,"Delran, NJ",47958
42101001001,"Center City, Philadelphia, PA",47952
34007605700,"Audubon, NJ",47911
42091203403,"Eagleville, PA",47897
34007603301,"Cherry Hill, NJ",47751
42045403002,"Briarcliffe, Glenolden, PA",47740
34005700701,"Riverside, NJ",47708
42101003800,"Girard Estates, Philadelphia, PA",47675
42091206007,"Eagleville, PA",47673
42101020600,"East Falls, Philadelphia, PA",47588
34007604400,"Collingswood, NJ",47565
42045407202,"Media, PA",47538
34007606700,"Barrington, NJ",47530
42045403800,"Prospect Park, PA",47491
42045403601,"Norwood, PA",47480
42091203104,"Lafayette Hill, PA",47437
42091202602,"Wyncote, PA",47349
42101033000,"Holmesburg, Philadelphia, PA",47332
42091201704,"Glenside, PA",47330
34007607200,"Runnemede, NJ",47264
42091204007,"Conshohocken, PA",47240
42017100201,"Trevose, Feasterville-Trevose, PA",47226
42101034502,"Bustleton, Philadelphia, PA",47214
42017100306,"Bristol, PA",47180
42091201607,"Abington, PA",47051
34007604200,"Collingswood, NJ",47024
42045406902,"Aston, PA",47003
34007603700,"Erlton-Ellisburg, Cherry Hill, NJ",46966
42017100210,"Bensalem, PA",46927
42101001600,"Queen Village, Philadelphia, PA",46882
42101033400,"Northeast Philadelphia, Philadelphia, PA",46876
42101002900,"Passyunk Square, Philadelphia, PA",46875
42045406801,"Aston, PA",46804
42101018300,"Bridesburg, Philadelphia, PA",46801
34007607100,"Runnemede, NJ",46796
34007611700,"Mount Ephraim, NJ",46776
34005700304,"Cinnaminson, NJ",46771
42101021300,"Manayunk, Philadelphia, PA",46743
42101032000,"Northeast Philadelphia, Philadelphia, PA",46740
42101003902,"South Philadelphia, Philadelphia, PA",46706
42091205904,"Conshohocken, PA",46664
42045407600,"Swarthmore, PA",46657
34005702400,"Jobstown, Mansfield, NJ",46645
34005700405,"Maple Shade Township, NJ",46560
42101034802,"Northeast Philadelphia, Philadelphia, PA",46525
34005703104,"Lumberton, NJ",46496
34007603901,"Haddonfield, NJ",46495
34005702906,"Ramblewood, Mount Laurel, NJ",46467
42045401502,"Clifton Heights, PA",46452
42017100805,"Levittown, PA",46311
34015500201,"West Deptford, NJ",46285
34007604600,"Oaklyn, NJ",46253
42017100209,"Bensalem, PA",46191
42091203303,"East Norriton, PA",46173
42101038700,"Northwest Philadelphia, Philadelphia, PA",46088
42045403300,"Clifton Heights, PA",46079
42101030600,"Lawncrest, Philadelphia, PA",46037
34007603100,"Merchantville, NJ",46002
42091203106,"Conshohocken, PA",45950
34005700502,"Moorestown-Lenola, Moorestown, NJ",45925
42091201605,"Roslyn, Abington, PA",45920
42101000801,"Center City, Philadelphia, PA",45879
34007611600,"Collingswood, NJ",45864
42091203401,"Eagleville, PA",45859
42091204200,"Conshohocken, PA",45838
42045401600,"Lansdowne, PA",45777
42101031501,"Mayfair, Philadelphia, PA",45759
42045406904,"Aston, PA",45713
42091210400,"Glenside, PA",45698
34007604300,"Collingswood, NJ",45617
42101021700,"Northwest Philadelphia, Philadelphia, PA",45607
42101034900,"Holmesburg, Philadelphia, PA",45562
42045404103,"Ridley Park, PA",45562
34007607507,"Echelon, Voorhees Township, NJ",45500
42101001102,"Center City, Philadelphia, PA",45483
34005700403,"Maple Shade Township, NJ",45418
42091205501,"Ardmore, PA",45357
42045403101,"Collingdale, PA",45352
42101031101,"Oxford Circle/ Castor, Philadelphia, PA",45325
42017100105,"Bensalem, PA",45293
42017100102,"Bensalem, PA",45247
34005702910,"Mount Laurel, NJ",45244
42101006100,"Elmwood, Philadelphia, PA",45211
34007603200,"Cherry Hill, NJ",45210
34007604700,"Oaklyn, NJ",45182
34005700102,"Palmyra, NJ",45130
42045400401,"Upper Darby, PA",45127
42101021900,"Roxborough-Manayunk, Philadelphia, PA",45127
42091201407,"Oreland, PA",45110
42101031102,"Oxford Circle/ Castor, Philadelphia, PA",45021
42045407401,"Wallingford, Nether Providence Township, PA",45002
42101033900,"Fox Chase/ Burholme, Philadelphia, PA",45002
42045407903,"Media, PA",44953
42045401301,"Drexel Hill, Upper Darby, PA",44834
42101031700,"Mayfair, Philadelphia, PA",44826
42101021100,"Northwest Philadelphia, Philadelphia, PA",44804
34007611100,"Bellmawr, NJ",44804
42101029100,"Lawncrest, Philadelphia, PA",44760
42045401700,"Lansdowne, PA",44743
42101031401,"Oxford Circle/ Castor, Philadelphia, PA",44735
34005700503,"Moorestown-Lenola, Moorestown, NJ",44695
34005701102,"Burlington, NJ",44681
42045401402,"Drexel Hill, Upper Darby, PA",44680
42017105900,"Levittown, PA",44596
42091201606,"Roslyn, Abington, PA",44534
42101021000,"Manayunk, Philadelphia, PA",44504
34015500300,"National Park, NJ",44401
34005700703,"Riverside, NJ",44341
42101013402,"Fairmount, Philadelphia, PA",44326
34007602601,"Pennsauken Township, NJ",44271
42101038600,"Chestnut Hill, Philadelphia, PA",44270
34007610900,"Audubon, NJ",44237
42101037200,"South Philadelphia, Philadelphia, PA",44204
34005703000,"Hainesport, NJ",44167
42045407700,"Morton, PA",44136
42045400500,"Upper Darby, PA",44104
42101018400,"North Philadelphia, Philadelphia, PA",44051
42017100811,"Langhorne, PA",44043
42101031300,"Oxford Circle/ Castor, Philadelphia, PA",43970
42045401800,"Lansdowne, PA",43961
42017100600,"Bristol, PA",43935
42091204300,"Bala Cynwyd, PA",43908
42101018001,"North Philadelphia, Philadelphia, PA",43841
34005700402,"Maple Shade Township, NJ",43834
42101020900,"Northwest Philadelphia, Philadelphia, PA",43815
42091202402,"Melrose Park, PA",43761
34005701001,"Edgewater Park, NJ",43735
42091205905,"King of Prussia, PA",43665
42101004001,"Lower Moyamensing, Philadelphia, PA",43646
34005700800,"Delanco, NJ",43635
34005700103,"Palmyra, NJ",43626
42101030900,"Oxford Circle/ Castor, Philadelphia, PA",43588
42101019000,"North Philadelphia, Philadelphia, PA",43575
42045404102,"Woodlyn, PA",43508
42101038200,"Harrowgate, Philadelphia, PA",43398
42101006000,"Southwest Philadelphia, Philadelphia, PA",43350
34007605200,"Gloucester City, NJ",43332
34005700303,"Cinnaminson, NJ",43261
42101020700,"East Falls, Philadelphia, PA",43163
34005701002,"Beverly, NJ",43124
34007607000,"Bellmawr, NJ",43080
34005701105,"Burlington, NJ",43055
42017100401,"Levittown, PA",43046
34005700702,"Riverside, NJ",42979
42101030200,"Frankford, Philadelphia, PA",42850
42101030502,"Lawncrest, Philadelphia, PA",42835
42101031900,"Northeast Philadelphia, Philadelphia, PA",42800
42101000402,"Center City, Philadelphia, PA",42771
42091202604,"Glenside, PA",42754
34005701301,"Florence, Florence Township, NJ",42747
42091202603,"Glenside, PA",42714
34015501102,"Woodbury, NJ",42650
34007605100,"Gloucester City, NJ",42627
42045404003,"Clifton Heights, PA",42615
34007602902,"Pennsauken Township, NJ",42530
42017100103,"Bensalem, PA",42521
42017100307,"Croydon, PA",42385
42101032300,"Northeast Philadelphia, Philadelphia, PA",42371
34015500205,"Thorofare, West Deptford, NJ",42357
42101004202,"South Philadelphia, Philadelphia, PA",42345
42045400402,"Upper Darby, PA",42338
42091204008,"Conshohocken, PA",42336
42101026900,"North Philadelphia, Philadelphia, PA",42321
42101001002,"Center City, Philadelphia, PA",42235
42101000700,"Center City, Philadelphia, PA",42091
42101038800,"Mount Airy, Philadelphia, PA",42083
34005702700,"Westampton, NJ",42060
42045403502,"Glenolden, PA",42023
42101021400,"Manayunk, Philadelphia, PA",41985
42017100500,"Bristol, PA",41956
42101030501,"Lawncrest, Philadelphia, PA",41905
42101035100,"Northeast Philadelphia, Philadelphia, PA",41902
42017100208,"Bensalem, PA",41859
34005701203,"Burlington, NJ",41776
42101009000,"Powelton Village, Philadelphia, PA",41683
42101001101,"Center City, Philadelphia, PA",41600
42101029800,"Northeast Philadelphia, Philadelphia, PA",41586
34015500202,"Woodbury, NJ",41547
34005701201,"Burlington, NJ",41469
42101000804,"Center City, Philadelphia, PA",41438
42101032500,"Northeast Philadelphia, Philadelphia, PA",41425
42101038000,"Frankford, Philadelphia, PA",41353
42101029000,"North Philadelphia, Philadelphia, PA",41279
42045403402,"Folcroft, PA",41224
42045402800,"Sharon Hill, PA",41177
34007606600,"Haddonfield, NJ",41160
34015500100,"Westville, NJ",41138
42101019100,"Juniata Park/ Feltonville, Philadelphia, PA",41117
42101014300,"Fishtown, Philadelphia, PA",41116
42101027401,"North Philadelphia, Philadelphia, PA",41091
42045400302,"Lansdowne, PA",41043
42101002300,"Passyunk Square, Philadelphia, PA",41029
42101006700,"Elmwood, Philadelphia, PA",40940
42045403104,"Collingdale, PA",40936
42101032900,"Holmesburg, Philadelphia, PA",40920
42045403701,"Essington, Tinicum Township, PA",40887
42091205000,"Bryn Mawr, PA",40866
42101025700,"Chestnut Hill, Philadelphia, PA",40857
42101013602,"Brewerytown, Philadelphia, PA",40857
42101027100,"North Philadelphia, Philadelphia, PA",40836
42091204102,"Conshohocken, PA",40822
42091205807,"King of Prussia, PA",40706
42045403401,"Folcroft, PA",40646
42017100404,"Levittown, PA",40634
34005700401,"Maple Shade Township, NJ",40568
42017100302,"Croydon, PA",40528
34005701104,"Burlington, NJ",40487
42101004201,"South Philadelphia, Philadelphia, PA",40466
42017100402,"Levittown, PA",40415
42101000100,"Center City, Philadelphia, PA",40395
42045402600,"Darby, PA",40333
42091201603,"Willow Grove, PA",40330
42101006400,"Elmwood, Philadelphia, PA",40310
42101036302,"Northeast Philadelphia, Philadelphia, PA",40138
42101031800,"Oxford Circle/ Castor, Philadelphia, PA",40134
42091205700,"Bridgeport, PA",40102
34007602602,"Pennsauken Township, NJ",40085
42101004002,"Lower Moyamensing, Philadelphia, PA",40072
34007607300,"Magnolia, NJ",40045
42101031200,"Oxford Circle/ Castor, Philadelphia, PA",40037
42101039000,"Northeast Philadelphia, Philadelphia, PA",39931
42101023500,"Mount Airy, Philadelphia, PA",39882
42101030100,"Frankford, Philadelphia, PA",39700
42101003901,"South Philadelphia, Philadelphia, PA",39687
42045408300,"Haverford, PA",39678
42091201604,"Roslyn, Abington, PA",39661
42101006200,"Southwest Philadelphia, Philadelphia, PA",39618
42045407502,"Media, PA",39536
42101017900,"North Philadelphia, Philadelphia, PA",39532
42045403702,"Essington, Tinicum Township, PA",39508
42101027300,"North Philadelphia, Philadelphia, PA",39498
34007603001,"Merchantville, NJ",39369
42101027000,"North Philadelphia, Philadelphia, PA",39362
42045406300,"Brookhaven, PA",39290
34005701103,"Burlington, NJ",39222
42091203803,"Norristown, PA",39060
42101002400,"Bella Vista, Philadelphia, PA",39033
34005702810,"Willingboro, NJ",39012
42101012204,"Wynnefield Heights, Philadelphia, PA",38978
42045400801,"Upper Darby, PA",38847
34007610500,"Pennsauken Township, NJ",38707
42091203801,"Norristown, PA",38684
42101003001,"Newbold, Philadelphia, PA",38622
42101016000,"North Philadelphia, Philadelphia, PA",38620
42101025800,"North Philadelphia, Philadelphia, PA",38617
42101012100,"Wynnefield, Philadelphia, PA",38614
42101015800,"Fishtown, Philadelphia, PA",38464
42101005000,"South Philadelphia East, Philadelphia, PA",38390
34007611000,"Gloucester City, NJ",38388
42045402000,"Lansdowne, PA",38386
42101008702,"West Philadelphia, Philadelphia, PA",38368
42017100304,"Levittown, PA",38265
42101001700,"Queen Village, Philadelphia, PA",38258
34015501101,"Westville, NJ",38257
34005701205,"Burlington, NJ",38202
42101008601,"Garden Court, Philadelphia, PA",38136
42101037800,"North Philadelphia, Philadelphia, PA",38052
42101002801,"South Philadelphia, Philadelphia, PA",38028
42101000500,"Center City, Philadelphia, PA",38017
42091205300,"Ardmore, PA",37999
42101009802,"Overbrook, Philadelphia, PA",37998
42101012500,"North Philadelphia, Philadelphia, PA",37988
42101003600,"Grays Ferry, Philadelphia, PA",37980
42101029200,"Lawncrest, Philadelphia, PA",37974
42045400301,"Upper Darby, PA",37882
42101000901,"Center City, Philadelphia, PA",37765
34005701204,"Burlington, NJ",37737
42101020800,"East Falls, Philadelphia, PA",37712
42091202500,"Montgomery County, PA",37531
42101032100,"Northeast Philadelphia, Philadelphia, PA",37506
42045404300,"Eddystone, PA",37458
42101001202,"Center City, Philadelphia, PA",37388
42101025600,"East Mount Airy, Philadelphia, PA",37306
34005700407,"Maple Shade Township, NJ",37304
42017100303,"Bristol, PA",37231
34005702809,"Willingboro, NJ",37081
42091203700,"Norristown, PA",37073
42101002200,"Newbold, Philadelphia, PA",37054
42101010000,"West Philadelphia, Philadelphia, PA",36951
42091205806,"King of Prussia, PA",36939
42101028700,"Hunting Park, Philadelphia, PA",36892
42101001800,"Bella Vista, Philadelphia, PA",36884
42101028500,"North Philadelphia, Philadelphia, PA",36748
42101004102,"South Philadelphia, Philadelphia, PA",36718
42101008802,"West Philadelphia, Philadelphia, PA",36687
42091203602,"Norristown, PA",36496
34007607402,"Somerdale, NJ",36405
42101037500,"Overbrook, Philadelphia, PA",36345
42101019200,"North Philadelphia, Philadelphia, PA",36224
42091203500,"Norristown, PA",36182
42101029300,"Frankford, Philadelphia, PA",36123
34005702801,"Willingboro, NJ",36081
42101028600,"North Philadelphia, Philadelphia, PA",36031
34005702804,"Willingboro, NJ",35970
34005702807,"Willingboro, NJ",35949
42101002500,"South Philadelphia, Philadelphia, PA",35897
42101027500,"North Philadelphia, Philadelphia, PA",35886
42101003702,"South Philadelphia, Philadelphia, PA",35854
42101028901,"Juniata Park/ Feltonville, Philadelphia, PA",35807
42101030000,"Frankford, Philadelphia, PA",35795
42017100700,"Bristol, PA",35658
42101002701,"Dickinson Narrows, Philadelphia, PA",35603
42101009801,"Overbrook, Philadelphia, PA",35555
42101036900,"University City, Philadelphia, PA",35520
42045402200,"Yeadon, PA",35510
42101004101,"South Philadelphia, Philadelphia, PA",35367
34005700900,"Beverly, NJ",35250
42101029900,"Frankford, Philadelphia, PA",35131
42101007900,"Cedar Park, Philadelphia, PA",35097
42101005500,"Eastwick, Philadelphia, PA",35029
42101018800,"Harrowgate, Philadelphia, PA",35011
42101009100,"West Powelton, Philadelphia, PA",34985
42101011500,"Overbrook, Philadelphia, PA",34886
42101029400,"Frankford, Philadelphia, PA",34878
42101025500,"Northwest Philadelphia, Philadelphia, PA",34873
34005700104,"Palmyra, NJ",34846
42091203902,"Norristown, PA",34664
42101014200,"North Philadelphia, Philadelphia, PA",34643
34015500400,"Paulsboro, NJ",34571
42101000401,"Center City, Philadelphia, PA",34554
34007603002,"Pennsauken Township, NJ",34464
42101023600,"Mount Airy, Philadelphia, PA",34408
42017100403,"Levittown, PA",34338
34005702811,"Willingboro, NJ",34329
34005702803,"Willingboro, NJ",34262
42091202401,"Elkins Park, PA",34262
34005702806,"Willingboro, NJ",34241
42101034600,"Northeast Philadelphia, Philadelphia, PA",34198
42091203601,"Norristown, PA",34087
42101017701,"North Philadelphia, Philadelphia, PA",33997
42101003300,"South Philadelphia, Philadelphia, PA",33953
42101026100,"North Philadelphia, Philadelphia, PA",33932
42101015600,"Norris Square, Philadelphia, PA",33808
42101016200,"Norris Square, Philadelphia, PA",33760
42101027200,"North Philadelphia, Philadelphia, PA",33592
42101000600,"Center City, Philadelphia, PA",33575
34007602503,"Pennsauken Township, NJ",33544
42091203804,"Norristown, PA",33420
34007610800,"Pennsauken Township, NJ",33405
42101027402,"North Philadelphia, Philadelphia, PA",33393
42101038900,"Northwest Philadelphia, Philadelphia, PA",33388
42101019502,"Fairhill, Philadelphia, PA",33120
42101007800,"West Philadelphia, Philadelphia, PA",33114
34005702805,"Willingboro, NJ",33063
42101026800,"North Philadelphia, Philadelphia, PA",33037
42045406401,"Brookhaven, PA",32929
34007610300,"Cooper Grant, Camden, NJ",32898
42101026200,"North Philadelphia, Philadelphia, PA",32817
42101025400,"East Mount Airy, Philadelphia, PA",32791
42101038100,"Northeast Philadelphia, Philadelphia, PA",32782
42101028902,"Juniata Park/ Feltonville, Philadelphia, PA",32775
42101014400,"North Philadelphia, Philadelphia, PA",32635
42101010900,"Mantua, Philadelphia, PA",32541
42101013500,"Fairmount, Philadelphia, PA",32448
42045404600,"Chester, PA",32415
42101020102,"North Philadelphia, Philadelphia, PA",32283
42045402300,"Lansdowne, PA",32227
42045404500,"Chester, PA",32222
42101023700,"Mount Airy, Philadelphia, PA",32193
42101024300,"Germantown, Philadelphia, PA",32159
42045402100,"Lansdowne, PA",32152
42101016100,"East Kensington, Philadelphia, PA",32146
42101011700,"West Philadelphia, Philadelphia, PA",32100
42101011400,"Overbrook, Philadelphia, PA",32060
42101023800,"Northwest Philadelphia, Philadelphia, PA",31980
42101028800,"Juniata Park/ Feltonville, Philadelphia, PA",31942
42101006300,"Southwest Philadelphia, Philadelphia, PA",31894
42101028200,"Logan/ Ogontz/ Fern Rock, Philadelphia, PA",31886
42101015700,"Norris Square, Philadelphia, PA",31864
42101026400,"North Philadelphia, Philadelphia, PA",31599
42045402900,"Sharon Hill, PA",31527
42101008701,"Spruce Hill, Philadelphia, PA",31521
42101017800,"North Philadelphia, Philadelphia, PA",31436
42101024000,"Germantown, Philadelphia, PA",31384
42101005400,"Eastwick, Philadelphia, PA",31345
42101009300,"Haddington, Philadelphia, PA",31297
42101010200,"Haddington, Philadelphia, PA",31174
42101024800,"East Germantown, Philadelphia, PA",31162
34007604100,"Oaklyn, NJ",31118
42101010500,"Mill Creek, Philadelphia, PA",31100
34007602000,"Fairview, Camden, NJ",31088
34005702802,"Willingboro, NJ",30904
42101023900,"Northwest Philadelphia, Philadelphia, PA",30894
42101001300,"Graduate Hospital, Philadelphia, PA",30883
42101010100,"Carroll Park, Philadelphia, PA",30865
34007606500,"Lawnside, NJ",30853
42091203901,"Norristown, PA",30812
42101003002,"Newbold, Philadelphia, PA",30807
42101025900,"North Philadelphia, Philadelphia, PA",30768
42101012201,"Wynnefield Heights, Philadelphia, PA",30710
42101017702,"North Philadelphia, Philadelphia, PA",30631
42101006600,"Elmwood, Philadelphia, PA",30565
42045404700,"Chester, PA",30459
42045404400,"Chester, PA",30392
42101024200,"Germantown, Philadelphia, PA",30375
42045402400,"Darby, PA",30352
34005702808,"Willingboro, NJ",30253
42101008000,"West Philadelphia, Philadelphia, PA",30197
34007601300,"Marlton, Camden, NJ",30119
42101026301,"North Philadelphia, Philadelphia, PA",30074
42101007000,"Southwest Philadelphia, Philadelphia, PA",30072
42101007400,"Southwest Philadelphia, Philadelphia, PA",30063
42101017601,"Fairhill, Philadelphia, PA",30061
42101007200,"Angora, Philadelphia, PA",29952
34007601000,"Biedman, Camden, NJ",29943
42101011300,"Overbrook, Philadelphia, PA",29912
42101001500,"South Philadelphia, Philadelphia, PA",29905
42101024400,"Germantown, Philadelphia, PA",29885
42101028100,"Logan/ Ogontz/ Fern Rock, Philadelphia, PA",29831
42101003200,"Point Breeze, Philadelphia, PA",29807
42101026302,"North Philadelphia, Philadelphia, PA",29794
42101017000,"North Philadelphia, Philadelphia, PA",29745
42101025300,"East Mount Airy, Philadelphia, PA",29739
42101027600,"Logan/ Ogontz/ Fern Rock, Philadelphia, PA",29701
42101006900,"Southwest Philadelphia, Philadelphia, PA",29690
42101012000,"West Philadelphia, Philadelphia, PA",29683
42101026000,"North Philadelphia, Philadelphia, PA",29619
42101014700,"Cecil B. Moore, Philadelphia, PA",29588
42045402500,"Darby, PA",29577
42101015101,"North Philadelphia, Philadelphia, PA",29504
42101008302,"Cobbs Creek, Philadelphia, PA",29304
34007601200,"Stockton, Camden, NJ",29217
42101016300,"North Philadelphia, Philadelphia, PA",29159
42045402700,"Darby, PA",29020
42101037600,"North Philadelphia, Philadelphia, PA",28905
42101027902,"Belfield, Philadelphia, PA",28826
42101010600,"Haverford North, Philadelphia, PA",28809
42101036700,"North Philadelphia, Philadelphia, PA",28781
42101019800,"Hunting Park, Philadelphia, PA",28778
42101027800,"Olney-Oak Lane, Philadelphia, PA",28698
42101011800,"Overbrook, Philadelphia, PA",28661
42101027700,"Logan/ Ogontz/ Fern Rock, Philadelphia, PA",28581
42101019900,"North Philadelphia, Philadelphia, PA",28573
42101002100,"Point Breeze, Philadelphia, PA",28542
42101019501,"Fairhill, Philadelphia, PA",28396
42101001900,"Graduate Hospital, Philadelphia, PA",28365
42101001400,"Graduate Hospital, Philadelphia, PA",28289
42101011900,"Wynnefield, Philadelphia, PA",28214
42101025200,"East Germantown, Philadelphia, PA",28201
42101014600,"North Philadelphia, Philadelphia, PA",28198
42101024900,"East Germantown, Philadelphia, PA",28180
42101038300,"Hunting Park, Philadelphia, PA",28159
42101011200,"Carroll Park, Philadelphia, PA",28076
42101008102,"West Philadelphia, Philadelphia, PA",28035
34007600900,"Cramer Hill, Camden, NJ",28021
42101013900,"Cecil B. Moore, Philadelphia, PA",27997
42101008101,"Angora, Philadelphia, PA",27962
42101026600,"North Philadelphia, Philadelphia, PA",27940
42101014800,"Cecil B. Moore, Philadelphia, PA",27911
42101006500,"Philadelphia, PA",27830
34007601700,"Centerville, Camden, NJ",27744
42101008200,"Angora, Philadelphia, PA",27652
42101027901,"North Philadelphia, Philadelphia, PA",27637
34007601800,"Waterfront South, Camden, NJ",27168
42101008500,"Cobbs Creek, Philadelphia, PA",27135
42101016901,"North Philadelphia, Philadelphia, PA",27135
42101028000,"Olney-Oak Lane, Philadelphia, PA",27006
42101028400,"North Philadelphia, Philadelphia, PA",26978
42101020101,"North Philadelphia, Philadelphia, PA",26975
42101024700,"East Germantown, Philadelphia, PA",26909
34007601900,"Morgan Village, Camden, NJ",26898
34007610400,"Lanning Square, Camden, NJ",26840
42101008400,"Cobbs Creek, Philadelphia, PA",26802
34007601102,"Rosedale, Camden, NJ",26779
42101011100,"Carroll Park, Philadelphia, PA",26704
34007601101,"Dudley, Camden, NJ",26600
42101013700,"Brewerytown, Philadelphia, PA",26587
42101028300,"Logan/ Ogontz/ Fern Rock, Philadelphia, PA",26564
42045404800,"Chester, PA",26548
34007600800,"Pyne Poynt, Camden, NJ",26514
42101008301,"Cobbs Creek, Philadelphia, PA",26452
42101026700,"North Philadelphia, Philadelphia, PA",26435
42101007700,"Spruce Hill, Philadelphia, PA",26383
42101015300,"North Philadelphia, Philadelphia, PA",26310
42101024500,"East Germantown, Philadelphia, PA",26270
42101017100,"Allegheny West, Philadelphia, PA",26187
42101019700,"Hunting Park, Philadelphia, PA",26163
34007600700,"Cooper Point, Camden, NJ",26150
42101017201,"Allegheny West, Philadelphia, PA",26135
42101017602,"Fairhill, Philadelphia, PA",26119
42101009500,"Haddington, Philadelphia, PA",26084
42101020500,"North Philadelphia, Philadelphia, PA",26013
42101014500,"Ludlow, Philadelphia, PA",25985
42101003701,"South Philadelphia, Philadelphia, PA",25925
42101008602,"Walnut Hill, Philadelphia, PA",25874
42101007300,"Southwest Philadelphia, Philadelphia, PA",25871
42101024100,"Germantown, Philadelphia, PA",25752
42101026500,"North Philadelphia, Philadelphia, PA",25725
42045405000,"Chester, PA",25635
42101007102,"Southwest Philadelphia, Philadelphia, PA",25601
42101009600,"Haddington, Philadelphia, PA",25598
34007601500,"Whitman Park, Camden, NJ",25449
42101007101,"Southwest Philadelphia, Philadelphia, PA",25403
42101010800,"Mantua, Philadelphia, PA",25131
42101020000,"North Philadelphia, Philadelphia, PA",25036
42101013300,"Fairmount, Philadelphia, PA",25007
42101003100,"South Philadelphia, Philadelphia, PA",25001
42101017400,"North Philadelphia, Philadelphia, PA",24982
42101020200,"North Philadelphia, Philadelphia, PA",24971
42101016800,"North Philadelphia, Philadelphia, PA",24926
34007600200,"Gateway, Camden, NJ",24920
34007601400,"Parkside, Camden, NJ",24749
42101013800,"Brewerytown, Philadelphia, PA",24725
42101009400,"Haddington, Philadelphia, PA",24696
42045405100,"Chester, PA",24568
42101017500,"Fairhill, Philadelphia, PA",24528
42101010400,"Mill Creek, Philadelphia, PA",24500
42101005600,"Southwest Philadelphia, Philadelphia, PA",24465
34007600400,"Bergen Square, Camden, NJ",24190
42101017300,"Allegheny West, Philadelphia, PA",24127
42101013200,"North Philadelphia, Philadelphia, PA",24038
42101017202,"Allegheny West, Philadelphia, PA",23985
42101020300,"North Philadelphia, Philadelphia, PA",23714
42101009200,"West Powelton, Philadelphia, PA",23683
42101010700,"Belmont, Philadelphia, PA",23567
42101024600,"East Germantown, Philadelphia, PA",23472
42101015200,"Cecil B. Moore, Philadelphia, PA",23347
42101016701,"North Philadelphia, Philadelphia, PA",23144
42101016902,"North Philadelphia, Philadelphia, PA",23110
42101010300,"Haddington, Philadelphia, PA",23009
42101014100,"Ludlow, Philadelphia, PA",22947
42101013100,"North Philadelphia, Philadelphia, PA",22748
42101014900,"North Philadelphia, Philadelphia, PA",22569
42101020400,"North Philadelphia, Philadelphia, PA",22522
42101016400,"North Philadelphia, Philadelphia, PA",22353
42101016600,"North Philadelphia, Philadelphia, PA",22012
42101016702,"Glenwood, Philadelphia, PA",21794
42101016500,"North Philadelphia, Philadelphia, PA",21696
42101011000,"East Parkside, Philadelphia, PA",21630
42101002000,"Point Breeze, Philadelphia, PA",21616
42045406402,"Chester, PA",21542
34007601600,"Liberty Park, Camden, NJ",21492
42045404900,"Chester, PA",20976
42101015102,"North Philadelphia, Philadelphia, PA",20571
42101037700,"North Philadelphia, Philadelphia, PA",20382
42101014000,"Cecil B. Moore, Philadelphia, PA",17725
42101980500,"Hunting Park, Philadelphia, PA",
42101036400,"Northeast Philadelphia, Philadelphia, PA",
42101980800,"West Philadelphia, Philadelphia, PA",
42101980400,"Southwest Philadelphia, Philadelphia, PA",
42101980100,"Northwest Philadelphia, Philadelphia, PA",
42101980900,"Eastwick, Philadelphia, PA",
42101980600,"South Philadelphia, Philadelphia, PA",
42101980700,"South Philadelphia, Philadelphia, PA",
42101980300,"Northeast Philadelphia, Philadelphia, PA",
42101989100,"Holmesburg, Philadelphia, PA",
42101012203,"Wynnefield Heights, Philadelphia, PA",
42101980000,"Fairmount Park, Philadelphia, PA",