﻿"tract","Name","Household_Income_rP_gP_p75"
42091204800,"Gladwyne, PA",75736
42091201404,"Fort Washington, PA",74782
42045407805,"Springfield, PA",74585
42101980200,"Northeast Philadelphia, Philadelphia, PA",74513
42045409702,"Villanova, PA",73950
42101035602,"Bustleton, Philadelphia, PA",73939
42091201406,"Dresher, PA",73014
34007603507,"Cherry Hill, NJ",72614
42091200104,"Montgomery County, PA",72605
34005704008,"Evesham Township, NJ",72463
34007603506,"Greentree, Cherry Hill, NJ",72324
34007610600,"Pennsauken Township, NJ",71701
42045401000,"Drexel Hill, Upper Darby, PA",71494
42091201501,"Montgomery County, PA",71005
34007606200,"Haddonfield, NJ",70545
42029300107,"Malvern, PA",70371
42045409701,"Villanova, PA",70248
42045407803,"Springfield, PA",70163
34005700505,"Moorestown, NJ",70124
42101002702,"Pennsport, Philadelphia, PA",70111
42091201705,"Glenside, PA",69871
42029300106,"Chesterbrook, PA",69740
42091204010,"Plymouth Meeting, PA",69636
42091203208,"Blue Bell, PA",69481
42101021200,"Northwest Philadelphia, Philadelphia, PA",69425
42091203105,"Lafayette Hill, PA",69399
42045407804,"Springfield, PA",69342
34005702907,"Mount Laurel, NJ",69239
42045408001,"Broomall, PA",69199
42091210300,"Flourtown, PA",69164
42091205502,"Wynnewood, PA",68928
42045409803,"Wayne, PA",68855
42045408101,"Broomall, PA",68842
34005702908,"Mount Laurel, NJ",68624
42101034400,"Bustleton, Philadelphia, PA",68620
42045408500,"Havertown, PA",68609
42017100104,"Northeast Philadelphia, Philadelphia, PA",68578
42045409802,"Strafford, PA",68369
42091202100,"Jenkintown, PA",68035
42045403902,"Ridley Park, PA",68012
34007603503,"Willowdale, Cherry Hill, NJ",67967
42091200310,"Huntingdon Valley, Willow Grove, PA",67960
34007607503,"Voorhees Township, NJ",67948
42091203207,"Blue Bell, PA",67947
42101034702,"Northeast Philadelphia, Philadelphia, PA",67942
42091205503,"Penn Wynne, Wynnewood, PA",67813
42045409300,"Havertown, PA",67796
34005704014,"Evesham Township, NJ",67757
42101031502,"Mayfair, Philadelphia, PA",67744
34007607504,"Voorhees Township, NJ",67486
42045409400,"Havertown, PA",67417
42091206006,"Eagleville, PA",67279
42045409902,"Newtown Square, PA",67178
42029300104,"Berwyn, PA",67042
34005700605,"Delran, NJ",67033
42045409200,"Havertown, PA",66790
42029300108,"Shand Tract, Devon, PA",66760
42017100206,"Bensalem, PA",66750
42091202000,"Rockledge, PA",66716
42045410602,"Folsom, PA",66588
34007607505,"Voorhees Township, NJ",66527
42045409500,"Drexel Hill, Havertown, PA",66505
42045407801,"Springfield, PA",66495
42101008801,"West Philadelphia, Philadelphia, PA",66458
34007603504,"Cherry Hill, NJ",66400
42101000803,"Center City, Philadelphia, PA",66278
42101035900,"Northeast Philadelphia, Philadelphia, PA",66258
42045409601,"Bryn Mawr, PA",66230
42091204900,"Villanova, PA",66198
42045407102,"Media, PA",66158
42045408900,"Havertown, PA",66154
42101031600,"Northeast Philadelphia, Philadelphia, PA",66140
42101035702,"Bustleton, Philadelphia, PA",66121
42045408103,"Broomall, PA",66099
42091204500,"Merion Station, PA",66085
42045410000,"Delaware County, PA",66074
42045407902,"Media, PA",66049
34007605800,"Haddon Heights, NJ",66010
34005703801,"Medford, NJ",65980
34007603501,"Greentree, Cherry Hill, NJ",65862
42045400600,"Upper Darby, PA",65812
42091201608,"Abington, PA",65800
42101034200,"Fox Chase/ Burholme, Philadelphia, PA",65672
42091201502,"Meadowbrook, PA",65635
42029300301,"Newtown Square, PA",65633
42101035601,"Bustleton, Philadelphia, PA",65612
42091204702,"Bala Cynwyd, PA",65612
34005700305,"Cinnaminson, NJ",65602
42091201800,"Jenkintown, PA",65585
42101036502,"Northeast Philadelphia, Philadelphia, PA",65508
42101035701,"Bustleton, Philadelphia, PA",65433
42045407802,"Springfield, PA",65347
42091210500,"Wyndmoor, PA",65317
42101037900,"North Philadelphia, Philadelphia, PA",65312
34007606100,"Haddonfield, NJ",65260
34007603303,"Erlton-Ellisburg, Cherry Hill, NJ",65229
42045407404,"Wallingford, Nether Providence Township, PA",65172
42045408600,"Havertown, PA",65108
34005700307,"Cinnaminson, NJ",65037
42091204400,"Bala Cynwyd, PA",65013
42101038500,"Chestnut Hill, Philadelphia, PA",64909
34007603603,"Barclay-Kingston, Cherry Hill, NJ",64906
42045401103,"Drexel Hill, Upper Darby, PA",64794
34005704006,"Greentree, Cherry Hill, NJ",64792
34007605602,"Audubon, NJ",64764
34007605300,"Brooklawn, NJ",64725
42101035500,"Bustleton, Philadelphia, PA",64707
42045401104,"Drexel Hill, Upper Darby, PA",64663
34005702905,"Ramblewood, Mount Laurel, NJ",64650
34005700405,"Maple Shade Township, NJ",64631
42091204009,"Plymouth Meeting, PA",64612
42101033200,"Mayfair, Philadelphia, PA",64599
42045401501,"Clifton Heights, PA",64531
34005700504,"Moorestown-Lenola, Moorestown, NJ",64519
42091200106,"Montgomery County, PA",64494
42091202301,"Elkins Park, PA",64433
42101036000,"Northeast Philadelphia, Philadelphia, PA",64411
42045409000,"Drexel Hill, Havertown, PA",64361
42091205809,"King of Prussia, PA",64339
42045403002,"Briarcliffe, Glenolden, PA",64196
34005702914,"Mount Laurel, NJ",64191
42101023100,"Chestnut Hill, Philadelphia, PA",64178
42091205808,"King of Prussia, PA",64151
42101036600,"Center City, Philadelphia, PA",64119
42045408102,"Broomall, PA",64105
42101036501,"Northeast Philadelphia, Philadelphia, PA",64091
34007605900,"Haddon Heights, NJ",63984
42045404101,"Swarthmore, PA",63968
42045410500,"Upper Darby, PA",63927
34005704007,"Marlton, Evesham Township, NJ",63873
42045408002,"Media, PA",63855
42091202201,"Montgomery County, PA",63852
42091200105,"Montgomery County, PA",63821
34005704009,"Evesham Township, NJ",63814
42101037300,"Packer Park, Philadelphia, PA",63778
34005700200,"Riverton, NJ",63776
42091210100,"Oreland, PA",63738
42101020600,"East Falls, Philadelphia, PA",63711
42101034701,"Northeast Philadelphia, Philadelphia, PA",63707
42045408700,"Havertown, PA",63545
42091204101,"Conshohocken, PA",63535
34007603800,"Haddon Township, NJ",63521
42045407901,"Media, PA",63463
42045409904,"Newtown Square, PA",63369
42101036203,"Millbrook, Philadelphia, PA",63322
42101033101,"Holmesburg, Philadelphia, PA",63292
42101022000,"Northwest Philadelphia, Philadelphia, PA",63163
42045400900,"Drexel Hill, Upper Darby, PA",63146
42101038400,"Northwest Philadelphia, Philadelphia, PA",63102
34007605400,"Mount Ephraim, NJ",63057
42045407201,"Media, PA",63052
42091205903,"Wayne, PA",63052
34007606400,"Haddonfield, NJ",63050
42045401200,"Drexel Hill, Upper Darby, PA",63047
42091203103,"Lafayette Hill, PA",63046
34005703802,"Medford, NJ",62913
42101013601,"Fairmount, Philadelphia, PA",62819
34005700501,"Moorestown-Lenola, Moorestown, NJ",62769
42101034501,"Northeast Philadelphia, Philadelphia, PA",62757
42045408800,"Ardmore, PA",62756
42101035302,"Morrell Park, Philadelphia, PA",62715
42101030800,"Oxford Circle/ Castor, Philadelphia, PA",62704
42101035800,"Northeast Philadelphia, Philadelphia, PA",62700
42045403901,"Ridley Park, PA",62668
42101035200,"Northeast Philadelphia, Philadelphia, PA",62656
42091200309,"Willow Grove, PA",62623
42045406903,"Aston, PA",62617
34005703102,"Lumberton, NJ",62602
34005703804,"Medford, NJ",62552
42045409100,"Havertown, PA",62504
42091201901,"Rydal, PA",62471
42091204600,"Penn Valley, PA",62441
42101032600,"Northeast Philadelphia, Philadelphia, PA",62353
34005704013,"Cambridge Park, Evesham Township, NJ",62321
34005702917,"Mount Laurel, NJ",62317
42045401402,"Drexel Hill, Upper Darby, PA",62183
42091204002,"Plymouth Meeting, PA",62168
42101013402,"Fairmount, Philadelphia, PA",62152
42101000902,"Center City, Philadelphia, PA",62149
42101006100,"Elmwood, Philadelphia, PA",62148
34005703803,"Medford, NJ",62099
42101031000,"Oxford Circle/ Castor, Philadelphia, PA",62066
42101021700,"Northwest Philadelphia, Philadelphia, PA",62023
42101036301,"Northeast Philadelphia, Philadelphia, PA",61949
42045401302,"Drexel Hill, Upper Darby, PA",61849
42045403103,"Collingdale, PA",61842
34007603400,"Barclay-Kingston, Cherry Hill, NJ",61691
42101034100,"Fox Chase/ Burholme, Philadelphia, PA",61675
42045403001,"Briarcliffe, Glenolden, PA",61645
42029300201,"Berwyn, PA",61582
42017101401,"Feasterville-Trevose, PA",61570
34005700304,"Cinnaminson, NJ",61544
34005704011,"Marlton, Evesham Township, NJ",61500
42091210200,"Oreland, PA",61480
42045408400,"Haverford, PA",61476
42045409602,"Bryn Mawr, PA",61459
42101031501,"Mayfair, Philadelphia, PA",61434
34005700602,"Riverside, NJ",61409
42101030600,"Lawncrest, Philadelphia, PA",61382
42091205400,"Wynnewood, PA",61348
34005700306,"Cinnaminson, NJ",61339
42101031102,"Oxford Circle/ Castor, Philadelphia, PA",61313
42045400700,"Upper Darby, PA",61307
34007606000,"Haddon Heights, NJ",61291
42091203304,"Norristown, PA",61255
42045401900,"Lansdowne, PA",61247
42091203000,"Fort Washington, PA",61218
42045407806,"Springfield, PA",61167
42045407101,"Media, PA",61149
42101036201,"Morrell Park, Philadelphia, PA",61064
42091201407,"Oreland, PA",61008
42101033300,"Northeast Philadelphia, Philadelphia, PA",60925
42101002802,"East Passyunk Crossing, Philadelphia, PA",60813
34007603902,"Haddon Township, NJ",60801
42101034801,"Northeast Philadelphia, Philadelphia, PA",60793
34005703900,"Medford, NJ",60790
42091203402,"Norristown, PA",60775
34007607502,"Echelon, Voorhees Township, NJ",60773
42101031402,"Oxford Circle/ Castor, Philadelphia, PA",60729
42091204701,"Penn Valley, PA",60715
42101036303,"Northeast Philadelphia, Philadelphia, PA",60706
34005704012,"Marlton, Evesham Township, NJ",60704
42017100207,"Bensalem, PA",60669
42045409903,"Newtown Square, PA",60661
42101036202,"Millbrook, Philadelphia, PA",60658
42101001201,"Center City, Philadelphia, PA",60656
42101021500,"Manayunk, Philadelphia, PA",60645
34005702906,"Ramblewood, Mount Laurel, NJ",60601
42045407501,"Media, PA",60531
42101034802,"Northeast Philadelphia, Philadelphia, PA",60497
42029300202,"Berwyn, PA",60485
42101036100,"Northeast Philadelphia, Philadelphia, PA",60479
42101033500,"Northeast Philadelphia, Philadelphia, PA",60382
42091204008,"Conshohocken, PA",60350
42101038200,"Harrowgate, Philadelphia, PA",60323
42091205200,"Haverford, PA",60277
42045400802,"Drexel Hill, Upper Darby, PA",60271
42091201607,"Abington, PA",60236
34007604200,"Collingswood, NJ",60162
34007602901,"Pennsauken Township, NJ",60153
34007603302,"Cherry Hill, NJ",60095
42101033102,"Holmesburg, Philadelphia, PA",60089
34005704005,"Marlton, Evesham Township, NJ",60084
42101033600,"Northeast Philadelphia, Philadelphia, PA",60041
42091200200,"Huntingdon Valley, Bryn Athyn, PA",60034
34015500201,"West Deptford, NJ",59894
42091206005,"Trooper, PA",59791
42101034803,"Northeast Philadelphia, Philadelphia, PA",59789
42101001001,"Center City, Philadelphia, PA",59775
42091203403,"Eagleville, PA",59682
42101032000,"Northeast Philadelphia, Philadelphia, PA",59677
42091201411,"Fort Washington, PA",59662
34007603601,"Ashland, Cherry Hill, NJ",59657
42045401101,"Drexel Hill, Upper Darby, PA",59643
42101021800,"Roxborough-Manayunk, Philadelphia, PA",59541
42029300109,"Wayne, PA",59511
42091202202,"Montgomery County, PA",59491
42091203401,"Eagleville, PA",59424
42101021000,"Manayunk, Philadelphia, PA",59401
42101034900,"Holmesburg, Philadelphia, PA",59400
42091203104,"Lafayette Hill, PA",59370
42091201703,"Glenside, PA",59315
42101019000,"North Philadelphia, Philadelphia, PA",59301
34005700102,"Palmyra, NJ",59285
42101018002,"North Philadelphia, Philadelphia, PA",59263
42101033702,"Northeast Philadelphia, Philadelphia, PA",59239
42101034000,"Fox Chase/ Burholme, Philadelphia, PA",59236
34007603602,"Barclay-Kingston, Cherry Hill, NJ",59166
42101030700,"Lawncrest, Philadelphia, PA",59148
34005700603,"Delran, NJ",59125
34007607200,"Runnemede, NJ",59116
42045406202,"Brookhaven, PA",59095
42091201902,"Elkins Park, PA",58940
34007605200,"Gloucester City, NJ",58850
42045403200,"Aldan, PA",58844
34005702915,"Mount Laurel, NJ",58788
42101006000,"Southwest Philadelphia, Philadelphia, PA",58728
34005701303,"Bordentown, NJ",58685
42101001600,"Queen Village, Philadelphia, PA",58674
42045401600,"Lansdowne, PA",58655
42091210600,"Plymouth Meeting, PA",58619
42101033701,"Northeast Philadelphia, Philadelphia, PA",58532
34005702918,"Mount Laurel, NJ",58516
42045403602,"Norwood, PA",58440
42045407202,"Media, PA",58433
34007604400,"Collingswood, NJ",58420
34007606700,"Barrington, NJ",58403
34007607507,"Echelon, Voorhees Township, NJ",58364
42101031700,"Mayfair, Philadelphia, PA",58361
42091202602,"Wyncote, PA",58324
42101038600,"Chestnut Hill, Philadelphia, PA",58311
42045410800,"Wallingford, Nether Providence Township, PA",58277
42017100212,"Bensalem, PA",58204
42017100805,"Levittown, PA",58191
34007606600,"Haddonfield, NJ",58166
34007603505,"Ashland, Cherry Hill, NJ",58164
42101021600,"Northwest Philadelphia, Philadelphia, PA",58144
42045403101,"Collingdale, PA",58126
42101002900,"Passyunk Square, Philadelphia, PA",58029
34007604300,"Collingswood, NJ",58012
42017100209,"Bensalem, PA",57973
34005704004,"Marlton, Evesham Township, NJ",57963
42101020700,"East Falls, Philadelphia, PA",57948
42101033000,"Holmesburg, Philadelphia, PA",57938
34005702400,"Jobstown, Mansfield, NJ",57918
42045406904,"Aston, PA",57895
42091201706,"Glenside, PA",57886
42045407903,"Media, PA",57856
34007603901,"Haddonfield, NJ",57762
42091205600,"Narberth, PA",57699
42101000200,"Center City, Philadelphia, PA",57694
42101004201,"South Philadelphia, Philadelphia, PA",57638
42017100210,"Bensalem, PA",57596
42101001102,"Center City, Philadelphia, PA",57517
42101035301,"Morrell Park, Philadelphia, PA",57508
42029300101,"Wayne, PA",57415
42101018400,"North Philadelphia, Philadelphia, PA",57390
42017106000,"Penndel, PA",57387
42091206007,"Eagleville, PA",57318
42017100306,"Bristol, PA",57315
42101021300,"Manayunk, Philadelphia, PA",57314
42101029100,"Lawncrest, Philadelphia, PA",57221
42091202302,"Elkins Park, PA",57211
42045403300,"Clifton Heights, PA",57171
42045407600,"Swarthmore, PA",57144
34007605700,"Audubon, NJ",57141
42091205100,"Bryn Mawr, PA",57057
42091205904,"Conshohocken, PA",57007
42101021900,"Roxborough-Manayunk, Philadelphia, PA",57006
34005702909,"Mount Laurel, NJ",56878
42017100600,"Bristol, PA",56870
42101034502,"Bustleton, Philadelphia, PA",56855
34005703000,"Hainesport, NJ",56845
34005700800,"Delanco, NJ",56827
42101013401,"Fairmount, Philadelphia, PA",56808
42101006700,"Elmwood, Philadelphia, PA",56725
42045410601,"Folsom, PA",56654
42091203303,"East Norriton, PA",56637
42017100105,"Bensalem, PA",56566
42045403501,"Glenolden, PA",56559
34005700502,"Moorestown-Lenola, Moorestown, NJ",56553
42101018300,"Bridesburg, Philadelphia, PA",56531
42091205906,"King of Prussia, PA",56477
42101001101,"Center City, Philadelphia, PA",56470
42091205805,"King of Prussia, PA",56355
34005700503,"Moorestown-Lenola, Moorestown, NJ",56338
34007604600,"Oaklyn, NJ",56288
42101031401,"Oxford Circle/ Castor, Philadelphia, PA",56272
42101018001,"North Philadelphia, Philadelphia, PA",56264
42017100307,"Croydon, PA",56236
42101020900,"Northwest Philadelphia, Philadelphia, PA",56223
34007606300,"Haddonfield, NJ",56160
34007607100,"Runnemede, NJ",56150
42101003800,"Girard Estates, Philadelphia, PA",56148
42045406801,"Aston, PA",56131
42101030200,"Frankford, Philadelphia, PA",56113
42101000804,"Center City, Philadelphia, PA",56048
34007611700,"Mount Ephraim, NJ",55934
34005700408,"Maple Shade Township, NJ",55923
34007603700,"Erlton-Ellisburg, Cherry Hill, NJ",55909
42091201605,"Roslyn, Abington, PA",55908
34007603100,"Merchantville, NJ",55906
42101021400,"Manayunk, Philadelphia, PA",55888
42101033800,"Fox Chase/ Burholme, Philadelphia, PA",55779
34007606800,"Bellmawr, NJ",55680
34007611600,"Collingswood, NJ",55630
42101032300,"Northeast Philadelphia, Philadelphia, PA",55621
34007603301,"Cherry Hill, NJ",55588
42101036900,"University City, Philadelphia, PA",55476
34007607506,"Echelon, Voorhees Township, NJ",55449
42101029800,"Northeast Philadelphia, Philadelphia, PA",55410
42045404102,"Woodlyn, PA",55338
42045403402,"Folcroft, PA",55335
42101009000,"Powelton Village, Philadelphia, PA",55304
42045403800,"Prospect Park, PA",55270
42045407401,"Wallingford, Nether Providence Township, PA",55217
42045406100,"Brookhaven, PA",55178
42045401502,"Clifton Heights, PA",55099
34005700701,"Riverside, NJ",55007
34005700402,"Maple Shade Township, NJ",54937
42091201704,"Glenside, PA",54935
42101037200,"South Philadelphia, Philadelphia, PA",54906
42091201603,"Willow Grove, PA",54834
42091210400,"Glenside, PA",54830
42045406902,"Aston, PA",54830
34005701002,"Beverly, NJ",54748
34005702910,"Mount Laurel, NJ",54717
34005703104,"Lumberton, NJ",54712
42045408300,"Haverford, PA",54691
42091202402,"Melrose Park, PA",54652
42091204200,"Conshohocken, PA",54608
42101001002,"Center City, Philadelphia, PA",54585
42101002200,"Newbold, Philadelphia, PA",54553
42091203106,"Conshohocken, PA",54511
34005701001,"Edgewater Park, NJ",54510
34015500202,"Woodbury, NJ",54491
42091201606,"Roslyn, Abington, PA",54469
34007602601,"Pennsauken Township, NJ",54433
42045404004,"Morton, PA",54298
42045403701,"Essington, Tinicum Township, PA",54240
42045400500,"Upper Darby, PA",54236
42017100811,"Langhorne, PA",54226
42101019100,"Juniata Park/ Feltonville, Philadelphia, PA",54133
42045406201,"Brookhaven, PA",54108
34005701301,"Florence, Florence Township, NJ",54062
34005701201,"Burlington, NJ",54061
42101013602,"Brewerytown, Philadelphia, PA",54038
42101031900,"Northeast Philadelphia, Philadelphia, PA",54037
42017100103,"Bensalem, PA",53991
34005700702,"Riverside, NJ",53950
34007603200,"Cherry Hill, NJ",53890
42101033400,"Northeast Philadelphia, Philadelphia, PA",53885
42017100500,"Bristol, PA",53884
42091205905,"King of Prussia, PA",53836
42101033900,"Fox Chase/ Burholme, Philadelphia, PA",53813
42091202603,"Glenside, PA",53779
42101000300,"Center City, Philadelphia, PA",53766
42045403601,"Norwood, PA",53758
42101030502,"Lawncrest, Philadelphia, PA",53712
42091204007,"Conshohocken, PA",53709
42091205501,"Ardmore, PA",53586
34015501102,"Woodbury, NJ",53582
34005700303,"Cinnaminson, NJ",53327
34005700401,"Maple Shade Township, NJ",53320
42045401700,"Lansdowne, PA",53206
42101038800,"Mount Airy, Philadelphia, PA",53165
42091205807,"King of Prussia, PA",53081
34007611100,"Bellmawr, NJ",53078
42045400302,"Lansdowne, PA",53066
42017100102,"Bensalem, PA",53049
42017100201,"Trevose, Feasterville-Trevose, PA",53036
34005702913,"Mount Laurel, NJ",53024
34007604700,"Oaklyn, NJ",53021
42101017900,"North Philadelphia, Philadelphia, PA",53004
42091204300,"Bala Cynwyd, PA",52958
42101038000,"Frankford, Philadelphia, PA",52918
42045404103,"Ridley Park, PA",52874
42101032900,"Holmesburg, Philadelphia, PA",52788
42101021100,"Northwest Philadelphia, Philadelphia, PA",52738
42101006200,"Southwest Philadelphia, Philadelphia, PA",52658
34007610900,"Audubon, NJ",52591
34005700403,"Maple Shade Township, NJ",52545
42091202604,"Glenside, PA",52457
42101038700,"Northwest Philadelphia, Philadelphia, PA",52418
42101039000,"Northeast Philadelphia, Philadelphia, PA",52333
42017100208,"Bensalem, PA",52302
42101003902,"South Philadelphia, Philadelphia, PA",52222
34007607300,"Magnolia, NJ",52199
42017100402,"Levittown, PA",52163
42101004202,"South Philadelphia, Philadelphia, PA",52135
42101001202,"Center City, Philadelphia, PA",52091
42091205300,"Ardmore, PA",52079
42017100401,"Levittown, PA",52017
42017105900,"Levittown, PA",52002
42045402800,"Sharon Hill, PA",51884
42101031101,"Oxford Circle/ Castor, Philadelphia, PA",51879
34005700703,"Riverside, NJ",51879
42045401800,"Lansdowne, PA",51862
42045401401,"Drexel Hill, Upper Darby, PA",51814
34015500205,"Thorofare, West Deptford, NJ",51804
42101000700,"Center City, Philadelphia, PA",51712
42091205801,"King of Prussia, PA",51645
42091204102,"Conshohocken, PA",51604
34005701203,"Burlington, NJ",51591
42101030501,"Lawncrest, Philadelphia, PA",51585
42101030900,"Oxford Circle/ Castor, Philadelphia, PA",51581
42101031300,"Oxford Circle/ Castor, Philadelphia, PA",51432
34007607000,"Bellmawr, NJ",51398
42101020800,"East Falls, Philadelphia, PA",51354
42101030100,"Frankford, Philadelphia, PA",51344
34007603001,"Merchantville, NJ",51334
42045407700,"Morton, PA",51324
42101031800,"Oxford Circle/ Castor, Philadelphia, PA",51248
42101029000,"North Philadelphia, Philadelphia, PA",51142
42101027401,"North Philadelphia, Philadelphia, PA",51133
34005701102,"Burlington, NJ",51028
42101002300,"Passyunk Square, Philadelphia, PA",50957
42101000402,"Center City, Philadelphia, PA",50906
34005701205,"Burlington, NJ",50838
42101016000,"North Philadelphia, Philadelphia, PA",50838
42045403502,"Glenolden, PA",50812
34005702700,"Westampton, NJ",50796
42101003600,"Grays Ferry, Philadelphia, PA",50785
42091203803,"Norristown, PA",50744
42091203801,"Norristown, PA",50742
34005701104,"Burlington, NJ",50720
34015500300,"National Park, NJ",50657
42101006400,"Elmwood, Philadelphia, PA",50493
34007605100,"Gloucester City, NJ",50399
42101012100,"Wynnefield, Philadelphia, PA",50365
42045400402,"Upper Darby, PA",50310
42101008601,"Garden Court, Philadelphia, PA",50254
34015500100,"Westville, NJ",50230
42045406300,"Brookhaven, PA",50162
42091205000,"Bryn Mawr, PA",50133
42045400401,"Upper Darby, PA",50112
42101032500,"Northeast Philadelphia, Philadelphia, PA",50085
34007611000,"Gloucester City, NJ",49991
42101004001,"Lower Moyamensing, Philadelphia, PA",49947
42101025700,"Chestnut Hill, Philadelphia, PA",49552
42101000801,"Center City, Philadelphia, PA",49530
42101008702,"West Philadelphia, Philadelphia, PA",49476
42045402600,"Darby, PA",49457
34005701105,"Burlington, NJ",49433
42101012500,"North Philadelphia, Philadelphia, PA",49412
34005701204,"Burlington, NJ",49130
42101036302,"Northeast Philadelphia, Philadelphia, PA",49128
42101027000,"North Philadelphia, Philadelphia, PA",49111
42101003901,"South Philadelphia, Philadelphia, PA",49037
42045403104,"Collingdale, PA",48943
34015501101,"Westville, NJ",48927
42101026900,"North Philadelphia, Philadelphia, PA",48913
42101012204,"Wynnefield Heights, Philadelphia, PA",48771
42101014300,"Fishtown, Philadelphia, PA",48707
42045403401,"Folcroft, PA",48611
42017100304,"Levittown, PA",48606
42045400801,"Upper Darby, PA",48462
42017100302,"Croydon, PA",48456
42101037500,"Overbrook, Philadelphia, PA",48345
42017100303,"Bristol, PA",48260
42101031200,"Oxford Circle/ Castor, Philadelphia, PA",48182
42101009802,"Overbrook, Philadelphia, PA",48098
42017100404,"Levittown, PA",48071
42101025600,"East Mount Airy, Philadelphia, PA",47833
42045402000,"Lansdowne, PA",47733
34007607402,"Somerdale, NJ",47650
42101029200,"Lawncrest, Philadelphia, PA",47596
34005701103,"Burlington, NJ",47477
42101000100,"Center City, Philadelphia, PA",47468
42091203601,"Norristown, PA",47464
42017100403,"Levittown, PA",47462
42101008802,"West Philadelphia, Philadelphia, PA",47386
42101028700,"Hunting Park, Philadelphia, PA",47271
42091205700,"Bridgeport, PA",47179
42101030000,"Frankford, Philadelphia, PA",47157
42101010000,"West Philadelphia, Philadelphia, PA",47148
42091201604,"Roslyn, Abington, PA",47126
34007602902,"Pennsauken Township, NJ",47100
42101002701,"Dickinson Narrows, Philadelphia, PA",47033
42045407502,"Media, PA",46943
42101019200,"North Philadelphia, Philadelphia, PA",46915
42101029300,"Frankford, Philadelphia, PA",46895
34007610500,"Pennsauken Township, NJ",46879
34005700103,"Palmyra, NJ",46842
42091203700,"Norristown, PA",46819
42101002500,"South Philadelphia, Philadelphia, PA",46624
34005702809,"Willingboro, NJ",46616
42101025500,"Northwest Philadelphia, Philadelphia, PA",46301
42101001800,"Bella Vista, Philadelphia, PA",46245
42101028500,"North Philadelphia, Philadelphia, PA",46051
42101023500,"Mount Airy, Philadelphia, PA",46025
42101001700,"Queen Village, Philadelphia, PA",46017
42017100700,"Bristol, PA",46001
42091202500,"Montgomery County, PA",45922
42101035100,"Northeast Philadelphia, Philadelphia, PA",45869
42101009801,"Overbrook, Philadelphia, PA",45848
42101009100,"West Powelton, Philadelphia, PA",45666
42101028600,"North Philadelphia, Philadelphia, PA",45654
42101000401,"Center City, Philadelphia, PA",45519
42101005000,"South Philadelphia East, Philadelphia, PA",45381
42101003702,"South Philadelphia, Philadelphia, PA",45220
42101007900,"Cedar Park, Philadelphia, PA",45105
42101029900,"Frankford, Philadelphia, PA",45079
42101000600,"Center City, Philadelphia, PA",45065
42091205806,"King of Prussia, PA",45043
42045404300,"Eddystone, PA",45033
42101011500,"Overbrook, Philadelphia, PA",44986
42045404003,"Clifton Heights, PA",44931
42101015600,"Norris Square, Philadelphia, PA",44906
42101004101,"South Philadelphia, Philadelphia, PA",44888
42101023600,"Mount Airy, Philadelphia, PA",44785
42091203500,"Norristown, PA",44683
42101002400,"Bella Vista, Philadelphia, PA",44675
34007602602,"Pennsauken Township, NJ",44623
42101027300,"North Philadelphia, Philadelphia, PA",44505
42101016200,"Norris Square, Philadelphia, PA",44449
42101018800,"Harrowgate, Philadelphia, PA",44422
42101004102,"South Philadelphia, Philadelphia, PA",44383
42101015800,"Fishtown, Philadelphia, PA",44303
42101037800,"North Philadelphia, Philadelphia, PA",44197
42045400301,"Upper Darby, PA",44186
34005700900,"Beverly, NJ",44109
34007610300,"Cooper Grant, Camden, NJ",44011
42101003300,"South Philadelphia, Philadelphia, PA",43878
42101027500,"North Philadelphia, Philadelphia, PA",43686
42101014200,"North Philadelphia, Philadelphia, PA",43682
42101004002,"Lower Moyamensing, Philadelphia, PA",43651
42101027100,"North Philadelphia, Philadelphia, PA",43595
42091203602,"Norristown, PA",43560
34015500400,"Paulsboro, NJ",43412
42101020102,"North Philadelphia, Philadelphia, PA",43360
42045403702,"Essington, Tinicum Township, PA",43153
42101005500,"Eastwick, Philadelphia, PA",43055
42101029400,"Frankford, Philadelphia, PA",43014
42101024300,"Germantown, Philadelphia, PA",42904
42101032100,"Northeast Philadelphia, Philadelphia, PA",42861
42101028901,"Juniata Park/ Feltonville, Philadelphia, PA",42854
42101000500,"Center City, Philadelphia, PA",42826
42101019502,"Fairhill, Philadelphia, PA",42661
42101010900,"Mantua, Philadelphia, PA",42661
34005702807,"Willingboro, NJ",42638
42045402200,"Yeadon, PA",42599
42045404500,"Chester, PA",42433
42045406401,"Brookhaven, PA",42325
42091203902,"Norristown, PA",42215
42101017701,"North Philadelphia, Philadelphia, PA",42146
34005700407,"Maple Shade Township, NJ",42023
42045401301,"Drexel Hill, Upper Darby, PA",41976
42101000901,"Center City, Philadelphia, PA",41874
34005702801,"Willingboro, NJ",41841
42101026100,"North Philadelphia, Philadelphia, PA",41487
42101038900,"Northwest Philadelphia, Philadelphia, PA",41483
42091202401,"Elkins Park, PA",41403
42101026800,"North Philadelphia, Philadelphia, PA",41387
42045404600,"Chester, PA",41372
42101007800,"West Philadelphia, Philadelphia, PA",41281
42101025800,"North Philadelphia, Philadelphia, PA",41194
34007602503,"Pennsauken Township, NJ",41030
42101001300,"Graduate Hospital, Philadelphia, PA",40974
42101001500,"South Philadelphia, Philadelphia, PA",40950
42101003001,"Newbold, Philadelphia, PA",40944
42091203804,"Norristown, PA",40845
42101002801,"South Philadelphia, Philadelphia, PA",40768
34007602000,"Fairview, Camden, NJ",40488
34005700104,"Palmyra, NJ",40348
42101010100,"Carroll Park, Philadelphia, PA",40298
42101023700,"Mount Airy, Philadelphia, PA",40271
34007603002,"Pennsauken Township, NJ",40164
42101010200,"Haddington, Philadelphia, PA",40105
42101010500,"Mill Creek, Philadelphia, PA",40041
42101024800,"East Germantown, Philadelphia, PA",39884
42101003002,"Newbold, Philadelphia, PA",39838
34005702804,"Willingboro, NJ",39837
42101023800,"Northwest Philadelphia, Philadelphia, PA",39822
42101013500,"Fairmount, Philadelphia, PA",39806
42101024000,"Germantown, Philadelphia, PA",39731
34005702810,"Willingboro, NJ",39637
42101003200,"Point Breeze, Philadelphia, PA",39563
34005702806,"Willingboro, NJ",39559
42101016100,"East Kensington, Philadelphia, PA",39484
34005702803,"Willingboro, NJ",39439
42101011400,"Overbrook, Philadelphia, PA",39410
42101034600,"Northeast Philadelphia, Philadelphia, PA",39340
42101024200,"Germantown, Philadelphia, PA",39164
42101005400,"Eastwick, Philadelphia, PA",39076
34007610800,"Pennsauken Township, NJ",39030
42101014700,"Cecil B. Moore, Philadelphia, PA",38993
42101028200,"Logan/ Ogontz/ Fern Rock, Philadelphia, PA",38965
42101026200,"North Philadelphia, Philadelphia, PA",38762
34005702811,"Willingboro, NJ",38665
42101014400,"North Philadelphia, Philadelphia, PA",38594
42101015700,"Norris Square, Philadelphia, PA",38576
42101009300,"Haddington, Philadelphia, PA",38513
42101008701,"Spruce Hill, Philadelphia, PA",38427
42101007000,"Southwest Philadelphia, Philadelphia, PA",38346
42091203901,"Norristown, PA",38247
42101007400,"Southwest Philadelphia, Philadelphia, PA",38246
42045404700,"Chester, PA",38169
42101025400,"East Mount Airy, Philadelphia, PA",38083
42101026400,"North Philadelphia, Philadelphia, PA",38079
42045402900,"Sharon Hill, PA",38027
34007606500,"Lawnside, NJ",37879
42045402300,"Lansdowne, PA",37838
42101012000,"West Philadelphia, Philadelphia, PA",37796
42101006300,"Southwest Philadelphia, Philadelphia, PA",37759
42101017702,"North Philadelphia, Philadelphia, PA",37695
42101027402,"North Philadelphia, Philadelphia, PA",37569
42101015101,"North Philadelphia, Philadelphia, PA",37504
42101017601,"Fairhill, Philadelphia, PA",37496
42101028902,"Juniata Park/ Feltonville, Philadelphia, PA",37476
42101001900,"Graduate Hospital, Philadelphia, PA",37463
34007601300,"Marlton, Camden, NJ",37385
42101026000,"North Philadelphia, Philadelphia, PA",37349
42101017800,"North Philadelphia, Philadelphia, PA",37290
42101027200,"North Philadelphia, Philadelphia, PA",37255
42101038100,"Northeast Philadelphia, Philadelphia, PA",37226
42101006600,"Elmwood, Philadelphia, PA",37157
42101028100,"Logan/ Ogontz/ Fern Rock, Philadelphia, PA",37005
42101014800,"Cecil B. Moore, Philadelphia, PA",36899
42101036700,"North Philadelphia, Philadelphia, PA",36860
34007601000,"Biedman, Camden, NJ",36827
34005702805,"Willingboro, NJ",36627
42045402400,"Darby, PA",36486
42101028800,"Juniata Park/ Feltonville, Philadelphia, PA",36407
42101008302,"Cobbs Creek, Philadelphia, PA",36168
42101007200,"Angora, Philadelphia, PA",36016
42101027600,"Logan/ Ogontz/ Fern Rock, Philadelphia, PA",35966
34007604100,"Oaklyn, NJ",35940
42045402100,"Lansdowne, PA",35830
34007601700,"Centerville, Camden, NJ",35810
42101017000,"North Philadelphia, Philadelphia, PA",35755
42101023900,"Northwest Philadelphia, Philadelphia, PA",35716
42101025900,"North Philadelphia, Philadelphia, PA",35672
42101011700,"West Philadelphia, Philadelphia, PA",35634
42101006900,"Southwest Philadelphia, Philadelphia, PA",35564
42101019900,"North Philadelphia, Philadelphia, PA",35553
42101019800,"Hunting Park, Philadelphia, PA",35492
42101011300,"Overbrook, Philadelphia, PA",35447
42101010600,"Haverford North, Philadelphia, PA",35433
42101001400,"Graduate Hospital, Philadelphia, PA",35418
42101008000,"West Philadelphia, Philadelphia, PA",35385
42101024400,"Germantown, Philadelphia, PA",35381
42101026301,"North Philadelphia, Philadelphia, PA",35267
42101016300,"North Philadelphia, Philadelphia, PA",35229
42101026302,"North Philadelphia, Philadelphia, PA",35189
42101013900,"Cecil B. Moore, Philadelphia, PA",35153
34005702802,"Willingboro, NJ",34825
42101024900,"East Germantown, Philadelphia, PA",34785
42101027700,"Logan/ Ogontz/ Fern Rock, Philadelphia, PA",34457
42101014600,"North Philadelphia, Philadelphia, PA",34285
42101019501,"Fairhill, Philadelphia, PA",34166
42101020101,"North Philadelphia, Philadelphia, PA",34142
34007601900,"Morgan Village, Camden, NJ",34099
42101025200,"East Germantown, Philadelphia, PA",34022
42101024700,"East Germantown, Philadelphia, PA",33747
42101006500,"Philadelphia, PA",33739
34007601200,"Stockton, Camden, NJ",33715
42101038300,"Hunting Park, Philadelphia, PA",33597
42101002100,"Point Breeze, Philadelphia, PA",33550
34005702808,"Willingboro, NJ",33491
42045402700,"Darby, PA",33410
42045402500,"Darby, PA",33396
34007601800,"Waterfront South, Camden, NJ",33348
42101011900,"Wynnefield, Philadelphia, PA",33272
34007600700,"Cooper Point, Camden, NJ",33265
42101027902,"Belfield, Philadelphia, PA",33217
42101025300,"East Mount Airy, Philadelphia, PA",33111
42101028000,"Olney-Oak Lane, Philadelphia, PA",33092
42101013700,"Brewerytown, Philadelphia, PA",33012
34007600900,"Cramer Hill, Camden, NJ",32991
42101011800,"Overbrook, Philadelphia, PA",32883
34007610400,"Lanning Square, Camden, NJ",32753
42101011100,"Carroll Park, Philadelphia, PA",32681
42101008500,"Cobbs Creek, Philadelphia, PA",32661
42101008200,"Angora, Philadelphia, PA",32654
42045404800,"Chester, PA",32616
42101028400,"North Philadelphia, Philadelphia, PA",32376
42101012201,"Wynnefield Heights, Philadelphia, PA",32365
42101008301,"Cobbs Creek, Philadelphia, PA",32281
42101017602,"Fairhill, Philadelphia, PA",32271
42101016901,"North Philadelphia, Philadelphia, PA",32266
42101008101,"Angora, Philadelphia, PA",32233
42101027800,"Olney-Oak Lane, Philadelphia, PA",32173
34007600800,"Pyne Poynt, Camden, NJ",32172
42101008400,"Cobbs Creek, Philadelphia, PA",32133
42045404400,"Chester, PA",32093
42101014500,"Ludlow, Philadelphia, PA",32041
42101026600,"North Philadelphia, Philadelphia, PA",32005
42101017400,"North Philadelphia, Philadelphia, PA",31703
42101027901,"North Philadelphia, Philadelphia, PA",31610
42101015300,"North Philadelphia, Philadelphia, PA",31527
42101008102,"West Philadelphia, Philadelphia, PA",31432
42101011200,"Carroll Park, Philadelphia, PA",31355
42101017100,"Allegheny West, Philadelphia, PA",31218
42101007102,"Southwest Philadelphia, Philadelphia, PA",30839
42101013300,"Fairmount, Philadelphia, PA",30631
34007601101,"Dudley, Camden, NJ",30572
42101009600,"Haddington, Philadelphia, PA",30482
42101010800,"Mantua, Philadelphia, PA",30427
42101008602,"Walnut Hill, Philadelphia, PA",30376
34007601400,"Parkside, Camden, NJ",30242
42101017201,"Allegheny West, Philadelphia, PA",30236
42101020500,"North Philadelphia, Philadelphia, PA",30109
42101003701,"South Philadelphia, Philadelphia, PA",29979
42101026500,"North Philadelphia, Philadelphia, PA",29952
34007601102,"Rosedale, Camden, NJ",29946
42101009500,"Haddington, Philadelphia, PA",29930
34007601500,"Whitman Park, Camden, NJ",29913
34007600200,"Gateway, Camden, NJ",29901
42101007700,"Spruce Hill, Philadelphia, PA",29855
42101024500,"East Germantown, Philadelphia, PA",29702
42101019700,"Hunting Park, Philadelphia, PA",29666
42101020000,"North Philadelphia, Philadelphia, PA",29608
42101026700,"North Philadelphia, Philadelphia, PA",29444
42101028300,"Logan/ Ogontz/ Fern Rock, Philadelphia, PA",29337
42101017202,"Allegheny West, Philadelphia, PA",29206
42101020200,"North Philadelphia, Philadelphia, PA",29132
42101016701,"North Philadelphia, Philadelphia, PA",28917
42045405000,"Chester, PA",28859
42101003100,"South Philadelphia, Philadelphia, PA",28850
42101007300,"Southwest Philadelphia, Philadelphia, PA",28815
42101017500,"Fairhill, Philadelphia, PA",28776
42045405100,"Chester, PA",28767
42101024100,"Germantown, Philadelphia, PA",28653
42101009400,"Haddington, Philadelphia, PA",28612
42101016800,"North Philadelphia, Philadelphia, PA",28555
42101010400,"Mill Creek, Philadelphia, PA",28451
42101013800,"Brewerytown, Philadelphia, PA",28196
42101037600,"North Philadelphia, Philadelphia, PA",28026
42101016902,"North Philadelphia, Philadelphia, PA",27978
42101014100,"Ludlow, Philadelphia, PA",27692
42101007101,"Southwest Philadelphia, Philadelphia, PA",27600
42101020300,"North Philadelphia, Philadelphia, PA",27491
42101009200,"West Powelton, Philadelphia, PA",27055
42101017300,"Allegheny West, Philadelphia, PA",26913
42101015200,"Cecil B. Moore, Philadelphia, PA",26881
42101013200,"North Philadelphia, Philadelphia, PA",26875
42101010700,"Belmont, Philadelphia, PA",26684
34007600400,"Bergen Square, Camden, NJ",26543
42101016702,"Glenwood, Philadelphia, PA",26398
42101010300,"Haddington, Philadelphia, PA",25936
42101016600,"North Philadelphia, Philadelphia, PA",25863
42101024600,"East Germantown, Philadelphia, PA",25785
42101020400,"North Philadelphia, Philadelphia, PA",25776
42101016400,"North Philadelphia, Philadelphia, PA",25572
42101014900,"North Philadelphia, Philadelphia, PA",25339
42101013100,"North Philadelphia, Philadelphia, PA",25217
42101005600,"Southwest Philadelphia, Philadelphia, PA",25166
42101002000,"Point Breeze, Philadelphia, PA",24721
34007601600,"Liberty Park, Camden, NJ",24148
42101016500,"North Philadelphia, Philadelphia, PA",24088
42101011000,"East Parkside, Philadelphia, PA",23826
42045406402,"Chester, PA",22983
42101037700,"North Philadelphia, Philadelphia, PA",22895
42045404900,"Chester, PA",22729
42101015102,"North Philadelphia, Philadelphia, PA",22469
42101014000,"Cecil B. Moore, Philadelphia, PA",17613
42101980500,"Hunting Park, Philadelphia, PA",
42101036400,"Northeast Philadelphia, Philadelphia, PA",
42101980800,"West Philadelphia, Philadelphia, PA",
42101980400,"Southwest Philadelphia, Philadelphia, PA",
42101980100,"Northwest Philadelphia, Philadelphia, PA",
42101980900,"Eastwick, Philadelphia, PA",
42101980600,"South Philadelphia, Philadelphia, PA",
42101980700,"South Philadelphia, Philadelphia, PA",
42101980300,"Northeast Philadelphia, Philadelphia, PA",
42101989100,"Holmesburg, Philadelphia, PA",
42101012203,"Wynnefield Heights, Philadelphia, PA",
42101980000,"Fairmount Park, Philadelphia, PA",