﻿"tract","Name","Household_Income_rP_gP_p50"
49043964305,"Park City, UT",70949
49011126402,"Bountiful, UT",63746
49035114800,"Greater Avenues, Salt Lake City, UT",62524
49035112615,"Sandy, UT",61500
49035100200,"Capitol Hill, Salt Lake City, UT",61221
49011126305,"Centerville, UT",60342
49035104100,"Salt Lake City, UT",60134
49011126405,"Bountiful, UT",60022
49043964401,"Park City, UT",59882
49035104400,"Sugar House, Salt Lake City, UT",59838
49043964307,"Park City, UT",58552
49035111306,"Cottonwood Heights, UT",58349
49043964101,"Coalville, UT",57869
49035110104,"Mount Olympus, Salt Lake City, UT",57478
49011126801,"Bountiful, UT",57272
49035113012,"South Jordan, UT",57147
49035104200,"East Bench, Salt Lake City, UT",56908
49035111001,"Holladay, UT",56577
49035110200,"Canyon Rim, Salt Lake City, UT",56532
49043964308,"Park City, UT",55968
49035111202,"Cottonwood Heights, UT",55943
49011126802,"Bountiful, UT",55854
49043964402,"Park City, UT",55427
49035110102,"Salt Lake City, UT",55241
49035110500,"Salt Lake City, UT",55232
49011126202,"Farmington, UT",55185
49035113007,"South Jordan, UT",55166
49035110702,"Holladay, UT",55053
49035112619,"Sandy, UT",54832
49035110900,"Holladay, UT",54759
49029970200,"Morgan, UT",54755
49035112614,"Sandy, UT",54563
49035112613,"Sandy, UT",54389
49035110600,"Salt Lake City, UT",54387
49035113010,"South Jordan, UT",54364
49011126304,"Centerville, UT",53833
49035113522,"Salt Lake City, UT",53833
49035113008,"South Jordan, UT",53548
49051960400,"Midway, UT",53457
49011126500,"Bountiful, UT",53167
49035115209,"West Jordan, UT",53151
49035104000,"Bonneville Hills, Salt Lake City, UT",53078
49035111103,"Murray, UT",53004
49043964102,"Coalville, UT",52909
49035112618,"Sandy, UT",52870
49035113533,"Salt Lake City, UT",52677
49035110103,"Salt Lake City, UT",52624
49035111002,"Cottonwood Heights, UT",52146
49011126901,"Bountiful, UT",51838
49035100800,"Capitol Hill, Salt Lake City, UT",51773
49011126306,"Centerville, UT",51768
49011127003,"West Bountiful, UT",51767
49035112608,"Sandy, UT",51726
49035112612,"Sandy, UT",51709
49035101400,"University, Salt Lake City, UT",51675
49035111304,"Cottonwood Heights, UT",51541
49043964303,"Park City, UT",51267
49035112616,"Sandy, UT",51126
49035101500,"Central City, Salt Lake City, UT",51094
49035112609,"Sandy, UT",51064
49011126902,"Bountiful, UT",51032
49035103900,"Sugar House, Salt Lake City, UT",50927
49035110402,"Salt Lake City, UT",50919
49035113102,"Teton Estates, West Jordan, UT",50668
49035113108,"West Jordan, UT",50555
49035112921,"West Jordan, UT",50455
49035104700,"Sugar House, Salt Lake City, UT",50314
49035103800,"Sugar House, Salt Lake City, UT",50193
49035112912,"West Jordan, UT",49905
49035112302,"Murray, UT",49899
49035113515,"Taylorsville, UT",49746
49035113105,"Herriman, UT",49745
49035111305,"Cottonwood Heights, UT",49743
49035112917,"West Jordan, UT",49575
49035101900,"Central City, Salt Lake City, UT",49467
49035112301,"Murray, UT",49393
49035114200,"West Jordan, UT",49306
49035114300,"West Jordan, UT",49280
49043964304,"Park City, UT",49273
49035112604,"Sandy, UT",49085
49035112905,"Ivory Highlands, West Jordan, UT",49025
49035101101,"Greater Avenues, Salt Lake City, UT",48900
49035111302,"Cottonwood Heights, UT",48805
49035101700,"Central City, Salt Lake City, UT",48710
49011127004,"Woods Cross, UT",48642
49011126404,"North Salt Lake, UT",48415
49011126600,"Bountiful, UT",48391
49035111102,"Holladay, UT",48379
49011126406,"North Salt Lake, UT",48349
49035110800,"Holladay, UT",48295
49035102100,"Central City, Salt Lake City, UT",48261
49035113411,"West Valley City, UT",48163
49035113511,"Taylorsville, UT",48087
49035111101,"Salt Lake City, UT",47980
49035112913,"West Jordan, UT",47928
49011125403,"Syracuse, UT",47330
49035104800,"Sugar House, Salt Lake City, UT",47280
49035103600,"Yalecrest, Salt Lake City, UT",47220
49035110701,"Millcreek, UT",47204
49035113513,"Salt Lake City, UT",47107
49035113413,"West Valley City, UT",47060
49035110300,"Canyon Rim, Salt Lake City, UT",46887
49035112501,"Midvale, UT",46872
49035114000,"Downtown, Salt Lake City, UT",46728
49035113532,"Salt Lake City, UT",46702
49035112100,"Murray, UT",46684
49035112907,"West Jordan, UT",46529
49035111903,"Millcreek, UT",46526
49035112904,"West Jordan, UT",46241
49035112503,"Midvale, UT",46222
49011126700,"Bountiful, UT",46190
49035110401,"Millcreek, UT",46145
49035113510,"Salt Lake City, UT",46143
49035113537,"West Valley City, UT",46025
49035114100,"Sugar House, Salt Lake City, UT",46012
49035103400,"East Central, Salt Lake City, UT",46008
49035112202,"Murray, UT",45956
49043964306,"Park City, UT",45895
49035113535,"West Jordan, UT",45879
49035104300,"Sugar House, Salt Lake City, UT",45810
49035112605,"Sandy, UT",45677
49035112201,"Murray, UT",45661
49011127002,"North Salt Lake, UT",45429
49035112914,"West Jordan, UT",45293
49035112502,"Midvale, UT",45269
49035113539,"West Valley City, UT",45224
49035112611,"Sandy, UT",45199
49035101102,"Greater Avenues, Salt Lake City, UT",45178
49035112918,"West Jordan, UT",45154
49035113412,"West Valley City, UT",45108
49035111801,"Millcreek, UT",44878
49045130701,"Erda, UT",44836
49035112920,"West Jordan, UT",44823
49035111905,"Murray, UT",44494
49035113101,"West Jordan, UT",44462
49035113523,"Salt Lake City, UT",44373
49035103700,"Wasatch Hollow, Salt Lake City, UT",44321
49035113521,"Taylorsville, UT",44226
49035112002,"Murray, UT",44179
49035111201,"Cottonwood Heights, UT",44160
49035113409,"West Valley City, UT",44153
49035111906,"Salt Lake City, UT",44095
49035113408,"West Valley City, UT",44092
49035113410,"West Valley City, UT",43964
49035113525,"West Valley City, UT",43949
49035112916,"West Jordan, UT",43829
49035114500,"West Valley City, UT",43789
49035113526,"Kearns, UT",43664
49035113528,"West Jordan, UT",43586
49035113538,"West Valley City, UT",43536
49035103500,"Central City, Salt Lake City, UT",43496
49035112402,"Midvale, UT",43492
49035101000,"Greater Avenues, Salt Lake City, UT",43445
49035101200,"Greater Avenues, Salt Lake City, UT",43395
49035113520,"West Valley City, UT",43389
49035112700,"Sandy, UT",43298
49035101600,"Central City, Salt Lake City, UT",43263
49035101800,"Central City, Salt Lake City, UT",43252
49035113803,"Kearns, UT",43026
49035113505,"West Valley City, UT",42895
49035111802,"Millcreek, UT",42759
49035113701,"Kearns, UT",42696
49035113509,"West Valley City, UT",42458
49035111904,"Millcreek, UT",42336
49035113309,"West Valley City, UT",42225
49035112610,"Sandy, UT",41981
49035113903,"Magna, UT",41947
49035113801,"Kearns, UT",41922
49035113310,"West Valley City, UT",41909
49035113527,"West Jordan, UT",41843
49035113407,"West Valley City, UT",41689
49035113904,"Magna, UT",41602
49035113406,"West Valley City, UT",41596
49035113514,"Taylorsville, UT",41505
49035113905,"Magna, UT",41455
49035100307,"Westpointe, Salt Lake City, UT",41315
49035113536,"West Valley City, UT",41143
49035100306,"Salt Lake City, UT",41036
49035111702,"South Salt Lake, UT",40918
49035113306,"West Valley City, UT",40840
49035111400,"South Salt Lake, UT",40784
49035112404,"Midvale, UT",40662
49035103300,"Sugar House, Salt Lake City, UT",40499
49035113907,"Magna, UT",40490
49049010900,"Springville, UT",40128
49035114700,"Rose Park, Salt Lake City, UT",40066
49035113702,"Kearns, UT",40010
49035112001,"Murray, UT",39792
49035113512,"Taylorsville, UT",39626
49035102802,"Glendale, Salt Lake City, UT",39503
49035100308,"Westpointe, Salt Lake City, UT",39396
49035113305,"West Valley City, UT",39006
49035100700,"Capitol Hill, Salt Lake City, UT",38969
49035100500,"Rose Park, Salt Lake City, UT",38951
49035102900,"People's Freeway, Salt Lake City, UT",38623
49035111701,"South Salt Lake, UT",38495
49035102500,"Downtown, Salt Lake City, UT",38474
49035112403,"Midvale, UT",38048
49035113600,"Kearns, UT",37993
49035113308,"West Valley City, UT",37818
49035113307,"West Valley City, UT",37725
49035111600,"South Salt Lake, UT",37685
49035111500,"South Salt Lake, UT",37401
49035100600,"Fairpark, Salt Lake City, UT",37389
49035103100,"Liberty Wells, Salt Lake City, UT",37357
49035113906,"Magna, UT",36874
49035113534,"West Jordan, UT",36825
49035102702,"Poplar Grove, Salt Lake City, UT",36784
49035113802,"Kearns, UT",36420
49035102801,"Glendale, Salt Lake City, UT",36200
49035104900,"Sugar House, Salt Lake City, UT",35647
49035103200,"Liberty Wells, Salt Lake City, UT",35589
49035100100,"Fairpark, Salt Lake City, UT",35450
49035103000,"Central City, Salt Lake City, UT",35391
49035102600,"Poplar Grove, Salt Lake City, UT",35013
49035102701,"Poplar Grove, Salt Lake City, UT",34724
49035102300,"Central City, Salt Lake City, UT",33597
49035102000,"Central City, Salt Lake City, UT",32499
49035980000,"Westpointe, Salt Lake City, UT",