﻿"tract","Name","Household_Income_rP_gP_p25"
49043964305,"Park City, UT",72789
49035100200,"Capitol Hill, Salt Lake City, UT",58460
49011126402,"Bountiful, UT",57672
49035112615,"Sandy, UT",56895
49035114800,"Greater Avenues, Salt Lake City, UT",56884
49011126305,"Centerville, UT",56509
49043964401,"Park City, UT",56255
49011126405,"Bountiful, UT",56100
49035104100,"Salt Lake City, UT",55468
49043964307,"Park City, UT",55311
49035111306,"Cottonwood Heights, UT",54942
49035113007,"South Jordan, UT",54224
49035110104,"Mount Olympus, Salt Lake City, UT",53611
49043964308,"Park City, UT",52801
49043964402,"Park City, UT",52457
49035104400,"Sugar House, Salt Lake City, UT",51779
49011126801,"Bountiful, UT",51681
49035113012,"South Jordan, UT",51409
49035115209,"West Jordan, UT",50942
49035111202,"Cottonwood Heights, UT",50831
49035112619,"Sandy, UT",50285
49035104200,"East Bench, Salt Lake City, UT",50235
49035110200,"Canyon Rim, Salt Lake City, UT",50152
49035110102,"Salt Lake City, UT",49917
49043964101,"Coalville, UT",49828
49035113522,"Salt Lake City, UT",49767
49035111001,"Holladay, UT",49171
49011126802,"Bountiful, UT",49038
49051960400,"Midway, UT",48805
49011126202,"Farmington, UT",48667
49035112613,"Sandy, UT",48454
49035110500,"Salt Lake City, UT",48297
49035103800,"Sugar House, Salt Lake City, UT",48002
49035113102,"Teton Estates, West Jordan, UT",47889
49035113008,"South Jordan, UT",47874
49035101500,"Central City, Salt Lake City, UT",47645
49035113105,"Herriman, UT",47230
49035110600,"Salt Lake City, UT",47165
49035111103,"Murray, UT",47152
49035110702,"Holladay, UT",47128
49035104000,"Bonneville Hills, Salt Lake City, UT",47061
49035113010,"South Jordan, UT",47007
49035110900,"Holladay, UT",47005
49035112614,"Sandy, UT",46718
49035110103,"Salt Lake City, UT",46435
49035101102,"Greater Avenues, Salt Lake City, UT",46350
49029970200,"Morgan, UT",46193
49035112618,"Sandy, UT",46116
49011126304,"Centerville, UT",45976
49043964306,"Park City, UT",45972
49035101101,"Greater Avenues, Salt Lake City, UT",45732
49035104700,"Sugar House, Salt Lake City, UT",45404
49035112608,"Sandy, UT",45351
49011126500,"Bountiful, UT",45115
49035111002,"Cottonwood Heights, UT",44806
49035111305,"Cottonwood Heights, UT",44698
49035101400,"University, Salt Lake City, UT",44659
49035113533,"Salt Lake City, UT",44569
49011126902,"Bountiful, UT",44560
49011127003,"West Bountiful, UT",44503
49035111304,"Cottonwood Heights, UT",44499
49035112612,"Sandy, UT",44428
49043964303,"Park City, UT",44096
49035103900,"Sugar House, Salt Lake City, UT",43846
49035112604,"Sandy, UT",43820
49035112616,"Sandy, UT",43447
49035112917,"West Jordan, UT",43319
49035112609,"Sandy, UT",43257
49011126306,"Centerville, UT",43005
49035100800,"Capitol Hill, Salt Lake City, UT",42796
49035111302,"Cottonwood Heights, UT",42750
49011126901,"Bountiful, UT",42723
49035113108,"West Jordan, UT",42695
49035113511,"Taylorsville, UT",42679
49035114300,"West Jordan, UT",42396
49011126406,"North Salt Lake, UT",42334
49043964102,"Coalville, UT",42167
49035112912,"West Jordan, UT",42106
49035113515,"Taylorsville, UT",42084
49043964304,"Park City, UT",42056
49035113411,"West Valley City, UT",41835
49035110402,"Salt Lake City, UT",41801
49035113412,"West Valley City, UT",41779
49035110701,"Millcreek, UT",41689
49035112302,"Murray, UT",41164
49035111101,"Salt Lake City, UT",41021
49035111102,"Holladay, UT",40981
49035112921,"West Jordan, UT",40942
49035112905,"Ivory Highlands, West Jordan, UT",40919
49035104800,"Sugar House, Salt Lake City, UT",40854
49011126404,"North Salt Lake, UT",40626
49011126600,"Bountiful, UT",40600
49035112501,"Midvale, UT",40536
49035113510,"Salt Lake City, UT",40427
49035113413,"West Valley City, UT",40373
49035112920,"West Jordan, UT",40228
49035110800,"Holladay, UT",40057
49011127004,"Woods Cross, UT",40024
49035114200,"West Jordan, UT",39793
49011126700,"Bountiful, UT",39649
49035103700,"Wasatch Hollow, Salt Lake City, UT",39472
49011125403,"Syracuse, UT",39418
49035112904,"West Jordan, UT",39340
49045130701,"Erda, UT",39313
49035103600,"Yalecrest, Salt Lake City, UT",39224
49035113535,"West Jordan, UT",39213
49035113525,"West Valley City, UT",38990
49035112202,"Murray, UT",38859
49035112907,"West Jordan, UT",38843
49035103400,"East Central, Salt Lake City, UT",38752
49035112301,"Murray, UT",38551
49035112913,"West Jordan, UT",38522
49035112503,"Midvale, UT",38504
49035113408,"West Valley City, UT",38403
49035104300,"Sugar House, Salt Lake City, UT",38400
49049010900,"Springville, UT",38243
49035112100,"Murray, UT",38118
49035113526,"Kearns, UT",38042
49035112605,"Sandy, UT",37900
49035110300,"Canyon Rim, Salt Lake City, UT",37723
49035111201,"Cottonwood Heights, UT",37723
49035112918,"West Jordan, UT",37596
49035103500,"Central City, Salt Lake City, UT",37555
49035112502,"Midvale, UT",37404
49035110401,"Millcreek, UT",37371
49035113523,"Salt Lake City, UT",37334
49035113528,"West Jordan, UT",37297
49035112201,"Murray, UT",37210
49035111801,"Millcreek, UT",37124
49035113537,"West Valley City, UT",37104
49035113527,"West Jordan, UT",37079
49035111906,"Salt Lake City, UT",37026
49035112700,"Sandy, UT",36979
49035113539,"West Valley City, UT",36933
49035113907,"Magna, UT",36818
49011127002,"North Salt Lake, UT",36762
49035114500,"West Valley City, UT",36699
49035114100,"Sugar House, Salt Lake City, UT",36694
49035111905,"Murray, UT",36618
49035113532,"Salt Lake City, UT",36458
49035114000,"Downtown, Salt Lake City, UT",36412
49035113410,"West Valley City, UT",36322
49035112611,"Sandy, UT",36308
49035101200,"Greater Avenues, Salt Lake City, UT",36103
49035102100,"Central City, Salt Lake City, UT",35895
49035111903,"Millcreek, UT",35895
49035113513,"Salt Lake City, UT",35891
49035101900,"Central City, Salt Lake City, UT",35883
49035112914,"West Jordan, UT",35848
49035113409,"West Valley City, UT",35825
49035113520,"West Valley City, UT",35791
49035113701,"Kearns, UT",35620
49035111904,"Millcreek, UT",35572
49035113803,"Kearns, UT",35338
49035112002,"Murray, UT",35238
49035103300,"Sugar House, Salt Lake City, UT",35069
49035100307,"Westpointe, Salt Lake City, UT",34935
49035101800,"Central City, Salt Lake City, UT",34922
49035113509,"West Valley City, UT",34834
49035111802,"Millcreek, UT",34748
49035113512,"Taylorsville, UT",34706
49035112916,"West Jordan, UT",34640
49035113534,"West Jordan, UT",34606
49035101000,"Greater Avenues, Salt Lake City, UT",34486
49035113101,"West Jordan, UT",34404
49035112001,"Murray, UT",34388
49035101600,"Central City, Salt Lake City, UT",34345
49035113407,"West Valley City, UT",34328
49035113521,"Taylorsville, UT",34278
49035101700,"Central City, Salt Lake City, UT",34238
49035113309,"West Valley City, UT",34146
49035113306,"West Valley City, UT",34120
49035112402,"Midvale, UT",34066
49035102802,"Glendale, Salt Lake City, UT",33940
49035112610,"Sandy, UT",33891
49035113514,"Taylorsville, UT",33855
49035100306,"Salt Lake City, UT",33689
49035111702,"South Salt Lake, UT",33640
49035113538,"West Valley City, UT",33239
49035113801,"Kearns, UT",33102
49035113505,"West Valley City, UT",32947
49035113310,"West Valley City, UT",32770
49035111701,"South Salt Lake, UT",32752
49035113406,"West Valley City, UT",32728
49035111600,"South Salt Lake, UT",32702
49035112404,"Midvale, UT",32618
49035113536,"West Valley City, UT",32523
49035113906,"Magna, UT",32296
49035113802,"Kearns, UT",32289
49035113905,"Magna, UT",32080
49035113903,"Magna, UT",31966
49035100100,"Fairpark, Salt Lake City, UT",31935
49035113904,"Magna, UT",31809
49035113308,"West Valley City, UT",31762
49035113600,"Kearns, UT",31670
49035100600,"Fairpark, Salt Lake City, UT",31420
49035100700,"Capitol Hill, Salt Lake City, UT",31219
49035111400,"South Salt Lake, UT",31069
49035113307,"West Valley City, UT",30846
49035100500,"Rose Park, Salt Lake City, UT",30746
49035102702,"Poplar Grove, Salt Lake City, UT",30724
49035113702,"Kearns, UT",30521
49035103200,"Liberty Wells, Salt Lake City, UT",30303
49035114700,"Rose Park, Salt Lake City, UT",30259
49035100308,"Westpointe, Salt Lake City, UT",29978
49035113305,"West Valley City, UT",29619
49035103100,"Liberty Wells, Salt Lake City, UT",29489
49035102801,"Glendale, Salt Lake City, UT",29397
49035111500,"South Salt Lake, UT",29118
49035102500,"Downtown, Salt Lake City, UT",29073
49035102900,"People's Freeway, Salt Lake City, UT",29034
49035112403,"Midvale, UT",28884
49035102600,"Poplar Grove, Salt Lake City, UT",28640
49035103000,"Central City, Salt Lake City, UT",28422
49035104900,"Sugar House, Salt Lake City, UT",28179
49035102701,"Poplar Grove, Salt Lake City, UT",27986
49035102300,"Central City, Salt Lake City, UT",26346
49035102000,"Central City, Salt Lake City, UT",25317
49035980000,"Westpointe, Salt Lake City, UT",