﻿"tract","Name","Household_Income_rP_gP_p75"
49011126402,"Bountiful, UT",70012
49043964305,"Park City, UT",69226
49035104400,"Sugar House, Salt Lake City, UT",68516
49035114800,"Greater Avenues, Salt Lake City, UT",68343
49035101700,"Central City, Salt Lake City, UT",66672
49043964101,"Coalville, UT",66600
49035112615,"Sandy, UT",66195
49035101900,"Central City, Salt Lake City, UT",66062
49043964102,"Coalville, UT",65335
49035104100,"Salt Lake City, UT",64911
49035111001,"Holladay, UT",64572
49029970200,"Morgan, UT",64229
49011126305,"Centerville, UT",64217
49035104200,"East Bench, Salt Lake City, UT",64012
49011126405,"Bountiful, UT",63988
49035100200,"Capitol Hill, Salt Lake City, UT",63971
49035110702,"Holladay, UT",63718
49043964401,"Park City, UT",63537
49035110200,"Canyon Rim, Salt Lake City, UT",63300
49035110900,"Holladay, UT",63223
49011126802,"Bountiful, UT",63161
49035113012,"South Jordan, UT",63157
49035112614,"Sandy, UT",63150
49011126801,"Bountiful, UT",63114
49035102100,"Central City, Salt Lake City, UT",63048
49035110500,"Salt Lake City, UT",62682
49011126304,"Centerville, UT",62434
49035113010,"South Jordan, UT",62347
49035110600,"Salt Lake City, UT",62205
49011126202,"Farmington, UT",62136
49011126901,"Bountiful, UT",62095
49011126500,"Bountiful, UT",62037
49035112301,"Murray, UT",62005
49035100800,"Capitol Hill, Salt Lake City, UT",61852
49043964307,"Park City, UT",61803
49035111306,"Cottonwood Heights, UT",61775
49035113533,"Salt Lake City, UT",61624
49011126306,"Centerville, UT",61571
49035110104,"Mount Olympus, Salt Lake City, UT",61412
49035111202,"Cottonwood Heights, UT",61270
49035112921,"West Jordan, UT",61252
49035110402,"Salt Lake City, UT",61188
49035110102,"Salt Lake City, UT",60801
49035112613,"Sandy, UT",60672
49035113513,"Salt Lake City, UT",60231
49035112618,"Sandy, UT",60143
49035111002,"Cottonwood Heights, UT",60136
49035114200,"West Jordan, UT",60107
49011127003,"West Bountiful, UT",59677
49035112302,"Murray, UT",59676
49035112609,"Sandy, UT",59650
49035112612,"Sandy, UT",59641
49035112616,"Sandy, UT",59548
49035113008,"South Jordan, UT",59534
49035112619,"Sandy, UT",59529
49035104000,"Bonneville Hills, Salt Lake City, UT",59475
49035101400,"University, Salt Lake City, UT",59278
49035110103,"Salt Lake City, UT",59222
49035113108,"West Jordan, UT",59206
49035111103,"Murray, UT",59206
49035111304,"Cottonwood Heights, UT",59182
49043964308,"Park City, UT",59162
49043964303,"Park City, UT",59061
49035111903,"Millcreek, UT",58820
49035103900,"Sugar House, Salt Lake City, UT",58610
49035114000,"Downtown, Salt Lake City, UT",58595
49035112913,"West Jordan, UT",58590
49035112608,"Sandy, UT",58560
49035112912,"West Jordan, UT",58486
49035113532,"Salt Lake City, UT",58470
49043964402,"Park City, UT",58412
49051960400,"Midway, UT",58280
49011127004,"Woods Cross, UT",58274
49035113515,"Taylorsville, UT",58152
49035113522,"Salt Lake City, UT",58005
49035112905,"Ivory Highlands, West Jordan, UT",57996
49011126902,"Bountiful, UT",57978
49035110800,"Holladay, UT",57429
49035110300,"Canyon Rim, Salt Lake City, UT",57215
49043964304,"Park City, UT",57127
49011126404,"North Salt Lake, UT",56985
49011126600,"Bountiful, UT",56965
49035114300,"West Jordan, UT",56723
49035114100,"Sugar House, Salt Lake City, UT",56530
49035111102,"Holladay, UT",56457
49035112917,"West Jordan, UT",56259
49035112100,"Murray, UT",56229
49035113007,"South Jordan, UT",56076
49011125403,"Syracuse, UT",56055
49035103600,"Yalecrest, Salt Lake City, UT",56045
49035113537,"West Valley City, UT",56019
49035110401,"Millcreek, UT",55952
49035112914,"West Jordan, UT",55948
49035113101,"West Jordan, UT",55902
49035111101,"Salt Lake City, UT",55515
49035113521,"Taylorsville, UT",55511
49035104700,"Sugar House, Salt Lake City, UT",55438
49035115209,"West Jordan, UT",55352
49035113538,"West Valley City, UT",55264
49035111302,"Cottonwood Heights, UT",55262
49035112611,"Sandy, UT",55133
49011127002,"North Salt Lake, UT",55079
49035112201,"Murray, UT",55041
49035111305,"Cottonwood Heights, UT",55015
49035112907,"West Jordan, UT",54955
49035113411,"West Valley City, UT",54937
49011126406,"North Salt Lake, UT",54748
49035112503,"Midvale, UT",54689
49035112604,"Sandy, UT",54608
49035101500,"Central City, Salt Lake City, UT",54594
49035113539,"West Valley City, UT",54387
49035113413,"West Valley City, UT",54265
49035112605,"Sandy, UT",54206
49035104800,"Sugar House, Salt Lake City, UT",54176
49035112002,"Murray, UT",54143
49035113505,"West Valley City, UT",54117
49035112916,"West Jordan, UT",54104
49035112402,"Midvale, UT",54064
49035112502,"Midvale, UT",53901
49035103400,"East Central, Salt Lake City, UT",53899
49035104300,"Sugar House, Salt Lake City, UT",53889
49035113511,"Taylorsville, UT",53780
49035112904,"West Jordan, UT",53703
49035112501,"Midvale, UT",53654
49035112202,"Murray, UT",53652
49035113102,"Teton Estates, West Jordan, UT",53457
49035101000,"Greater Avenues, Salt Lake City, UT",53412
49035112918,"West Jordan, UT",53401
49035111801,"Millcreek, UT",53369
49035113409,"West Valley City, UT",53337
49011126700,"Bountiful, UT",53214
49035101600,"Central City, Salt Lake City, UT",53163
49035113903,"Magna, UT",53157
49035111905,"Murray, UT",53119
49035113535,"West Jordan, UT",53048
49035110701,"Millcreek, UT",53021
49035113904,"Magna, UT",52547
49035101800,"Central City, Salt Lake City, UT",52411
49035103800,"Sugar House, Salt Lake City, UT",52373
49035113410,"West Valley City, UT",52288
49035113105,"Herriman, UT",52252
49035113510,"Salt Lake City, UT",52194
49035101101,"Greater Avenues, Salt Lake City, UT",52103
49035113310,"West Valley City, UT",52033
49035113523,"Salt Lake City, UT",51969
49035113905,"Magna, UT",51853
49035111906,"Salt Lake City, UT",51720
49035113520,"West Valley City, UT",51643
49035113801,"Kearns, UT",51637
49035111400,"South Salt Lake, UT",51573
49035111802,"Millcreek, UT",51497
49035114500,"West Valley City, UT",51434
49035113803,"Kearns, UT",51374
49035113406,"West Valley City, UT",51358
49035101200,"Greater Avenues, Salt Lake City, UT",51280
49035113309,"West Valley City, UT",51034
49035111201,"Cottonwood Heights, UT",51033
49035114700,"Rose Park, Salt Lake City, UT",50933
49035112610,"Sandy, UT",50793
49035113509,"West Valley City, UT",50719
49045130701,"Erda, UT",50655
49035113536,"West Valley City, UT",50578
49035113702,"Kearns, UT",50469
49035113701,"Kearns, UT",50296
49035113528,"West Jordan, UT",50279
49035113408,"West Valley City, UT",50086
49035112700,"Sandy, UT",50018
49035103500,"Central City, Salt Lake City, UT",49780
49035113514,"Taylorsville, UT",49760
49035100308,"Westpointe, Salt Lake City, UT",49718
49035113407,"West Valley City, UT",49600
49035112920,"West Jordan, UT",49588
49035113526,"Kearns, UT",49584
49035111904,"Millcreek, UT",49563
49035112404,"Midvale, UT",49364
49035103700,"Wasatch Hollow, Salt Lake City, UT",49363
49035113305,"West Valley City, UT",49267
49035113525,"West Valley City, UT",49111
49035102900,"People's Freeway, Salt Lake City, UT",49107
49035100306,"Salt Lake City, UT",48911
49035102500,"Downtown, Salt Lake City, UT",48711
49035111702,"South Salt Lake, UT",48704
49035113412,"West Valley City, UT",48482
49035100307,"Westpointe, Salt Lake City, UT",48058
49035113306,"West Valley City, UT",47964
49035112403,"Midvale, UT",47962
49035100500,"Rose Park, Salt Lake City, UT",47761
49035100700,"Capitol Hill, Salt Lake City, UT",47234
49035113527,"West Jordan, UT",46758
49035111500,"South Salt Lake, UT",46216
49035103300,"Sugar House, Salt Lake City, UT",46127
49043964306,"Park City, UT",45821
49035103100,"Liberty Wells, Salt Lake City, UT",45683
49035112001,"Murray, UT",45383
49035102802,"Glendale, Salt Lake City, UT",45263
49035113307,"West Valley City, UT",44921
49035113512,"Taylorsville, UT",44674
49035113600,"Kearns, UT",44566
49035111701,"South Salt Lake, UT",44433
49035113907,"Magna, UT",44199
49035113308,"West Valley City, UT",44089
49035101102,"Greater Avenues, Salt Lake City, UT",44077
49035100600,"Fairpark, Salt Lake City, UT",43545
49035104900,"Sugar House, Salt Lake City, UT",43429
49035102801,"Glendale, Salt Lake City, UT",43254
49035102702,"Poplar Grove, Salt Lake City, UT",43028
49035111600,"South Salt Lake, UT",42769
49035103000,"Central City, Salt Lake City, UT",42604
49049010900,"Springville, UT",41983
49035102701,"Poplar Grove, Salt Lake City, UT",41651
49035102600,"Poplar Grove, Salt Lake City, UT",41550
49035113906,"Magna, UT",41505
49035102300,"Central City, Salt Lake City, UT",41035
49035103200,"Liberty Wells, Salt Lake City, UT",40959
49035113802,"Kearns, UT",40574
49035102000,"Central City, Salt Lake City, UT",39804
49035113534,"West Jordan, UT",39004
49035100100,"Fairpark, Salt Lake City, UT",38951
49035980000,"Westpointe, Salt Lake City, UT",