﻿"tract","Name","Household_Income_rP_gP_p75"
53033024602,"Mercer Island, WA",72533
53033005301,"Northeast Seattle, Seattle, WA",71959
53033024901,"Somerset, Bellevue, WA",68525
53035081400,"Bremerton, WA",68004
53033024200,"Medina, WA",67347
53033024903,"Somerset, Bellevue, WA",67171
53033024400,"Mercer Island, WA",67000
53061050600,"Woodway, WA",66552
53033024500,"Mercer Island, WA",65559
53033032214,"Sammamish, WA",65535
53033022902,"Viewpoint, Redmond, WA",65316
53033025003,"Cougar Mountain, Bellevue, WA",65012
53033025005,"Newcastle, WA",64457
53033032213,"Sammamish, WA",64315
53061052113,"Snohomish, WA",64191
53033032207,"Sammamish, WA",63960
53033031909,"Renton, WA",63810
53033024902,"Cougar Mountain, Bellevue, WA",63691
53033032212,"Klahanie, Issaquah, WA",63269
53033032317,"Sammamish, WA",63219
53033032316,"Sammamish, WA",62958
53033022300,"Inglewood-Finn Hill, Kirkland, WA",62885
53033025006,"Renton, WA",62881
53033022102,"Kenmore, WA",62602
53033032318,"Sammamish, WA",62467
53033024300,"Mercer Island, WA",62394
53033028600,"Normandy Park, WA",62300
53033032328,"Redmond, WA",62226
53033023404,"Issaquah, WA",62174
53033004600,"Wallingford, Seattle, WA",61933
53031950702,"Jefferson County, WA",61932
53033003800,"Northeast Seattle, Seattle, WA",61912
53033032211,"Issaquah, WA",61865
53033031907,"Renton, WA",61665
53033024100,"Clyde Hill, WA",61633
53033022702,"Central Houghton, Kirkland, WA",61630
53033005600,"Briarcliff, Seattle, WA",61607
53033025001,"Newport, Renton, WA",61565
53033032800,"North Bend, WA",61489
53033010002,"Greater Duwamish, Seattle, WA",61432
53033032323,"Education Hill, Redmond, WA",61417
53033032329,"Redmond Ridge, Redmond, WA",61341
53033032203,"Sammamish, WA",61323
53033032326,"Woodinville, WA",61165
53033006300,"Madison Park, Seattle, WA",60941
53033022606,"Grass Lawn, Redmond, WA",60814
53033005200,"Northeast Seattle, Seattle, WA",60775
53033022901,"Northeast Bellevue, Bellevue, WA",60598
53033032315,"Redmond, WA",60393
53033022500,"Moss Bay, Kirkland, WA",60375
53053072504,"Gig Harbor, WA",60259
53033003900,"Northeast Seattle, Seattle, WA",60156
53033032327,"Redmond, WA",60146
53033000500,"Broadview, Seattle, WA",60134
53033006500,"Capitol Hill, Seattle, WA",60105
53033022001,"Bothell, WA",60072
53033023000,"Northeast Bellevue, Bellevue, WA",59950
53033032322,"English Hill, Redmond, WA",59920
53033004100,"Laurelhurst, Seattle, WA",59860
53033032208,"Sammamish, WA",59768
53033006100,"Seattle, WA",59693
53035080101,"Bremerton, WA",59650
53033024601,"Mercer Island, WA",59646
53033029304,"Renton, WA",59582
53033032321,"Redmond, WA",59514
53033021500,"Lake Forest Park, WA",59403
53033006000,"North Queen Anne, Seattle, WA",59333
53033010900,"Georgetown, Seattle, WA",59172
53033024000,"Northwest Bellevue, Bellevue, WA",59160
53033021906,"West Ridge, Woodinville, WA",59001
53033022400,"Norkirk, Kirkland, WA",58935
53033032319,"Town Center, Woodinville, WA",58918
53033022801,"Bridle Trails, Bellevue, WA",58849
53033024702,"Newcastle, WA",58731
53033022703,"Bridle Trails, Kirkland, WA",58715
53033032102,"Issaquah, WA",58672
53033000800,"Lake City, Seattle, WA",58633
53033020200,"Hillwood, Shoreline, WA",58623
53033020800,"Richmond Highlands, Shoreline, WA",58618
53061051918,"Bothell, WA",58446
53033020100,"Richmond Beach, Shoreline, WA",58393
53033031800,"Kent, WA",58391
53033021904,"Kingsgate, Kirkland, WA",58386
53033025602,"Renton, WA",58371
53033031502,"Enumclaw, WA",58328
53033031908,"Renton, WA",58111
53033023603,"Crossroads, Bellevue, WA",58058
53033032006,"Kent, WA",58002
53061051914,"Brier, WA",57951
53033021905,"Bothell, WA",57857
53033006800,"Queen Anne, Seattle, WA",57795
53033032401,"Duvall, WA",57794
53033031906,"Renton, WA",57730
53033031605,"Black Diamond, WA",57671
53033022604,"South Rose Hill, Kirkland, WA",57615
53033021400,"Lake Forest Park, WA",57553
53033001600,"North Beach/ Blue Ridge, Seattle, WA",57539
53033032307,"Woodinville, WA",57531
53033023900,"West Bellevue, Bellevue, WA",57523
53033010702,"Delridge, Seattle, WA",57481
53033024701,"Newport, Bellevue, WA",57421
53033000100,"North Seattle, Seattle, WA",57407
53061051926,"Bothell, WA",57383
53035091000,"Bainbridge Island, WA",57232
53033002200,"Northeast Seattle, Seattle, WA",57200
53033004301,"Northeast Seattle, Seattle, WA",57200
53033029303,"Renton, WA",57171
53033022203,"Inglewood-Finn Hill, Kirkland, WA",57117
53033032104,"Squak Mountain, Issaquah, WA",57094
53033029405,"Kent, WA",57048
53033023403,"West Lake Sammamish, Bellevue, WA",57030
53033032320,"Leota, Woodinville, WA",57018
53031950202,"Quilcene, WA",57001
53035091302,"Silverdale, WA",56840
53033022803,"Overlake, Redmond, WA",56835
53033004200,"Northeast Seattle, Seattle, WA",56830
53033004400,"Northeast Seattle, Seattle, WA",56818
53033027800,"Burien, WA",56731
53033022201,"Inglewood-Finn Hill, Kirkland, WA",56713
53033032324,"Education Hill, Redmond, WA",56621
53033032325,"Education Hill, Redmond, WA",56597
53033029406,"Kent, WA",56549
53033022605,"Willow - Rose Hill, Redmond, WA",56503
53033021700,"Kenmore, WA",56468
53033031703,"Kent, WA",56467
53033000600,"Northgate, Seattle, WA",56348
53033029101,"Kent, WA",56333
53033023801,"West Bellevue, Bellevue, WA",56316
53035091400,"Bremerton, WA",56220
53033022003,"Inglewood-Finn Hill, Kirkland, WA",56169
53033022202,"Inglewood-Finn Hill, Kirkland, WA",56145
53033021803,"Bothell, WA",56119
53033030100,"Federal Way, WA",56110
53061051925,"Canyon Park, Bothell, WA",56054
53033020300,"Echo Lake, Shoreline, WA",56049
53033032500,"Carnation, WA",56042
53033003400,"Phinney Ridge, Seattle, WA",56018
53033020900,"Highland Terrace, Shoreline, WA",56004
53033006400,"Capitol Hill, Seattle, WA",55974
53033032010,"Maple Valley, WA",55954
53061050700,"Edmonds, WA",55943
53033029602,"Auburn, WA",55920
53033002400,"Northeast Seattle, Seattle, WA",55878
53033023500,"Woodridge, Bellevue, WA",55822
53033022802,"Grass Lawn, Redmond, WA",55818
53061051917,"Bothell, WA",55802
53033010500,"Southwest, Seattle, WA",55757
53033012100,"Arbor Heights, Seattle, WA",55678
53033031903,"Renton, WA",55661
53033028901,"Des Moines, WA",55627
53035091204,"Bremerton, WA",55581
53033032007,"Maple Valley, WA",55580
53033031603,"Black Diamond, WA",55538
53033029306,"Kent, WA",55518
53033022603,"North Rose Hill, Kirkland, WA",55507
53035080102,"Bremerton, WA",55490
53033029503,"Kent, WA",55475
53033029403,"Kent, WA",55449
53033032311,"Woodinville, WA",55438
53033032103,"Gilman, Issaquah, WA",55415
53033029307,"Renton, WA",55341
53033023201,"Crossroads, Bellevue, WA",55311
53033023700,"Bridle Trails, Bellevue, WA",55297
53033023100,"Northeast Bellevue, Bellevue, WA",55297
53033032011,"Maple Valley, WA",55268
53033028700,"Des Moines, WA",55260
53033021300,"Lake Forest Park, WA",55235
53033003500,"Northwest Seattle, Seattle, WA",55103
53033001400,"North Beach/ Blue Ridge, Seattle, WA",55095
53033006200,"Northeast Seattle, Seattle, WA",55093
53033031204,"Auburn, WA",55071
53033023401,"Lake Hills, Bellevue, WA",55032
53061052112,"Snohomish, WA",55023
53033022006,"South Juanita, Kirkland, WA",54953
53033021600,"Kenmore, WA",54952
53033006700,"Queen Anne, Seattle, WA",54920
53033023804,"West Bellevue, Bellevue, WA",54914
53033009800,"North Admiral, Seattle, WA",54892
53033021903,"Kingsgate, Kirkland, WA",54872
53033032602,"Snoqualmie Ridge, Snoqualmie, WA",54842
53033031601,"Covington, WA",54804
53033032003,"Maple Valley, WA",54774
53035090800,"Bainbridge Island, WA",54761
53033029902,"Auburn, WA",54685
53033032210,"Issaquah, WA",54635
53033009300,"Greater Duwamish, Seattle, WA",54492
53033025701,"Renton, WA",54475
53035080900,"Bremerton, WA",54456
53033028300,"SeaTac, WA",54361
53033031706,"Covington, WA",54330
53033032402,"Duvall, WA",54272
53033031205,"Lea Hill, Auburn, WA",54255
53033022101,"Kenmore, WA",54229
53033023803,"Northwest Bellevue, Bellevue, WA",54226
53033000300,"Haller Lake, Seattle, WA",54222
53033025702,"Renton, WA",54219
53033021000,"Parkwood, Shoreline, WA",54214
53033025101,"Renton, WA",54117
53033001701,"Greenwood, Seattle, WA",54025
53035090900,"Bainbridge Island, WA",53981
53033023601,"Wilburton, Bellevue, WA",53960
53033032008,"Maple Valley, WA",53949
53033020402,"Ballinger, Lake Forest Park, WA",53901
53033009600,"North Admiral, Seattle, WA",53857
53033006900,"Queen Anne, Seattle, WA",53803
53033028403,"SeaTac, WA",53799
53033002100,"Northeast Seattle, Seattle, WA",53797
53033031705,"Covington, WA",53786
53033022701,"Lakeview, Kirkland, WA",53758
53033023604,"Lake Hills, Bellevue, WA",53723
53035091201,"Silverdale, WA",53707
53033021804,"Bothell, WA",53629
53033029502,"Kent, WA",53628
53033029305,"Kent, WA",53613
53033011600,"Gatewood, Seattle, WA",53600
53033005700,"Magnolia, Seattle, WA",53564
53053072506,"Gig Harbor, WA",53559
53033011002,"Greater Duwamish, Seattle, WA",53556
53033021802,"Bothell, WA",53452
53033021100,"Ridgecrest, Shoreline, WA",53422
53033006600,"South Lake Union, Seattle, WA",53416
53035090700,"Bainbridge Island, WA",53412
53033001702,"Greenwood, Seattle, WA",53410
53033029001,"Des Moines, WA",53380
53033029802,"Auburn, WA",53377
53061051912,"Woodinville, WA",53330
53033031604,"Maple Valley, WA",53323
53033030003,"Des Moines, WA",53253
53033009702,"North Admiral, Seattle, WA",53182
53033031904,"Renton, WA",53175
53033026002,"Seattle, WA",53164
53033027702,"Burton, Vashon, WA",53143
53035090400,"Poulsbo, WA",53104
53033010200,"Seward Park, Seattle, WA",53090
53035091700,"Bremerton, WA",53075
53033032601,"Fall City, WA",53019
53033001900,"Maple Leaf, Seattle, WA",52977
53033003100,"Ballard, Seattle, WA",52945
53035092500,"Port Orchard, WA",52848
53033005100,"Wallingford, Seattle, WA",52823
53033004000,"Northeast Seattle, Seattle, WA",52811
53033024800,"Eastgate, Bellevue, WA",52783
53033028402,"SeaTac, WA",52779
53033032002,"Maple Valley, WA",52710
53035092802,"Port Orchard, WA",52657
53033032309,"Downtown, Redmond, WA",52581
53033004500,"Wallingford, Seattle, WA",52570
53053072601,"Gig Harbor, WA",52557
53033002000,"Maple Leaf, Seattle, WA",52536
53053072505,"Gig Harbor, WA",52494
53033011401,"Delridge, Seattle, WA",52452
53033031501,"Ravensdale, WA",52405
53033000700,"North Seattle, Seattle, WA",52398
53033009200,"Downtown, Seattle, WA",52299
53033029801,"Kent, WA",52275
53033027200,"Tukwila, WA",52223
53033032704,"North Bend, WA",52222
53035092100,"Port Orchard, WA",52218
53033001500,"North Beach/ Blue Ridge, Seattle, WA",52217
53035090501,"Poulsbo, WA",52167
53061051300,"Mountlake Terrace, WA",52128
53033028200,"Tukwila, WA",52098
53033001200,"North Seattle, Seattle, WA",52090
53033009701,"Southwest, Seattle, WA",52003
53035091100,"Poulsbo, WA",51940
53035090300,"Silverdale, WA",51906
53033009900,"Delridge, Seattle, WA",51864
53033002700,"Green Lake, Seattle, WA",51860
53033020700,"Richmond Highlands, Shoreline, WA",51842
53033032005,"Covington, WA",51798
53033029700,"Scenic Hill, Kent, WA",51628
53035092803,"Olalla, WA",51618
53033032313,"Southeast Redmond, Redmond, WA",51550
53033027600,"Seattle, WA",51485
53033005802,"Interbay, Seattle, WA",51483
53033022005,"North Juanita, Kirkland, WA",51480
53033025200,"Renton, WA",51473
53033025806,"Renton, WA",51433
53033010401,"Greater Duwamish, Seattle, WA",51428
53035090502,"Poulsbo, WA",51406
53033025301,"Renton, WA",51344
53053072503,"Gig Harbor, WA",51282
53045960400,"Allyn, Allyn-Grapeview, WA",51278
53035091900,"Bremerton, WA",51271
53061051000,"Mountlake Terrace, WA",51237
53035092701,"Port Orchard, WA",51214
53035092704,"Port Orchard, WA",51198
53033029003,"Des Moines, WA",51195
53033011300,"Delridge, Seattle, WA",51167
53035091203,"Silverdale, WA",51131
53033004800,"Fremont, Seattle, WA",51096
53033030005,"Federal Way, WA",51085
53033005900,"North Queen Anne, Seattle, WA",51039
53035090102,"Kingston, WA",51028
53033032702,"North Bend, WA",51020
53035090201,"Poulsbo, WA",51003
53033010600,"Southwest, Seattle, WA",50997
53035080200,"Bremerton, WA",50986
53035092600,"Port Orchard, WA",50952
53035091600,"Bremerton, WA",50943
53033020500,"North City, Shoreline, WA",50918
53033029601,"Kent, WA",50910
53033008001,"Belltown, Seattle, WA",50895
53033001000,"Lake City, Seattle, WA",50880
53033027900,"Burien, WA",50867
53033023300,"West Lake Sammamish, Bellevue, WA",50847
53033001800,"Licton Springs, Seattle, WA",50808
53033002600,"Northeast Seattle, Seattle, WA",50783
53033003200,"Old Ballard, Seattle, WA",50782
53033010001,"Greater Duwamish, Seattle, WA",50780
53033010402,"Greater Duwamish, Seattle, WA",50687
53033029205,"Kent, WA",50603
53035080700,"Bremerton, WA",50571
53033025102,"Renton, WA",50548
53033020401,"Ballinger, Shoreline, WA",50523
53033003600,"Green Lake, Seattle, WA",50501
53045960300,"Belfair, WA",50463
53033008002,"Belltown, Seattle, WA",50398
53035091500,"Bremerton, WA",50386
53053072507,"Gig Harbor, WA",50320
53033026700,"Salmon Creek, Burien, WA",50263
53033027500,"Burien, WA",50231
53033029204,"Kent, WA",50207
53035092000,"Seabeck, WA",50175
53033032703,"Snoqualmie, WA",50167
53033002800,"Northwest Seattle, Seattle, WA",50100
53033029407,"Kent, WA",50078
53033027300,"SeaTac, WA",49908
53033009500,"Mount Baker, Seattle, WA",49885
53033010100,"Mount Baker, Seattle, WA",49792
53033007000,"Lower Queen Anne, Seattle, WA",49770
53033011402,"Delridge, Seattle, WA",49691
53033025500,"Renton, WA",49662
53035092801,"Port Orchard, WA",49654
53033025400,"Renton, WA",49601
53035091800,"Bremerton, WA",49552
53035091301,"Seabeck, WA",49527
53033011001,"Greater Duwamish, Seattle, WA",49507
53033002900,"Greenwood, Seattle, WA",49489
53033003000,"Ballard, Seattle, WA",49481
53033020600,"Meridian Park, Shoreline, WA",49466
53033032215,"Sammamish, WA",49455
53033000402,"Bitter Lake, Seattle, WA",49427
53033025601,"Renton, WA",49340
53033029102,"Kent, WA",49241
53033028500,"Burien, WA",49227
53033012000,"Arbor Heights, Seattle, WA",49220
53033011102,"Brighton, Seattle, WA",49215
53061050900,"Edmonds, WA",49006
53035092901,"Port Orchard, WA",48956
53033001100,"Lake City, Seattle, WA",48924
53035940100,"Suquamish, WA",48837
53053072602,"Lakebay, WA",48801
53035080600,"Bremerton, WA",48714
53033007600,"Capitol Hill, Seattle, WA",48700
53035090202,"Poulsbo, WA",48623
53035080500,"Bremerton, WA",48582
53033002500,"Northeast Seattle, Seattle, WA",48523
53033025805,"Renton, WA",48515
53033028802,"SeaTac, WA",48510
53033007800,"Central District, Seattle, WA",48493
53033027100,"Highline, Seattle, WA",48487
53033029504,"Kent, WA",48485
53035080400,"Bremerton, WA",48359
53033028000,"Seattle, WA",48339
53035090101,"Kingston, WA",48337
53033027000,"Highline, Seattle, WA",48232
53033026200,"Tukwila, WA",48196
53061053801,"Monroe, WA",48155
53033000200,"Lake City, Seattle, WA",48133
53033008300,"Downtown, Seattle, WA",48055
53033028902,"Des Moines, WA",47877
53033026600,"Highline, Seattle, WA",47874
53033026100,"Seattle, WA",47833
53033011500,"West Seattle, Seattle, WA",47651
53033004900,"Fremont, Seattle, WA",47634
53033025302,"Renton, WA",47620
53033010800,"Delridge, Seattle, WA",47607
53033005400,"Wallingford, Seattle, WA",47537
53035092200,"Port Orchard, WA",47454
53033031704,"Kent, WA",47433
53033011900,"Rainier Valley, Seattle, WA",47374
53033000401,"Northwest Seattle, Seattle, WA",47359
53033027701,"Vashon, WA",47251
53035092400,"Port Orchard, WA",47053
53033001300,"Licton Springs, Seattle, WA",47036
53035940000,"Indianola, WA",46981
53033026001,"Seattle, WA",46903
53035092300,"Port Orchard, WA",46734
53033028801,"SeaTac, WA",46412
53033011800,"Rainier Valley, Seattle, WA",46339
53033023202,"Crossroads, Bellevue, WA",46300
53033005801,"Magnolia, Seattle, WA",46272
53035080800,"Bremerton, WA",46254
53033026300,"Tukwila, WA",46085
53033030501,"Auburn, WA",46041
53035080300,"Bremerton, WA",46026
53033029206,"Kent, WA",46022
53033000900,"Lake City, Seattle, WA",45869
53033029203,"Kent, WA",45761
53033003300,"Old Ballard, Seattle, WA",45754
53035081200,"Bremerton, WA",45724
53033027400,"Burien, WA",45602
53033010701,"Delridge, Seattle, WA",45537
53033011700,"Greater Duwamish, Seattle, WA",45283
53035081100,"Bremerton, WA",45124
53033008100,"Central Business District, Seattle, WA",45027
53061051100,"Mountlake Terrace, WA",45021
53033029004,"Kent, WA",44914
53033011200,"South Park, Seattle, WA",44839
53033005000,"Wallingford, Seattle, WA",44837
53033007401,"Capitol Hill, Seattle, WA",44824
53035081000,"Bremerton, WA",44800
53033026500,"Highline, Seattle, WA",44688
53033025804,"Renton, WA",44583
53033004302,"Northeast Seattle, Seattle, WA",44583
53033026400,"Highline, Seattle, WA",44563
53033029408,"Kent, WA",44452
53033004700,"Old Ballard, Seattle, WA",44388
53033007200,"Belltown, Seattle, WA",44283
53033009400,"Greater Duwamish, Seattle, WA",44156
53033008600,"Downtown, Seattle, WA",44068
53033011101,"Rainier Valley, Seattle, WA",44034
53033026801,"Highline, Seattle, WA",43787
53033030004,"Federal Way, WA",43776
53033008400,"Downtown, Seattle, WA",43619
53033025803,"Renton, WA",43102
53033026802,"Highline, Seattle, WA",43086
53035092902,"Port Orchard, WA",42280
53033007500,"Capitol Hill, Seattle, WA",42207
53033008200,"Downtown, Seattle, WA",42132
53033030503,"Auburn, WA",41909
53033009100,"Downtown, Seattle, WA",41791
53033007100,"Lower Queen Anne, Seattle, WA",41285
53033028100,"SeaTac, WA",41217
53033007300,"South Lake Union, Seattle, WA",40963
53033010300,"Columbia City, Seattle, WA",40717
53033007900,"Central District, Seattle, WA",40129
53033007402,"Capitol Hill, Seattle, WA",40100
53033005302,"Northeast Seattle, Seattle, WA",39103
53033007700,"Central District, Seattle, WA",37544
53033008900,"Central District, Seattle, WA",37187
53033008500,"Downtown, Seattle, WA",35937
53033008800,"Central District, Seattle, WA",35678
53033009000,"Atlantic, Seattle, WA",34099
53033008700,"Squire Park, Seattle, WA",34064