﻿"tract","Name","Household_Income_rP_gP_p25"
53033024602,"Mercer Island, WA",62729
53061052113,"Snohomish, WA",62557
53033024901,"Somerset, Bellevue, WA",60663
53033024500,"Mercer Island, WA",57526
53033024902,"Cougar Mountain, Bellevue, WA",57480
53033032207,"Sammamish, WA",55084
53033005600,"Briarcliff, Seattle, WA",54768
53033024200,"Medina, WA",52807
53033024400,"Mercer Island, WA",52648
53033000500,"Broadview, Seattle, WA",52627
53033024903,"Somerset, Bellevue, WA",52487
53033025001,"Newport, Renton, WA",51120
53033023404,"Issaquah, WA",50689
53033022300,"Inglewood-Finn Hill, Kirkland, WA",50468
53033022702,"Central Houghton, Kirkland, WA",49952
53033024300,"Mercer Island, WA",49813
53033032329,"Redmond Ridge, Redmond, WA",49698
53033025006,"Renton, WA",49673
53033022703,"Bridle Trails, Kirkland, WA",49648
53061050600,"Woodway, WA",49582
53033032327,"Redmond, WA",49470
53033023100,"Northeast Bellevue, Bellevue, WA",49405
53033032211,"Issaquah, WA",49049
53033022902,"Viewpoint, Redmond, WA",48923
53033032203,"Sammamish, WA",48919
53033021906,"West Ridge, Woodinville, WA",48707
53033004301,"Northeast Seattle, Seattle, WA",48622
53033023801,"West Bellevue, Bellevue, WA",48357
53033022001,"Bothell, WA",48205
53061051917,"Bothell, WA",48184
53033032213,"Sammamish, WA",47937
53033025003,"Cougar Mountain, Bellevue, WA",47816
53033002500,"Northeast Seattle, Seattle, WA",47770
53033032318,"Sammamish, WA",47744
53033032102,"Issaquah, WA",47671
53033024100,"Clyde Hill, WA",47409
53033032800,"North Bend, WA",47355
53061052112,"Snohomish, WA",47338
53033032315,"Redmond, WA",47300
53033032316,"Sammamish, WA",47209
53033004302,"Northeast Seattle, Seattle, WA",47203
53033028600,"Normandy Park, WA",47109
53033023601,"Wilburton, Bellevue, WA",46752
53033025005,"Newcastle, WA",46523
53033032401,"Duvall, WA",46515
53033004500,"Wallingford, Seattle, WA",46451
53033023000,"Northeast Bellevue, Bellevue, WA",46390
53033032311,"Woodinville, WA",46367
53033032323,"Education Hill, Redmond, WA",46117
53033032317,"Sammamish, WA",46016
53035090900,"Bainbridge Island, WA",45942
53033024702,"Newcastle, WA",45758
53033022102,"Kenmore, WA",45735
53033022400,"Norkirk, Kirkland, WA",45526
53033032212,"Klahanie, Issaquah, WA",45107
53033021905,"Bothell, WA",45054
53033032602,"Snoqualmie Ridge, Snoqualmie, WA",44975
53033021804,"Bothell, WA",44927
53033022203,"Inglewood-Finn Hill, Kirkland, WA",44910
53033006400,"Capitol Hill, Seattle, WA",44836
53033023201,"Crossroads, Bellevue, WA",44740
53033022202,"Inglewood-Finn Hill, Kirkland, WA",44733
53033006900,"Queen Anne, Seattle, WA",44687
53033022606,"Grass Lawn, Redmond, WA",44627
53033029405,"Kent, WA",44508
53033022101,"Kenmore, WA",44460
53061051912,"Woodinville, WA",44397
53033005301,"Northeast Seattle, Seattle, WA",44341
53033032319,"Town Center, Woodinville, WA",44331
53033023500,"Woodridge, Bellevue, WA",44293
53035090800,"Bainbridge Island, WA",44278
53033029502,"Kent, WA",44225
53033022500,"Moss Bay, Kirkland, WA",44176
53053072504,"Gig Harbor, WA",44159
53033005900,"North Queen Anne, Seattle, WA",44050
53033024701,"Newport, Bellevue, WA",43966
53033032214,"Sammamish, WA",43962
53033031903,"Renton, WA",43877
53033020500,"North City, Shoreline, WA",43793
53033000800,"Lake City, Seattle, WA",43767
53033003900,"Northeast Seattle, Seattle, WA",43726
53033001600,"North Beach/ Blue Ridge, Seattle, WA",43719
53033003500,"Northwest Seattle, Seattle, WA",43548
53033005302,"Northeast Seattle, Seattle, WA",43520
53033022803,"Overlake, Redmond, WA",43366
53033023603,"Crossroads, Bellevue, WA",43259
53033020100,"Richmond Beach, Shoreline, WA",43152
53033024800,"Eastgate, Bellevue, WA",43099
53033032326,"Woodinville, WA",43070
53033029601,"Kent, WA",43044
53033032008,"Maple Valley, WA",43031
53033032208,"Sammamish, WA",43005
53033022005,"North Juanita, Kirkland, WA",42891
53033002400,"Northeast Seattle, Seattle, WA",42882
53033032321,"Redmond, WA",42807
53033022603,"North Rose Hill, Kirkland, WA",42683
53033031605,"Black Diamond, WA",42663
53061051000,"Mountlake Terrace, WA",42656
53033009702,"North Admiral, Seattle, WA",42655
53033006000,"North Queen Anne, Seattle, WA",42642
53033032104,"Squak Mountain, Issaquah, WA",42634
53035091000,"Bainbridge Island, WA",42466
53033022801,"Bridle Trails, Bellevue, WA",42412
53061051918,"Bothell, WA",42408
53033021500,"Lake Forest Park, WA",42357
53033022901,"Northeast Bellevue, Bellevue, WA",42356
53033029307,"Renton, WA",42195
53033003800,"Northeast Seattle, Seattle, WA",42178
53033024601,"Mercer Island, WA",42132
53033021000,"Parkwood, Shoreline, WA",42082
53033032500,"Carnation, WA",42049
53033020402,"Ballinger, Lake Forest Park, WA",42020
53033002100,"Northeast Seattle, Seattle, WA",42010
53033010401,"Greater Duwamish, Seattle, WA",41972
53033020600,"Meridian Park, Shoreline, WA",41972
53033031502,"Enumclaw, WA",41939
53033021100,"Ridgecrest, Shoreline, WA",41910
53033031909,"Renton, WA",41881
53033006100,"Seattle, WA",41845
53061051926,"Bothell, WA",41838
53033026300,"Tukwila, WA",41834
53033023401,"Lake Hills, Bellevue, WA",41818
53033029403,"Kent, WA",41755
53033024000,"Northwest Bellevue, Bellevue, WA",41746
53033029304,"Renton, WA",41638
53053072506,"Gig Harbor, WA",41609
53033023300,"West Lake Sammamish, Bellevue, WA",41522
53033029305,"Kent, WA",41452
53033012100,"Arbor Heights, Seattle, WA",41402
53033025702,"Renton, WA",41372
53033022701,"Lakeview, Kirkland, WA",41371
53033026600,"Highline, Seattle, WA",41333
53035090102,"Kingston, WA",41313
53033004600,"Wallingford, Seattle, WA",41277
53033032328,"Redmond, WA",41264
53033031501,"Ravensdale, WA",41250
53033030100,"Federal Way, WA",41191
53033031800,"Kent, WA",41159
53033032320,"Leota, Woodinville, WA",41084
53033029306,"Kent, WA",41074
53033020300,"Echo Lake, Shoreline, WA",41011
53033002200,"Northeast Seattle, Seattle, WA",40965
53033000100,"North Seattle, Seattle, WA",40958
53033032322,"English Hill, Redmond, WA",40892
53033005700,"Magnolia, Seattle, WA",40868
53033032309,"Downtown, Redmond, WA",40813
53033032307,"Woodinville, WA",40800
53033021400,"Lake Forest Park, WA",40798
53033029902,"Auburn, WA",40768
53033032601,"Fall City, WA",40742
53033025500,"Renton, WA",40739
53033031907,"Renton, WA",40730
53033002900,"Greenwood, Seattle, WA",40686
53033025101,"Renton, WA",40602
53033020700,"Richmond Highlands, Shoreline, WA",40583
53033010002,"Greater Duwamish, Seattle, WA",40558
53033003000,"Ballard, Seattle, WA",40545
53033023700,"Bridle Trails, Bellevue, WA",40464
53033000600,"Northgate, Seattle, WA",40446
53033020200,"Hillwood, Shoreline, WA",40403
53033031908,"Renton, WA",40388
53033029802,"Auburn, WA",40337
53033027200,"Tukwila, WA",40306
53033032324,"Education Hill, Redmond, WA",40302
53035091900,"Bremerton, WA",40238
53035092902,"Port Orchard, WA",40198
53033022006,"South Juanita, Kirkland, WA",40194
53033028300,"SeaTac, WA",40135
53033009701,"Southwest, Seattle, WA",40008
53033022604,"South Rose Hill, Kirkland, WA",39987
53061050900,"Edmonds, WA",39969
53033021300,"Lake Forest Park, WA",39937
53061051914,"Brier, WA",39886
53033029408,"Kent, WA",39802
53035092704,"Port Orchard, WA",39721
53033021802,"Bothell, WA",39709
53033006800,"Queen Anne, Seattle, WA",39705
53033006500,"Capitol Hill, Seattle, WA",39598
53033020401,"Ballinger, Shoreline, WA",39593
53033022003,"Inglewood-Finn Hill, Kirkland, WA",39542
53061051300,"Mountlake Terrace, WA",39528
53033029406,"Kent, WA",39526
53035090700,"Bainbridge Island, WA",39504
53033032325,"Education Hill, Redmond, WA",39499
53061050700,"Edmonds, WA",39465
53033022201,"Inglewood-Finn Hill, Kirkland, WA",39325
53033023604,"Lake Hills, Bellevue, WA",39305
53033010500,"Southwest, Seattle, WA",39218
53033011002,"Greater Duwamish, Seattle, WA",39194
53033020900,"Highland Terrace, Shoreline, WA",39120
53033005400,"Wallingford, Seattle, WA",39040
53033009400,"Greater Duwamish, Seattle, WA",39023
53033004100,"Laurelhurst, Seattle, WA",38817
53033023900,"West Bellevue, Bellevue, WA",38704
53033006300,"Madison Park, Seattle, WA",38668
53033029602,"Auburn, WA",38651
53033022802,"Grass Lawn, Redmond, WA",38623
53033028901,"Des Moines, WA",38551
53033025102,"Renton, WA",38546
53033032002,"Maple Valley, WA",38499
53033031604,"Maple Valley, WA",38450
53033003100,"Ballard, Seattle, WA",38441
53035091400,"Bremerton, WA",38337
53033032103,"Gilman, Issaquah, WA",38302
53033007200,"Belltown, Seattle, WA",38285
53033029303,"Renton, WA",38270
53033031205,"Lea Hill, Auburn, WA",38202
53033001800,"Licton Springs, Seattle, WA",38179
53033021904,"Kingsgate, Kirkland, WA",38173
53033026500,"Highline, Seattle, WA",38048
53033021600,"Kenmore, WA",38034
53033031906,"Renton, WA",38005
53033000200,"Lake City, Seattle, WA",38002
53033003400,"Phinney Ridge, Seattle, WA",37992
53033025200,"Renton, WA",37982
53033025701,"Renton, WA",37897
53033004200,"Northeast Seattle, Seattle, WA",37824
53033029504,"Kent, WA",37793
53035091203,"Silverdale, WA",37713
53035090202,"Poulsbo, WA",37705
53033025804,"Renton, WA",37696
53033021903,"Kingsgate, Kirkland, WA",37630
53033027702,"Burton, Vashon, WA",37627
53033032704,"North Bend, WA",37606
53033010402,"Greater Duwamish, Seattle, WA",37521
53033023804,"West Bellevue, Bellevue, WA",37520
53033023202,"Crossroads, Bellevue, WA",37507
53033029407,"Kent, WA",37470
53033005801,"Magnolia, Seattle, WA",37448
53033008001,"Belltown, Seattle, WA",37430
53033002600,"Northeast Seattle, Seattle, WA",37392
53033023403,"West Lake Sammamish, Bellevue, WA",37284
53033020800,"Richmond Highlands, Shoreline, WA",37270
53033025805,"Renton, WA",37214
53033002000,"Maple Leaf, Seattle, WA",37193
53033028700,"Des Moines, WA",37074
53035091500,"Bremerton, WA",37072
53033027000,"Highline, Seattle, WA",37044
53033009300,"Greater Duwamish, Seattle, WA",36996
53033004800,"Fremont, Seattle, WA",36986
53033009600,"North Admiral, Seattle, WA",36969
53033028403,"SeaTac, WA",36909
53035091600,"Bremerton, WA",36869
53035092802,"Port Orchard, WA",36808
53033000300,"Haller Lake, Seattle, WA",36692
53033000401,"Northwest Seattle, Seattle, WA",36683
53035091201,"Silverdale, WA",36651
53033011001,"Greater Duwamish, Seattle, WA",36566
53033010800,"Delridge, Seattle, WA",36560
53061053801,"Monroe, WA",36554
53061051925,"Canyon Park, Bothell, WA",36526
53033029801,"Kent, WA",36493
53033027701,"Vashon, WA",36487
53033009200,"Downtown, Seattle, WA",36424
53053072505,"Gig Harbor, WA",36398
53035091302,"Silverdale, WA",36383
53033028801,"SeaTac, WA",36377
53035080102,"Bremerton, WA",36342
53033025602,"Renton, WA",36334
53035091100,"Poulsbo, WA",36332
53033032313,"Southeast Redmond, Redmond, WA",36241
53061051100,"Mountlake Terrace, WA",36184
53033021803,"Bothell, WA",36178
53033027500,"Burien, WA",36173
53045960300,"Belfair, WA",36142
53033032006,"Kent, WA",36052
53033029503,"Kent, WA",36030
53033029102,"Kent, WA",35997
53033002700,"Green Lake, Seattle, WA",35986
53033031904,"Renton, WA",35916
53035090501,"Poulsbo, WA",35899
53033010001,"Greater Duwamish, Seattle, WA",35806
53033028000,"Seattle, WA",35782
53035091301,"Seabeck, WA",35777
53035940100,"Suquamish, WA",35766
53033025601,"Renton, WA",35754
53053072601,"Gig Harbor, WA",35752
53033030003,"Des Moines, WA",35724
53033023803,"Northwest Bellevue, Bellevue, WA",35637
53033025400,"Renton, WA",35622
53033032703,"Snoqualmie, WA",35578
53033011700,"Greater Duwamish, Seattle, WA",35465
53033026802,"Highline, Seattle, WA",35429
53033006200,"Northeast Seattle, Seattle, WA",35413
53033031601,"Covington, WA",35389
53033032007,"Maple Valley, WA",35372
53033028402,"SeaTac, WA",35368
53033027400,"Burien, WA",35363
53033025301,"Renton, WA",35355
53033007500,"Capitol Hill, Seattle, WA",35334
53033001000,"Lake City, Seattle, WA",35320
53033031706,"Covington, WA",35289
53033002800,"Northwest Seattle, Seattle, WA",35286
53035940000,"Indianola, WA",35281
53033026801,"Highline, Seattle, WA",35269
53033022605,"Willow - Rose Hill, Redmond, WA",35254
53033004000,"Northeast Seattle, Seattle, WA",35179
53033003600,"Green Lake, Seattle, WA",35178
53033005000,"Wallingford, Seattle, WA",35134
53033030005,"Federal Way, WA",35078
53033011401,"Delridge, Seattle, WA",35059
53035091700,"Bremerton, WA",34994
53033001200,"North Seattle, Seattle, WA",34949
53033010600,"Southwest, Seattle, WA",34924
53033025806,"Renton, WA",34909
53033031705,"Covington, WA",34875
53033011500,"West Seattle, Seattle, WA",34797
53033029204,"Kent, WA",34788
53033011600,"Gatewood, Seattle, WA",34785
53033032702,"North Bend, WA",34763
53033001500,"North Beach/ Blue Ridge, Seattle, WA",34725
53033001900,"Maple Leaf, Seattle, WA",34579
53033021700,"Kenmore, WA",34551
53033010900,"Georgetown, Seattle, WA",34515
53035092801,"Port Orchard, WA",34509
53033026700,"Salmon Creek, Burien, WA",34434
53033011300,"Delridge, Seattle, WA",34374
53033031704,"Kent, WA",34353
53033031603,"Black Diamond, WA",34283
53033011102,"Brighton, Seattle, WA",34234
53033004400,"Northeast Seattle, Seattle, WA",34219
53053072503,"Gig Harbor, WA",34138
53033001702,"Greenwood, Seattle, WA",34128
53033032210,"Issaquah, WA",34126
53033028902,"Des Moines, WA",34100
53033029003,"Des Moines, WA",34094
53033031204,"Auburn, WA",34076
53033009800,"North Admiral, Seattle, WA",34018
53033011101,"Rainier Valley, Seattle, WA",34005
53035080200,"Bremerton, WA",33962
53035092300,"Port Orchard, WA",33954
53033009100,"Downtown, Seattle, WA",33944
53033031703,"Kent, WA",33935
53033010200,"Seward Park, Seattle, WA",33837
53033010300,"Columbia City, Seattle, WA",33787
53033001400,"North Beach/ Blue Ridge, Seattle, WA",33709
53033028802,"SeaTac, WA",33698
53033029203,"Kent, WA",33598
53033029205,"Kent, WA",33580
53035092000,"Seabeck, WA",33576
53033025803,"Renton, WA",33560
53033026001,"Seattle, WA",33522
53035092400,"Port Orchard, WA",33521
53033000402,"Bitter Lake, Seattle, WA",33422
53033032011,"Maple Valley, WA",33406
53035080101,"Bremerton, WA",33357
53033032005,"Covington, WA",33349
53053072507,"Gig Harbor, WA",33329
53033001100,"Lake City, Seattle, WA",33289
53033001300,"Licton Springs, Seattle, WA",33264
53033026200,"Tukwila, WA",33231
53033032003,"Maple Valley, WA",33136
53033003300,"Old Ballard, Seattle, WA",33030
53033027600,"Seattle, WA",33025
53033027300,"SeaTac, WA",33005
53035092200,"Port Orchard, WA",32957
53033006700,"Queen Anne, Seattle, WA",32921
53033032010,"Maple Valley, WA",32855
53033004900,"Fremont, Seattle, WA",32733
53033010702,"Delridge, Seattle, WA",32651
53035092100,"Port Orchard, WA",32590
53033029700,"Scenic Hill, Kent, WA",32539
53033007100,"Lower Queen Anne, Seattle, WA",32479
53033027800,"Burien, WA",32449
53033028500,"Burien, WA",32407
53033026400,"Highline, Seattle, WA",32308
53035091800,"Bremerton, WA",32263
53033027900,"Burien, WA",32237
53035090400,"Poulsbo, WA",32168
53035091204,"Bremerton, WA",32160
53031950202,"Quilcene, WA",32143
53033008002,"Belltown, Seattle, WA",32138
53033008400,"Downtown, Seattle, WA",32133
53035080900,"Bremerton, WA",32112
53033011800,"Rainier Valley, Seattle, WA",32079
53033030004,"Federal Way, WA",31871
53033028100,"SeaTac, WA",31867
53033032402,"Duvall, WA",31802
53033011900,"Rainier Valley, Seattle, WA",31735
53033001701,"Greenwood, Seattle, WA",31721
53033007000,"Lower Queen Anne, Seattle, WA",31644
53033005802,"Interbay, Seattle, WA",31644
53035092500,"Port Orchard, WA",31587
53035080700,"Bremerton, WA",31552
53033026100,"Seattle, WA",31523
53035080400,"Bremerton, WA",31477
53033011200,"South Park, Seattle, WA",31456
53033030501,"Auburn, WA",31454
53033009900,"Delridge, Seattle, WA",31359
53033030503,"Auburn, WA",31276
53033026002,"Seattle, WA",31232
53035092803,"Olalla, WA",31194
53033029004,"Kent, WA",31191
53035080600,"Bremerton, WA",31168
53033029001,"Des Moines, WA",31151
53035090201,"Poulsbo, WA",30982
53035092600,"Port Orchard, WA",30980
53033029206,"Kent, WA",30902
53033004700,"Old Ballard, Seattle, WA",30887
53033010100,"Mount Baker, Seattle, WA",30848
53035090502,"Poulsbo, WA",30667
53033009500,"Mount Baker, Seattle, WA",30593
53033029101,"Kent, WA",30419
53035090101,"Kingston, WA",30357
53035081000,"Bremerton, WA",30064
53035092901,"Port Orchard, WA",29952
53031950702,"Jefferson County, WA",29888
53035080800,"Bremerton, WA",29806
53033000700,"North Seattle, Seattle, WA",29724
53035092701,"Port Orchard, WA",29645
53033025302,"Renton, WA",29542
53033010701,"Delridge, Seattle, WA",29470
53033007600,"Capitol Hill, Seattle, WA",29406
53033028200,"Tukwila, WA",29388
53035090300,"Silverdale, WA",29254
53033007402,"Capitol Hill, Seattle, WA",29173
53033009000,"Atlantic, Seattle, WA",29169
53045960400,"Allyn, Allyn-Grapeview, WA",29077
53033003200,"Old Ballard, Seattle, WA",29045
53033008500,"Downtown, Seattle, WA",29008
53033005100,"Wallingford, Seattle, WA",28924
53033027100,"Highline, Seattle, WA",28763
53033005200,"Northeast Seattle, Seattle, WA",28247
53035081200,"Bremerton, WA",28244
53035081100,"Bremerton, WA",27728
53033011402,"Delridge, Seattle, WA",27646
53035080300,"Bremerton, WA",27190
53033008600,"Downtown, Seattle, WA",27118
53033008100,"Central Business District, Seattle, WA",26984
53033007401,"Capitol Hill, Seattle, WA",26499
53033007900,"Central District, Seattle, WA",26482
53033012000,"Arbor Heights, Seattle, WA",26399
53033007300,"South Lake Union, Seattle, WA",26330
53053072602,"Lakebay, WA",26215
53033032215,"Sammamish, WA",25633
53033007800,"Central District, Seattle, WA",25546
53033006600,"South Lake Union, Seattle, WA",25452
53033008300,"Downtown, Seattle, WA",25420
53033008900,"Central District, Seattle, WA",25279
53033008700,"Squire Park, Seattle, WA",25207
53035080500,"Bremerton, WA",24691
53033008800,"Central District, Seattle, WA",24221
53033007700,"Central District, Seattle, WA",24009
53033008200,"Downtown, Seattle, WA",20732
53033000900,"Lake City, Seattle, WA",19696
53035081400,"Bremerton, WA",