﻿"tract","Name","Household_Income_rP_gP_p50"
53033024602,"Mercer Island, WA",67603
53033024901,"Somerset, Bellevue, WA",64593
53061052113,"Snohomish, WA",63392
53033024500,"Mercer Island, WA",61523
53033024902,"Cougar Mountain, Bellevue, WA",60583
53033024200,"Medina, WA",59864
53033024400,"Mercer Island, WA",59615
53033024903,"Somerset, Bellevue, WA",59606
53033032207,"Sammamish, WA",59477
53033005600,"Briarcliff, Seattle, WA",58177
53061050600,"Woodway, WA",57708
53033005301,"Northeast Seattle, Seattle, WA",57034
53033022902,"Viewpoint, Redmond, WA",56780
53033022300,"Inglewood-Finn Hill, Kirkland, WA",56509
53033000500,"Broadview, Seattle, WA",56351
53033023404,"Issaquah, WA",56296
53033025001,"Newport, Renton, WA",56239
53033025006,"Renton, WA",56072
53033025003,"Cougar Mountain, Bellevue, WA",56016
53033024300,"Mercer Island, WA",55923
53033032213,"Sammamish, WA",55772
53033022702,"Central Houghton, Kirkland, WA",55644
53033032329,"Redmond Ridge, Redmond, WA",55373
53033032211,"Issaquah, WA",55266
53033025005,"Newcastle, WA",55043
53033032203,"Sammamish, WA",54944
53033032318,"Sammamish, WA",54829
53033032316,"Sammamish, WA",54754
53033032327,"Redmond, WA",54688
53033028600,"Normandy Park, WA",54399
53035081400,"Bremerton, WA",54368
53033024100,"Clyde Hill, WA",54262
53033032317,"Sammamish, WA",54203
53033032800,"North Bend, WA",54168
53033022703,"Bridle Trails, Kirkland, WA",54107
53033032214,"Sammamish, WA",54048
53033022001,"Bothell, WA",53976
53033022102,"Kenmore, WA",53771
53033021906,"West Ridge, Woodinville, WA",53747
53033032212,"Klahanie, Issaquah, WA",53712
53033032315,"Redmond, WA",53637
53033032323,"Education Hill, Redmond, WA",53452
53033032102,"Issaquah, WA",53034
53033023000,"Northeast Bellevue, Bellevue, WA",52930
53033004301,"Northeast Seattle, Seattle, WA",52846
53033022606,"Grass Lawn, Redmond, WA",52352
53033023100,"Northeast Bellevue, Bellevue, WA",52340
53033023801,"West Bellevue, Bellevue, WA",52288
53033031909,"Renton, WA",52093
53033024702,"Newcastle, WA",52029
53033032401,"Duvall, WA",52007
53033022400,"Norkirk, Kirkland, WA",51996
53061051917,"Bothell, WA",51952
53033022500,"Moss Bay, Kirkland, WA",51900
53053072504,"Gig Harbor, WA",51839
53033032326,"Woodinville, WA",51627
53033003900,"Northeast Seattle, Seattle, WA",51548
53033003800,"Northeast Seattle, Seattle, WA",51444
53033032319,"Town Center, Woodinville, WA",51331
53033021905,"Bothell, WA",51245
53061052112,"Snohomish, WA",51139
53033032328,"Redmond, WA",51059
53033022901,"Northeast Bellevue, Bellevue, WA",50979
53033032208,"Sammamish, WA",50976
53033004600,"Wallingford, Seattle, WA",50941
53033000800,"Lake City, Seattle, WA",50894
53033022203,"Inglewood-Finn Hill, Kirkland, WA",50830
53033032311,"Woodinville, WA",50827
53033032321,"Redmond, WA",50753
53033006000,"North Queen Anne, Seattle, WA",50581
53033029405,"Kent, WA",50580
53033031907,"Renton, WA",50510
53033024701,"Newport, Bellevue, WA",50456
53033021500,"Lake Forest Park, WA",50453
53033020100,"Richmond Beach, Shoreline, WA",50445
53033024601,"Mercer Island, WA",50432
53033001600,"North Beach/ Blue Ridge, Seattle, WA",50375
53033023603,"Crossroads, Bellevue, WA",50353
53033023601,"Wilburton, Bellevue, WA",50323
53033010002,"Greater Duwamish, Seattle, WA",50310
53033006100,"Seattle, WA",50290
53033022202,"Inglewood-Finn Hill, Kirkland, WA",50287
53033006400,"Capitol Hill, Seattle, WA",50264
53033022801,"Bridle Trails, Bellevue, WA",50237
53033029304,"Renton, WA",50123
53061051918,"Bothell, WA",50054
53033024000,"Northwest Bellevue, Bellevue, WA",50001
53035090900,"Bainbridge Island, WA",49912
53033023201,"Crossroads, Bellevue, WA",49903
53033023500,"Woodridge, Bellevue, WA",49900
53033022803,"Overlake, Redmond, WA",49861
53033031605,"Black Diamond, WA",49852
53033032322,"English Hill, Redmond, WA",49851
53033032602,"Snoqualmie Ridge, Snoqualmie, WA",49809
53033031502,"Enumclaw, WA",49742
53033031903,"Renton, WA",49603
53033032104,"Squak Mountain, Issaquah, WA",49577
53035091000,"Bainbridge Island, WA",49548
53033004500,"Wallingford, Seattle, WA",49500
53035090800,"Bainbridge Island, WA",49401
53033031800,"Kent, WA",49335
53061051926,"Bothell, WA",49267
53033022101,"Kenmore, WA",49249
53033021804,"Bothell, WA",49213
53033006500,"Capitol Hill, Seattle, WA",49193
53033003500,"Northwest Seattle, Seattle, WA",49168
53033006900,"Queen Anne, Seattle, WA",49168
53033002400,"Northeast Seattle, Seattle, WA",49163
53033006300,"Madison Park, Seattle, WA",49014
53033020200,"Hillwood, Shoreline, WA",49009
53033022603,"North Rose Hill, Kirkland, WA",48882
53033029502,"Kent, WA",48838
53061051912,"Woodinville, WA",48788
53033000100,"North Seattle, Seattle, WA",48786
53033032500,"Carnation, WA",48780
53033031908,"Renton, WA",48774
53033021400,"Lake Forest Park, WA",48761
53033032307,"Woodinville, WA",48752
53033002200,"Northeast Seattle, Seattle, WA",48698
53033032320,"Leota, Woodinville, WA",48684
53033004100,"Laurelhurst, Seattle, WA",48639
53033029307,"Renton, WA",48542
53061051914,"Brier, WA",48426
53033032008,"Maple Valley, WA",48354
53033029403,"Kent, WA",48351
53033030100,"Federal Way, WA",48341
53033022604,"South Rose Hill, Kirkland, WA",48337
53033012100,"Arbor Heights, Seattle, WA",48262
53033006800,"Queen Anne, Seattle, WA",48256
53033020300,"Echo Lake, Shoreline, WA",48215
53033023401,"Lake Hills, Bellevue, WA",48196
53033002500,"Northeast Seattle, Seattle, WA",48155
53033032324,"Education Hill, Redmond, WA",48074
53033000600,"Northgate, Seattle, WA",48034
53033029306,"Kent, WA",48010
53033021000,"Parkwood, Shoreline, WA",47967
53033024800,"Eastgate, Bellevue, WA",47847
53033009702,"North Admiral, Seattle, WA",47796
53033020402,"Ballinger, Lake Forest Park, WA",47788
53033002100,"Northeast Seattle, Seattle, WA",47734
53033021904,"Kingsgate, Kirkland, WA",47640
53033032325,"Education Hill, Redmond, WA",47614
53033029406,"Kent, WA",47608
53033025702,"Renton, WA",47582
53033023900,"West Bellevue, Bellevue, WA",47573
53033023700,"Bridle Trails, Bellevue, WA",47572
53033022201,"Inglewood-Finn Hill, Kirkland, WA",47567
53033005900,"North Queen Anne, Seattle, WA",47513
53033021100,"Ridgecrest, Shoreline, WA",47505
53033029902,"Auburn, WA",47463
53033022003,"Inglewood-Finn Hill, Kirkland, WA",47449
53053072506,"Gig Harbor, WA",47405
53033022701,"Lakeview, Kirkland, WA",47368
53033029305,"Kent, WA",47345
53033020500,"North City, Shoreline, WA",47321
53061050700,"Edmonds, WA",47308
53033022006,"South Juanita, Kirkland, WA",47269
53033031906,"Renton, WA",47264
53033021300,"Lake Forest Park, WA",47255
53033020800,"Richmond Highlands, Shoreline, WA",47225
53033029303,"Renton, WA",47174
53033020900,"Highland Terrace, Shoreline, WA",47145
53033022005,"North Juanita, Kirkland, WA",47122
53033025101,"Renton, WA",47117
53033010500,"Southwest, Seattle, WA",47089
53033005700,"Magnolia, Seattle, WA",47011
53033028300,"SeaTac, WA",46975
53033029601,"Kent, WA",46930
53061051000,"Mountlake Terrace, WA",46883
53033029602,"Auburn, WA",46849
53035091400,"Bremerton, WA",46803
53033022802,"Grass Lawn, Redmond, WA",46788
53033004200,"Northeast Seattle, Seattle, WA",46778
53033032601,"Fall City, WA",46696
53033031501,"Ravensdale, WA",46685
53033028901,"Des Moines, WA",46663
53033029802,"Auburn, WA",46639
53033010401,"Greater Duwamish, Seattle, WA",46614
53033025602,"Renton, WA",46589
53033023403,"West Lake Sammamish, Bellevue, WA",46560
53033032309,"Downtown, Redmond, WA",46532
53033003400,"Phinney Ridge, Seattle, WA",46522
53033032103,"Gilman, Issaquah, WA",46430
53033021802,"Bothell, WA",46331
53033032006,"Kent, WA",46272
53033023604,"Lake Hills, Bellevue, WA",46231
53035090700,"Bainbridge Island, WA",46199
53033023300,"West Lake Sammamish, Bellevue, WA",46097
53033011002,"Greater Duwamish, Seattle, WA",46094
53033027200,"Tukwila, WA",46090
53033021600,"Kenmore, WA",46076
53035090102,"Kingston, WA",46073
53033020700,"Richmond Highlands, Shoreline, WA",46064
53035091302,"Silverdale, WA",45969
53033010900,"Georgetown, Seattle, WA",45880
53033031205,"Lea Hill, Auburn, WA",45864
53033004302,"Northeast Seattle, Seattle, WA",45850
53033009701,"Southwest, Seattle, WA",45833
53033021903,"Kingsgate, Kirkland, WA",45820
53033025701,"Renton, WA",45795
53033023804,"West Bellevue, Bellevue, WA",45777
53061051925,"Canyon Park, Bothell, WA",45719
53033028700,"Des Moines, WA",45680
53033020600,"Meridian Park, Shoreline, WA",45680
53061051300,"Mountlake Terrace, WA",45632
53035091900,"Bremerton, WA",45619
53033031604,"Maple Valley, WA",45587
53033021803,"Bothell, WA",45551
53033003100,"Ballard, Seattle, WA",45414
53035080101,"Bremerton, WA",45407
53035080102,"Bremerton, WA",45372
53033032002,"Maple Valley, WA",45339
53035092704,"Port Orchard, WA",45309
53033009300,"Greater Duwamish, Seattle, WA",45305
53033022605,"Willow - Rose Hill, Redmond, WA",45192
53033029503,"Kent, WA",45191
53033025500,"Renton, WA",45129
53033027702,"Burton, Vashon, WA",45057
53033002900,"Greenwood, Seattle, WA",45018
53033000300,"Haller Lake, Seattle, WA",45017
53033009600,"North Admiral, Seattle, WA",45009
53033028403,"SeaTac, WA",44950
53033003000,"Ballard, Seattle, WA",44939
53033020401,"Ballinger, Shoreline, WA",44925
53033032007,"Maple Valley, WA",44867
53033021700,"Kenmore, WA",44778
53035091201,"Silverdale, WA",44767
53033004400,"Northeast Seattle, Seattle, WA",44738
53033006200,"Northeast Seattle, Seattle, WA",44681
53033032704,"North Bend, WA",44633
53033026600,"Highline, Seattle, WA",44584
53033002000,"Maple Leaf, Seattle, WA",44548
53033031601,"Covington, WA",44546
53033025200,"Renton, WA",44500
53033023803,"Northwest Bellevue, Bellevue, WA",44435
53033031703,"Kent, WA",44433
53061050900,"Edmonds, WA",44416
53035092802,"Port Orchard, WA",44393
53033025102,"Renton, WA",44380
53033001800,"Licton Springs, Seattle, WA",44302
53031950702,"Jefferson County, WA",44292
53033031706,"Covington, WA",44289
53033031603,"Black Diamond, WA",44241
53035091203,"Silverdale, WA",44201
53033031904,"Renton, WA",44133
53033010702,"Delridge, Seattle, WA",44123
53053072505,"Gig Harbor, WA",44098
53033030003,"Des Moines, WA",44061
53033029801,"Kent, WA",44052
53033009200,"Downtown, Seattle, WA",44025
53033026300,"Tukwila, WA",43969
53033008001,"Belltown, Seattle, WA",43940
53033031204,"Auburn, WA",43927
53033010402,"Greater Duwamish, Seattle, WA",43894
53033002600,"Northeast Seattle, Seattle, WA",43868
53033031705,"Covington, WA",43822
53033009800,"North Admiral, Seattle, WA",43818
53035091100,"Poulsbo, WA",43815
53033004800,"Fremont, Seattle, WA",43790
53053072601,"Gig Harbor, WA",43771
53033032210,"Issaquah, WA",43770
53033001400,"North Beach/ Blue Ridge, Seattle, WA",43730
53033027800,"Burien, WA",43699
53033011600,"Gatewood, Seattle, WA",43691
53035090501,"Poulsbo, WA",43678
53033028402,"SeaTac, WA",43658
53035091600,"Bremerton, WA",43657
53031950202,"Quilcene, WA",43636
53033032011,"Maple Valley, WA",43632
53033032010,"Maple Valley, WA",43609
53033032313,"Southeast Redmond, Redmond, WA",43591
53033002700,"Green Lake, Seattle, WA",43589
53033029407,"Kent, WA",43587
53035091700,"Bremerton, WA",43580
53033004000,"Northeast Seattle, Seattle, WA",43567
53035091500,"Bremerton, WA",43513
53033011401,"Delridge, Seattle, WA",43345
53033001900,"Maple Leaf, Seattle, WA",43312
53033032003,"Maple Valley, WA",43276
53033001702,"Greenwood, Seattle, WA",43249
53033005400,"Wallingford, Seattle, WA",43235
53033006700,"Queen Anne, Seattle, WA",43217
53033001200,"North Seattle, Seattle, WA",43128
53035091204,"Bremerton, WA",43066
53033001500,"North Beach/ Blue Ridge, Seattle, WA",43061
53045960300,"Belfair, WA",43051
53035090202,"Poulsbo, WA",43044
53033029504,"Kent, WA",43026
53033025301,"Renton, WA",43022
53033010001,"Greater Duwamish, Seattle, WA",43012
53033000200,"Lake City, Seattle, WA",42971
53033027500,"Burien, WA",42964
53033010200,"Seward Park, Seattle, WA",42952
53033005200,"Northeast Seattle, Seattle, WA",42902
53033011001,"Greater Duwamish, Seattle, WA",42845
53033025806,"Renton, WA",42818
53033001000,"Lake City, Seattle, WA",42795
53033030005,"Federal Way, WA",42755
53033025805,"Renton, WA",42734
53033010600,"Southwest, Seattle, WA",42631
53033032703,"Snoqualmie, WA",42615
53035080900,"Bremerton, WA",42574
53033032702,"North Bend, WA",42554
53033003600,"Green Lake, Seattle, WA",42548
53033027000,"Highline, Seattle, WA",42512
53035091301,"Seabeck, WA",42430
53033002800,"Northwest Seattle, Seattle, WA",42427
53033029102,"Kent, WA",42418
53033011300,"Delridge, Seattle, WA",42408
53033029101,"Kent, WA",42393
53033025400,"Renton, WA",42381
53033025601,"Renton, WA",42332
53053072503,"Gig Harbor, WA",42329
53033032402,"Duvall, WA",42321
53033029003,"Des Moines, WA",42267
53061053801,"Monroe, WA",42217
53033029204,"Kent, WA",42206
53033001701,"Greenwood, Seattle, WA",42174
53033029408,"Kent, WA",42135
53033032005,"Covington, WA",42125
53035940100,"Suquamish, WA",42113
53035080200,"Bremerton, WA",42104
53033026700,"Salmon Creek, Burien, WA",42042
53035090400,"Poulsbo, WA",42036
53033010800,"Delridge, Seattle, WA",41969
53033000401,"Northwest Seattle, Seattle, WA",41919
53033028000,"Seattle, WA",41894
53035092100,"Port Orchard, WA",41890
53033023202,"Crossroads, Bellevue, WA",41851
53033027600,"Seattle, WA",41815
53035092801,"Port Orchard, WA",41810
53033005801,"Magnolia, Seattle, WA",41807
53033027701,"Vashon, WA",41766
53033029205,"Kent, WA",41729
53033029700,"Scenic Hill, Kent, WA",41611
53035092500,"Port Orchard, WA",41609
53033009400,"Greater Duwamish, Seattle, WA",41595
53033029001,"Des Moines, WA",41591
53033026002,"Seattle, WA",41545
53035092000,"Seabeck, WA",41539
53053072507,"Gig Harbor, WA",41469
53033011102,"Brighton, Seattle, WA",41466
53033026500,"Highline, Seattle, WA",41357
53033028801,"SeaTac, WA",41314
53033007200,"Belltown, Seattle, WA",41280
53035092902,"Port Orchard, WA",41254
53033005302,"Northeast Seattle, Seattle, WA",41226
53033025804,"Renton, WA",41125
53033000402,"Bitter Lake, Seattle, WA",41121
53033027900,"Burien, WA",41113
53033027300,"SeaTac, WA",41110
53033009900,"Delridge, Seattle, WA",41064
53033005802,"Interbay, Seattle, WA",41058
53033011500,"West Seattle, Seattle, WA",41056
53035940000,"Indianola, WA",41004
53035092803,"Olalla, WA",40871
53033028802,"SeaTac, WA",40862
53033008002,"Belltown, Seattle, WA",40857
53033001100,"Lake City, Seattle, WA",40828
53033028902,"Des Moines, WA",40791
53033031704,"Kent, WA",40725
53035080700,"Bremerton, WA",40615
53061051100,"Mountlake Terrace, WA",40557
53035091800,"Bremerton, WA",40554
53035090502,"Poulsbo, WA",40494
53035090201,"Poulsbo, WA",40492
53033028500,"Burien, WA",40489
53033026200,"Tukwila, WA",40471
53035092600,"Port Orchard, WA",40468
53033027400,"Burien, WA",40406
53033000700,"North Seattle, Seattle, WA",40395
53033007000,"Lower Queen Anne, Seattle, WA",40316
53033011700,"Greater Duwamish, Seattle, WA",40308
53035092300,"Port Orchard, WA",40191
53033005100,"Wallingford, Seattle, WA",40133
53035092400,"Port Orchard, WA",40108
53033028200,"Tukwila, WA",40085
53033026001,"Seattle, WA",40039
53035092200,"Port Orchard, WA",39990
53033001300,"Licton Springs, Seattle, WA",39963
53033004900,"Fremont, Seattle, WA",39951
53035090300,"Silverdale, WA",39930
53033005000,"Wallingford, Seattle, WA",39924
53033010100,"Mount Baker, Seattle, WA",39894
53035092701,"Port Orchard, WA",39853
53033009500,"Mount Baker, Seattle, WA",39798
53035080400,"Bremerton, WA",39606
53035080600,"Bremerton, WA",39599
53045960400,"Allyn, Allyn-Grapeview, WA",39573
53033029203,"Kent, WA",39555
53033026801,"Highline, Seattle, WA",39497
53033026100,"Seattle, WA",39398
53033003200,"Old Ballard, Seattle, WA",39345
53033011900,"Rainier Valley, Seattle, WA",39307
53033003300,"Old Ballard, Seattle, WA",39254
53033026802,"Highline, Seattle, WA",39242
53035092901,"Port Orchard, WA",39052
53033011800,"Rainier Valley, Seattle, WA",39021
53035090101,"Kingston, WA",38997
53033011101,"Rainier Valley, Seattle, WA",38960
53033007500,"Capitol Hill, Seattle, WA",38767
53033007600,"Capitol Hill, Seattle, WA",38647
53033030501,"Auburn, WA",38556
53033006600,"South Lake Union, Seattle, WA",38482
53033026400,"Highline, Seattle, WA",38325
53033025803,"Renton, WA",38288
53033029206,"Kent, WA",38257
53033025302,"Renton, WA",38249
53033027100,"Highline, Seattle, WA",38212
53033011402,"Delridge, Seattle, WA",38129
53033011200,"South Park, Seattle, WA",38008
53033029004,"Kent, WA",37903
53033009100,"Downtown, Seattle, WA",37856
53033008400,"Downtown, Seattle, WA",37793
53035080800,"Bremerton, WA",37782
53033030004,"Federal Way, WA",37730
53033004700,"Old Ballard, Seattle, WA",37500
53033010701,"Delridge, Seattle, WA",37281
53033012000,"Arbor Heights, Seattle, WA",37263
53035081000,"Bremerton, WA",37261
53033010300,"Columbia City, Seattle, WA",37255
53053072602,"Lakebay, WA",36989
53033032215,"Sammamish, WA",36955
53033007100,"Lower Queen Anne, Seattle, WA",36862
53035081200,"Bremerton, WA",36720
53033030503,"Auburn, WA",36541
53033028100,"SeaTac, WA",36515
53033007800,"Central District, Seattle, WA",36502
53035080300,"Bremerton, WA",36301
53033008300,"Downtown, Seattle, WA",36250
53035081100,"Bremerton, WA",36180
53035080500,"Bremerton, WA",36090
53033008100,"Central Business District, Seattle, WA",35749
53033007401,"Capitol Hill, Seattle, WA",35405
53033008600,"Downtown, Seattle, WA",35385
53033007402,"Capitol Hill, Seattle, WA",34601
53033007300,"South Lake Union, Seattle, WA",33556
53033007900,"Central District, Seattle, WA",33242
53033008500,"Downtown, Seattle, WA",32497
53033000900,"Lake City, Seattle, WA",32361
53033009000,"Atlantic, Seattle, WA",31665
53033008200,"Downtown, Seattle, WA",31252
53033008900,"Central District, Seattle, WA",31234
53033007700,"Central District, Seattle, WA",30769
53033008800,"Central District, Seattle, WA",29976
53033008700,"Squire Park, Seattle, WA",29677