﻿"cz","Name","Household_Income_rP_gP_p50"
"cz26202","East Grant UT, ND",70838
"cz26204","Steele, ND",68688
"cz26403","Bowman, ND",68243
"cz26410","Dickinson, ND",67874
"cz27010","Miller, SD",66788
"cz26405","Scobey, MT",64630
"cz26412","Williston, ND",64610
"cz26411","Sidney, MT & ND",63309
"cz26203","Linton, ND",63182
"cz26401","Ekalaka, MT & SD",62813
"cz26305","Rugby, ND",62603
"cz26404","Lemmon, ND & SD",62376
"cz27201","Sioux Center, IA",62109
"cz29102","Superior, NE",62029
"cz26302","Carrington, ND",61861
"cz26802","Lisbon, ND",61118
"cz26402","Baker, MT",60745
"cz27003","Ainsworth, NE",60409
"cz26409","Glendive, MT & ND",60291
"cz27001","O'Neill, NE",59996
"cz27603","Southwest Jackson UT, SD",59847
"cz26601","Milbank, MN & SD",59531
"cz27002","Ord, NE",59087
"cz27504","Carroll, IA",58947
"cz28305","Broken Bow, NE",58930
"cz29201","Hiawatha, KS",58817
"cz26702","Grafton, MN & ND",58479
"cz27008","Parkston, SD",58441
"cz27004","Winner, SD",58168
"cz29002","Coldwater, KS",58060
"cz26502","Madison, SD",58021
"cz28601","Oberlin, KS",57990
"cz26804","Cooperstown, ND",57968
"cz28606","Wano, KS & NE",57904
"cz26604","Mobridge, SD",57813
"cz26201","Bismarck, ND",57695
"cz21202","Redwood Falls, MN",57671
"cz26803","Jamestown, ND",57647
"cz26703","Thief River Falls, MN",57599
"cz27005","Yankton, NE & SD",57374
"cz27102","Marshall, MN",57287
"cz21802","Decorah, IA",57267
"cz27301","Spencer, IA",57245
"cz27401","Storm Lake, IA",57224
"cz27902","York, NE",57107
"cz26407","Plentywood, MT",57039
"cz28002","West Point, NE",56978
"cz26304","Minot, ND",56848
"cz31005","Perryton, TX",56682
"cz29008","Center, KS",56206
"cz27202","Worthington, IA & MN",56187
"cz29202","Marysville, KS",56063
"cz27503","Atlantic, IA",55843
"cz36402","Vernal, UT",55771
"cz34309","Harlowton, MT",55754
"cz27802","Columbus, NE",55574
"cz28604","Colby, KS",55343
"cz23200","Dubuque, IA & IL",55317
"cz26901","Fergus Falls, MN",55301
"cz28603","Phillipsburg, KS",55273
"cz30905","Wellington, TX",55070
"cz27101","Willmar, MN",55015
"cz29103","Beloit, KS",54898
"cz21201","Hutchinson, MN",54832
"cz27006","Mitchell, SD",54805
"cz31003","Scott City, KS",54784
"cz27012","Gettysburg, SD",54681
"cz26605","Aberdeen, SD",54602
"cz26501","Brookings, SD",54585
"cz29006","Hays, KS",54491
"cz27703","Torrington, WY",54108
"cz22002","Iowa Falls, IA",54069
"cz26504","Watertown, SD",54049
"cz28303","Oshkosh, NE",53993
"cz27604","Murdo, SD",53895
"cz27801","Columbus-Norfolk, NE",53789
"cz28607","McCook, NE",53747
"cz26902","Little Falls, MN",53722
"cz34601","Gillette, WY",53689
"cz28504","Burlington, CO",53426
"cz26801","Fargo, MN & ND",53399
"cz32603","Seymour, TX",53358
"cz27302","Fairmont, IA & MN",53347
"cz31402","Pecos, TX",53294
"cz31304","Mason, TX",53220
"cz28102","Nebraska City, NE",53032
"cz26602","Sisseton, SD",53015
"cz26001","Roseau, MN",53003
"cz28605","Goodland, KS",52912
"cz21301","Mankato, MN",52835
"cz27901","Hastings, NE",52778
"cz21400","St. Cloud, MN",52729
"cz29101","Concordia, KS",52721
"cz26704","Grand Forks, MN & ND",52663
"cz39204","Condon, OR",52624
"cz28608","Kearney, NE",52575
"cz28302","Ogallala, CO & NE",52506
"cz36403","Soda Springs, ID",52425
"cz27007","Huron, SD",52368
"cz28304","Valentine, NE",52357
"cz29007","Township 11, KS",52148
"cz28602","Norton, KS",51903
"cz30605","Van Horn, TX",51808
"cz23000","Monroe, WI",51780
"cz28301","Sterling, CO",51768
"cz21701","Rochester, MN",51749
"cz26408","Glasgow, MT",51744
"cz32503","Haskell, TX",51678
"cz34305","Miles City, MT",51661
"cz27402","Fort Dodge, IA",51533
"cz34604","Lusk, WY",51521
"cz36303","Jackson, ID & WY",51519
"cz31401","Midland, TX",51499
"cz29505","Polk, MO",51460
"cz26301","Devils Lake, ND",51375
"cz28609","Lexington, NE",51298
"cz28201","Red Oak, IA",51255
"cz21801","Mason City, IA",51212
"cz32602","Graham, TX",51102
"cz33801","Elk City, OK",51059
"cz27011","Pierre, SD",51007
"cz28501","Springfield, CO",50949
"cz35905","Loa, UT",50725
"cz31102","La Grange, TX",50697
"cz29001","Pratt, KS",50558
"cz21302","Owatonna, MN",50519
"cz34302","Worland, WY",50483
"cz36404","Rock Springs, UT & WY",50403
"cz26106","Centerville, IA",50369
"cz27009","Chamberlain, SD",50360
"cz34301","Cody, WY",50318
"cz34603","Casper, WY",50303
"cz31002","Ulysses, KS",50296
"cz27903","Grand Island, NE",50288
"cz27701","Scottsbluff, NE",50193
"cz32403","Snyder, TX",50171
"cz27502","Creston, IA",50140
"cz30501","Woodward, OK",50045
"cz20402","Nantucket, MA",50026
"cz35904","Richfield, UT",50019
"cz34303","Riverton, WY",49994
"cz29004","Great Bend, KS",49978
"cz31403","Fort Stockton, TX",49967
"cz22001","Waterloo, IA",49738
"cz23802","Clinton, IA",49611
"cz26701","Bemidji, MN",49480
"cz21702","Austin, MN",49376
"cz3201","Jena, LA",49218
"cz28402","Limon, CO",49209
"cz35202","Gunnison, CO",49191
"cz34304","Sheridan, MT & WY",49151
"cz26503","Sioux Falls, SD",49144
"cz36200","Logan, ID & UT",49137
"cz34202","Shelby, MT",49116
"cz22800","Eau Claire, MN & WI",49111
"cz22700","Wausau, WI",49108
"cz22300","Ottumwa, IA",49015
"cz32401","Big Spring, TX",49002
"cz29506","Bethany, MO",48976
"cz26103","Brookfield, MO",48964
"cz30906","Memphis, TX",48949
"cz21502","Pine City, MN",48941
"cz30904","Pampa, TX",48930
"cz30502","Enid, OK",48820
"cz34204","Lewistown, MT",48756
"cz30801","Hobbs, NM & TX",48696
"cz4004","Many, LA",48611
"cz34401","Dillon, MT",48582
"cz26406","Wolf Point, MT",48579
"cz36000","Provo, UT",48405
"cz34306","Jordan, MT",48287
"cz31006","Guymon, KS & OK & TX",48258
"cz38402","Pullman, ID & WA",48207
"cz36503","Lakeview, OR",48193
"cz23302","Douglas, IL",48191
"cz36401","Steamboat Springs, CO",48148
"cz39205","John Day, OR",48087
"cz21101","Rice Lake, WI",48082
"cz21900","Marshalltown, IA",48002
"cz21600","Brainerd, MN",47939
"cz22400","Sheboygan, WI",47922
"cz21102","Amery, WI",47916
"cz28001","Sioux City, IA & NE & SD",47822
"cz32306","Eagle Pass, TX",47815
"cz22500","Oshkosh, WI",47809
"cz35702","Burley, ID",47733
"cz21003","Ironwood, MI & WI",47720
"cz28306","North Platte, NE",47711
"cz32302","Brady, TX",47707
"cz22100","Iowa City, IA",47697
"cz14801","Olney, IL",47677
"cz21002","Houghton, MI",47648
"cz22200","Cedar Rapids, IA",47617
"cz34404","Butte-Silver Bow, MT",47605
"cz22601","Green Bay, WI",47593
"cz34501","Bonners Ferry, ID",47565
"cz32702","Stephenville, TX",47564
"cz34402","Bozeman, MT",47452
"cz16200","Altoona, PA",47442
"cz22900","La Crosse, MN & WI",47432
"cz29302","Newton, KS",47391
"cz31007","Dumas, TX",47383
"cz26105","Polk, MO",47342
"cz28704","Laramie, CO & WY",47339
"cz31302","Beeville, TX",47334
"cz18700","Sunbury, PA",47328
"cz21001","Ashland, WI",47311
"cz35902","Price, UT",47106
"cz28101","Lincoln, NE",47105
"cz36302","Salmon, ID",47048
"cz39202","Enterprise, OR",47022
"cz31101","Victoria, TX",47005
"cz26004","International Falls, MN",46999
"cz15600","Wheeling, OH & WV",46997
"cz18202","St. Marys, PA",46991
"cz34308","Billings, MT",46976
"cz34804","Clayton, NM",46946
"cz20500","Boston, MA",46921
"cz34502","Libby, MT",46866
"cz16100","State College, PA",46838
"cz26303","Turtle Mountain UT, ND",46834
"cz27501","Des Moines, IA",46830
"cz28701","Salida, CO",46829
"cz21501","Minneapolis, MN & WI",46814
"cz26002","Duluth, MN & WI",46802
"cz29402","Emporia, KS",46799
"cz3400","Houma, LA",46763
"cz11402","Marinette, MI & WI",46647
"cz16300","Pittsburgh, PA",46637
"cz32502","Childress, TX",46630
"cz27601","Rapid City, SD",46484
"cz19600","Newark, NJ & NY",46466
"cz19500","Toms River, NJ",46424
"cz23600","Burlington, IA & IL & MO",46409
"cz35903","Moab, UT",46390
"cz21004","Rhinelander, WI",46371
"cz31404","Alpine, TX",46340
"cz13400","Lima, OH",46333
"cz31103","Gonzales, TX",46285
"cz26003","West Cook UT, MN",46234
"cz30902","Littlefield, TX",46185
"cz34602","Rawlins, WY",46148
"cz18800","Scranton, PA",46074
"cz32304","Uvalde, TX",46036
"cz30401","Stillwater, OK",46000
"cz18900","Williamsport, PA",45993
"cz36100","Salt Lake City, UT",45940
"cz37601","Elko, NV",45939
"cz27702","Cheyenne, NE & WY",45938
"cz19100","Reading, PA",45917
"cz35901","St. George, UT",45912
"cz16703","Buckhannon, WV",45902
"cz34403","Helena, MT",45831
"cz26603","East Corson UT, ND & SD",45822
"cz25000","Quincy, IL & MO",45790
"cz19000","Allentown, PA",45777
"cz37903","Mammoth Lakes, CA",45741
"cz26104","Trenton, MO",45695
"cz22602","Shawano, WI",45690
"cz32402","Sweetwater, TX",45661
"cz31900","Pearland, TX",45643
"cz27704","Gordon, NE & SD",45638
"cz14802","Vincennes, IL & IN",45622
"cz36301","Pocatello, ID",45609
"cz25500","Centralia, IL",45608
"cz23100","Madison, WI",45589
"cz33603","Frederick, OK",45560
"cz34203","Great Falls, MT",45544
"cz19400","New York, NY",45517
"cz33700","Ardmore, OK",45482
"cz26102","Marshall, MO",45439
"cz29003","Dodge City, KS",45429
"cz18600","Albany, NY",45424
"cz37800","San Francisco, CA",45391
"cz37602","Winnemucca, NV",45367
"cz38501","Moses Lake, WA",45362
"cz25602","Harrisburg, IL",45344
"cz31303","Kerrville, TX",45314
"cz18201","Olean, NY & PA",45249
"cz16702","Morgantown, WV",45231
"cz35701","Twin Falls, ID",45202
"cz35201","Grand Junction, CO",45125
"cz34504","Missoula, MT",45036
"cz31501","Crystal City, TX",45017
"cz30701","Roswell, NM",45004
"cz32501","Abilene, TX",44990
"cz29203","Manhattan, KS",44977
"cz28702","Glenwood Springs, CO",44964
"cz20301","Berlin, NH & VT",44952
"cz29005","Hutchinson, KS",44949
"cz26107","Kirksville, MO",44932
"cz33901","Ada, OK",44921
"cz28800","Fort Collins, CO",44891
"cz33802","Chickasha, OK",44890
"cz31004","Liberal, KS & OK",44873
"cz28703","Granby, CO",44869
"cz35803","McCall, ID",44866
"cz32701","Brownwood, TX",44847
"cz16902","Spencer, WV",44834
"cz24801","Jacksonville, IL",44798
"cz38502","Wenatchee, WA",44783
"cz17800","Oneonta, NY",44776
"cz29401","Ottawa, KS",44758
"cz31502","Pearsall, TX",44721
"cz16802","Summersville, WV",44710
"cz20200","Burlington, VT",44701
"cz29104","Salina, KS",44587
"cz3800","Lafayette, LA",44568
"cz20401","Providence, MA & RI",44565
"cz28202","Omaha, IA & NE",44561
"cz32305","Del Rio, TX",44539
"cz20600","Manchester, ME & NH",44538
"cz20403","Oak Bluffs, MA",44534
"cz36502","Burns, OR",44495
"cz23700","Galesburg, IL",44484
"cz39302","Bellingham, WA",44463
"cz37500","San Jose, CA",44456
"cz38602","Colville, WA",44455
"cz23801","Davenport, IA & IL",44452
"cz33602","Altus, OK",44414
"cz18300","Watertown, NY",44370
"cz11401","Marquette, MI",44356
"cz13103","Bardstown, KY",44341
"cz13200","Owensboro, KY",44298
"cz14700","Evansville, IL & IN",44281
"cz29403","Bartlesville, KS & OK",44256
"cz23400","Bloomington, IL",44225
"cz19200","Harrisburg, PA",44200
"cz34307","Colstrip, MT",44160
"cz34503","Kalispell, MT",44119
"cz17501","Cumberland, MD & WV",44103
"cz38401","Lewiston, ID & WA",44102
"cz20003","Presque Isle, ME",44071
"cz13502","Defiance, OH",44062
"cz32802","Corsicana, TX",44054
"cz29303","Winfield, KS",44009
"cz20302","Claremont, NH & VT",43985
"cz18400","Plattsburgh, NY",43958
"cz39201","La Grande, OR",43922
"cz29902","Center, MO",43893
"cz12800","Washington, IN",43884
"cz13300","Findlay, OH",43850
"cz32604","Vernon, TX",43843
"cz31001","Garden City, KS",43808
"cz23301","Charleston, IL",43806
"cz16500","Erie, NY & PA",43774
"cz19300","Poughkeepsie, NY",43733
"cz30901","Clovis, NM & TX",43699
"cz11304","Washington DC, DC & MD & VA",43692
"cz18100","Elmira, NY & PA",43656
"cz20901","Bridgeport, CT",43654
"cz16701","Elkins, WV",43636
"cz39400","Seattle, WA",43619
"cz34805","Alamosa, CO",43597
"cz31700","Corpus Christi, TX",43596
"cz34201","Havre, MT",43579
"cz3902","Lake Providence, LA",43574
"cz30908","Plainview, TX",43570
"cz26101","Moberly, MO",43556
"cz24702","Mexico, MO",43535
"cz17900","Union, NY & PA",43498
"cz32202","Nacogdoches, TX",43491
"cz18500","Amsterdam, NY",43480
"cz30907","Matador, TX",43479
"cz25601","Carbondale, IL",43443
"cz32601","Wichita Falls, TX",43418
"cz36501","Klamath Falls, CA & OR",43390
"cz32000","Houston, TX",43377
"cz15000","Canton, OH",43373
"cz17700","Syracuse, NY",43370
"cz29504","Sedalia, MO",43346
"cz35402","Cortez, CO & UT",43343
"cz38601","Spokane, ID & WA",43324
"cz33400","Longview, TX",43316
"cz18000","Buffalo, NY",43198
"cz25104","Heber Springs, AR",43194
"cz39301","Friday Harbor, WA",43169
"cz30903","Amarillo, TX",43160
"cz31800","College Station, TX",43137
"cz24200","Bourbonnais, IL",43112
"cz23500","Decatur, IL",43091
"cz20800","Springfield, MA",43086
"cz35802","Ontario, ID & OR",43071
"cz38802","The Dalles, OR & WA",43042
"cz32301","San Angelo, TX",43031
"cz16400","Youngstown, OH & PA",43012
"cz32100","Beaumont, TX",43002
"cz5402","Glasgow, KY & TN",42995
"cz37700","Santa Rosa, CA",42983
"cz17200","Harrisonburg, VA & WV",42970
"cz29503","St. Joseph, KS & MO",42963
"cz24900","Edwardsville, IL",42955
"cz29601","Columbia, MO",42951
"cz25103","Harrison, AR",42941
"cz39100","Kennewick, OR & WA",42935
"cz38200","Santa Barbara, CA",42910
"cz28503","Trinidad, CO",42909
"cz30802","Lubbock, TX",42906
"cz12401","Alpena, MI",42876
"cz11102","Troy, AL",42842
"cz3700","Lake Charles, LA",42841
"cz29602","Eldon, MO",42823
"cz39000","Yakima, WA",42800
"cz29204","Topeka, KS",42786
"cz29901","Joplin, KS & MO & OK",42785
"cz15400","Zanesville, OH",42772
"cz14500","Lafayette, IL & IN",42759
"cz20700","Keene, NH & VT",42727
"cz30702","Santa Rosa, NM",42717
"cz31202","Burnet, TX",42715
"cz23900","Peoria, IL",42713
"cz4003","Ruston, LA",42651
"cz13700","Concord, IN & MI",42576
"cz30300","Fayetteville, AR & MO & OK",42573
"cz35002","Safford, AZ",42568
"cz13800","Wayne, IN",42568
"cz20902","Pittsfield, MA & VT",42545
"cz12002","Ludington, MI",42542
"cz19700","Philadelphia, NJ & PA",42529
"cz13102","Madison, IN & KY",42504
"cz37100","Bakersfield, CA",42489
"cz35300","Farmington, CO & NM",42470
"cz4302","Searcy, AR",42460
"cz32201","Huntsville, TX",42449
"cz31600","Brownsville, TX",42412
"cz28900","Denver, CO",42412
"cz15500","Steubenville, OH & WV",42412
"cz33601","Lawton, OK",42372
"cz17400","Hagerstown, MD & PA & WV",42371
"cz17502","Winchester, VA & WV",42369
"cz25200","Henderson, KY",42347
"cz11800","Mount Pleasant, MI",42312
"cz11201","Bluefield, VA & WV",42294
"cz15300","Parkersburg, OH & WV",42294
"cz20100","Portland, ME",42240
"cz38000","San Diego, CA",42206
"cz33803","Oklahoma City, OK",42198
"cz25102","West Plains, AR & MO",42186
"cz33300","Tyler, TX",42164
"cz37300","Chico, CA",42111
"cz31503","Laredo, TX",42099
"cz12301","Traverse City, MI",42046
"cz24600","Farmington, MO",42017
"cz29501","Leavenworth, KS",41988
"cz24802","Springfield, IL",41918
"cz37603","Portola, CA",41905
"cz29800","Aurora, MO",41893
"cz37400","Sacramento, CA & NV",41892
"cz12001","Big Rapids, MI",41876
"cz35801","Boise City, ID",41870
"cz30402","Tulsa, OK",41802
"cz38300","Los Angeles, AZ & CA",41801
"cz25701","Cape Girardeau, MO",41798
"cz24300","Chicago, IL",41790
"cz25105","Batesville, AR",41771
"cz36600","Redding, CA",41726
"cz25101","Mountain Home, AR & MO",41723
"cz14400","Terre Haute, IN",41721
"cz25402","Murray, KY",41721
"cz34002","Idabel, AR & OK",41662
"cz33000","Fort Worth, TX",41635
"cz20001","Bangor, ME",41633
"cz4601","Campbellsville, KY",41626
"cz3101","McComb, MS",41610
"cz16801","Beckley, WV",41607
"cz24100","Milwaukee, WI",41603
"cz2800","Laurel, MS",41575
"cz33200","Paris, TX",41553
"cz33902","Sherman, OK & TX",41537
"cz24400","Rockford, IL",41520
"cz13000","Elizabethtown, KY",41516
"cz38801","Portland, OR & WA",41516
"cz30000","Russellville, AR",41496
"cz14100","Fort Wayne, IN",41493
"cz3001","Kosciusko, MS",41493
"cz30403","Okmulgee, OK",41443
"cz3102","Brookhaven, MS",41402
"cz12302","Petoskey, MI",41363
"cz24500","Rolla, MO",41356
"cz39303","Port Angeles, WA",41352
"cz16000","Mansfield, OH",41301
"cz14600","Bloomington, IN",41301
"cz39203","Bend, OR",41291
"cz12402","Grayling charter, MI",41277
"cz3500","Baton Rouge, LA",41260
"cz29700","Springfield, MO",41259
"cz38700","Longview, OR & WA",41249
"cz24000","Kenosha, WI",41223
"cz32303","Junction, TX",41193
"cz11301","Fredericksburg, VA",41189
"cz14900","Gary, IN",41165
"cz35401","Flagstaff, AZ & UT",41146
"cz31301","San Antonio, TX",41144
"cz19902","Easton, MD",41141
"cz30601","El Paso, NM & TX",41132
"cz31201","Austin, TX",41127
"cz29502","Kansas City, KS & MO",41116
"cz30100","Fort Smith, AR & OK",41102
"cz32801","Waco, TX",41094
"cz25401","Paducah, IL & KY",41093
"cz11403","Sault Ste. Marie, MI",41077
"cz29301","Wichita, KS",41028
"cz17300","Staunton, VA",41018
"cz3202","Natchez, LA & MS",41015
"cz37000","Modesto, CA",40969
"cz602","Galax, NC & VA",40953
"cz28401","Colorado Springs, CO",40947
"cz12200","Grand Rapids, MI",40943
"cz30602","Alamogordo, NM",40931
"cz11900","Saginaw, MI",40899
"cz2300","Lynchburg, VA",40852
"cz13501","Toledo, MI & OH",40791
"cz5700","Tullahoma, TN",40783
"cz34803","Tucumcari, NM",40774
"cz11203","Big Stone Gap, VA",40719
"cz15200","Cleveland, OH",40714
"cz3600","Alexandria, LA",40700
"cz11700","Lansing, MI",40672
"cz38901","Eugene, OR",40661
"cz11303","Colonial Beach, VA",40608
"cz36800","Medford, OR",40584
"cz10600","Jasper, AL",40562
"cz25900","Jonesboro, AR",40556
"cz4903","Lexington, TN",40532
"cz6200","Florence, AL & TN",40531
"cz12702","Maysville, KY",40501
"cz13600","South Bend, IN & MI",40448
"cz33100","Dallas, TX",40395
"cz38902","Newport, OR",40385
"cz1202","Sylva, NC",40365
"cz37604","Reno, NV",40308
"cz1201","Franklin, GA & NC",40306
"cz30200","Muskogee, OK",40301
"cz1001","Boone, NC & TN",40295
"cz33500","Texarkana, AR & TX",40278
"cz4001","Magnolia, AR",40278
"cz24701","St. Louis, IL & MO",40265
"cz5401","Bowling Green, KY",40265
"cz6302","Cookeville, TN",40226
"cz17000","Pikeville, KY & WV",40187
"cz28502","Pueblo, CO",40175
"cz12701","Cincinnati, KY & OH",40167
"cz36902","Roseburg, OR",40152
"cz34001","Hot Springs, AR",40134
"cz25300","Union City, KY & TN",40132
"cz37200","Fresno, CA",40091
"cz11500","Jackson, MI",40063
"cz17600","Charlottesville, VA",40048
"cz19903","Chincoteague, VA",40033
"cz14300","Columbus, IN",40022
"cz2900","Hattiesburg, MS",40012
"cz11302","Baltimore, MD",40000
"cz16600","Roanoke, VA & WV",39970
"cz7000","Miami, FL",39934
"cz5800","Dickson, TN",39925
"cz32900","Killeen, TX",39921
"cz15800","Athens, OH & WV",39916
"cz3300","New Orleans, LA",39896
"cz15100","Lorain, OH",39886
"cz30604","Deming, NM",39843
"cz6100","Gadsden, AL",39828
"cz5201","New Albany, MS",39802
"cz19901","Dover, DE & MD",39736
"cz34802","Santa Fe, NM",39734
"cz36700","Eureka, CA",39733
"cz12100","Kalamazoo, MI",39722
"cz11002","Atmore, AL",39704
"cz601","North Wilkesboro, NC",39699
"cz16901","Charleston, WV",39650
"cz1204","Andrews, GA & NC",39635
"cz34801","Las Vegas, NM",39577
"cz35001","Phoenix, AZ",39529
"cz13900","Center, IN",39444
"cz15900","Columbus, OH",39423
"cz12501","Dayton, OH",39393
"cz30603","Truth or Consequences, NM",39375
"cz4301","Stuttgart, AR",39370
"cz7200","Cape Coral, FL",39335
"cz2500","Newport News, VA",39321
"cz3901","Monroe, LA",39277
"cz25702","Poplar Bluff, MO",39251
"cz12502","Washington Court House, OH",39242
"cz17100","Huntington, KY & OH & WV",39224
"cz4101","Crossett, AR",39175
"cz2200","South Boston, VA",39124
"cz4103","El Dorado, AR",39081
"cz4002","Shreveport, LA",39060
"cz12902","Mount Sterling, KY",39005
"cz34902","Socorro, NM",39003
"cz6900","Sarasota, FL",38993
"cz5100","Corinth, MS & TN",38975
"cz13101","Louisville, IN & KY",38952
"cz4602","Somerset, KY & TN",38920
"cz10302","Dothan, AL",38915
"cz34901","Albuquerque, NM",38882
"cz10400","Meridian, MS",38769
"cz8601","Waycross, GA",38733
"cz6402","Crossville, TN",38730
"cz19800","Wilmington, DE & MD",38727
"cz5600","Nashville, TN",38715
"cz15700","Scioto, OH",38714
"cz2400","Richmond, VA",38710
"cz2700","Gulfport, MS",38699
"cz9302","Toccoa, GA",38681
"cz1203","Asheville, NC",38675
"cz9400","Gainesville, GA",38674
"cz5900","Clarksville, KY & TN",38645
"cz2000","Virginia Beach, NC & VA",38610
"cz1701","Raleigh, NC",38525
"cz4501","West Liberty, KY",38492
"cz35100","Tucson, AZ",38465
"cz10502","Starkville, MS",38455
"cz11001","Mobile, AL",38427
"cz7100","Port St. Lucie, FL",38427
"cz9001","Vidalia, GA",38412
"cz6301","McMinnville, TN",38408
"cz301","Middlesborough, KY & TN",38376
"cz36901","Crescent City, CA & OR",38375
"cz4402","Richmond, KY",38338
"cz7400","Orlando, FL",38321
"cz9500","Talladega, AL",38318
"cz6502","Cleveland, TN",38302
"cz12903","Danville, KY",38293
"cz402","Martinsville, VA",38279
"cz1800","Goldsboro, NC",38262
"cz10102","Thomasville, GA",38215
"cz20002","Calais, ME",38195
"cz8702","Statesboro, GA",38194
"cz5000","Tupelo, MS",38187
"cz14200","Indianapolis, IN",38186
"cz6000","Huntsville, AL & TN",38177
"cz10900","Pensacola, FL",38171
"cz11600","Detroit, MI",38164
"cz38100","Yuma, AZ & CA",38147
"cz4401","London, KY",38137
"cz7900","Gainesville, FL",38078
"cz11202","Welch, WV",38064
"cz5500","Columbia, TN",38061
"cz7300","Palm Bay, FL",38018
"cz4200","Little Rock, AR",38013
"cz6700","Tampa, FL",38012
"cz2100","Washington, NC",38003
"cz10000","Panama City, FL",37954
"cz9301","Winder, GA",37881
"cz10802","Demopolis, AL",37871
"cz1002","Morganton, NC",37862
"cz12600","Wayne, IN",37848
"cz7800","Ocala, FL",37825
"cz10501","Columbus, AL & MS",37819
"cz302","Knoxville, TN",37809
"cz6501","Ellijay, GA",37787
"cz4901","Jackson, TN",37778
"cz4701","Greenwood, MS",37734
"cz100","Johnson City, TN & VA",37727
"cz8202","Charleston, SC",37707
"cz10700","Birmingham, AL",37679
"cz1900","Jacksonville, NC",37651
"cz25800","Blytheville, AR & MO",37613
"cz8501","Fitzgerald, GA",37612
"cz3003","Jackson, MS",37610
"cz8402","Washington, GA",37585
"cz3002","Yazoo City, MS",37553
"cz8000","Sumter, SC",37544
"cz7500","Deltona, FL",37536
"cz6800","Lakeland, FL",37503
"cz12901","Lexington-Fayette, KY",37500
"cz401","Winston-Salem, NC",37486
"cz37901","Las Vegas, AZ & NV",37443
"cz2600","Roanoke Rapids, NC & VA",37433
"cz8300","Greenville, SC",37407
"cz9600","LaGrange, AL & GA",37362
"cz10101","Bainbridge, GA",37335
"cz14000","Muncie, IN",37333
"cz6401","Chattanooga, GA & TN",37332
"cz8503","Valdosta, GA",37287
"cz4502","Hazard, KY",37199
"cz900","Charlotte, NC & SC",37165
"cz200","Morristown, TN",37159
"cz10801","Tuscaloosa, AL",37112
"cz4902","Dyersburg, TN",37084
"cz4702","Clarksdale, MS",37064
"cz9900","Tallahassee, FL",37043
"cz1100","Hickory, NC",37042
"cz8100","Columbia, SC",37041
"cz9100","Atlanta, GA",37035
"cz7700","Lake City, FL",37021
"cz6600","Rome, AL & GA",36962
"cz500","Greensboro, NC & VA",36954
"cz700","Spartanburg, NC & SC",36928
"cz9800","Auburn, AL",36901
"cz10301","Eufaula, AL & GA",36840
"cz4102","Pine Bluff, AR",36824
"cz11101","Montgomery, AL",36637
"cz9003","Dublin, GA",36553
"cz1600","Wilson, NC",36537
"cz1302","Florence, SC",36502
"cz8701","Hinesville, GA",36488
"cz3203","Vicksburg, LA & MS",36475
"cz7600","Jacksonville, FL & GA",36391
"cz8800","Savannah, GA & SC",36285
"cz1702","Henderson, NC",36240
"cz8401","Aiken, GA & SC",36215
"cz1500","Wilmington, NC",36161
"cz800","Gastonia, NC",36096
"cz8502","Cordele, GA",36093
"cz35500","Gallup, AZ & NM",35899
"cz5300","West Memphis, AR",35756
"cz9702","Americus, GA",35700
"cz4800","Greenville, MS",35676
"cz37902","Reno, NV",35641
"cz1301","Bennettsville, SC",35638
"cz9200","Griffin, GA",35575
"cz8900","Macon, GA",35560
"cz8201","Barnwell, SC",35414
"cz27602","Eagle Butte, SD",35125
"cz8602","Brunswick, GA",35050
"cz1400","Fayetteville, NC",34887
"cz27605","Mission, SD",34870
"cz9701","Columbus, AL & GA",34686
"cz5202","Memphis, MS & TN",34430
"cz10200","Albany, GA",34205
"cz9002","Milledgeville, GA",33797