﻿"cz","Name","Household_Income_rP_gP_p25"
"cz26202","East Grant UT, ND",66993
"cz26403","Bowman, ND",66897
"cz26401","Ekalaka, MT & SD",60898
"cz26410","Dickinson, ND",59343
"cz26203","Linton, ND",57205
"cz26204","Steele, ND",56867
"cz26412","Williston, ND",54216
"cz26411","Sidney, MT & ND",54163
"cz26405","Scobey, MT",54021
"cz26404","Lemmon, ND & SD",53851
"cz26402","Baker, MT",53030
"cz27010","Miller, SD",52963
"cz26804","Cooperstown, ND",52865
"cz27201","Sioux Center, IA",52851
"cz26409","Glendive, MT & ND",52331
"cz26407","Plentywood, MT",51261
"cz28305","Broken Bow, NE",51183
"cz26601","Milbank, MN & SD",50933
"cz27001","O'Neill, NE",50810
"cz27008","Parkston, SD",50546
"cz26802","Lisbon, ND",50255
"cz26305","Rugby, ND",50110
"cz29102","Superior, NE",50080
"cz27012","Gettysburg, SD",49913
"cz27002","Ord, NE",49819
"cz27003","Ainsworth, NE",49750
"cz34604","Lusk, WY",49403
"cz21202","Redwood Falls, MN",49259
"cz26502","Madison, SD",49252
"cz26702","Grafton, MN & ND",48817
"cz28606","Wano, KS & NE",48678
"cz26703","Thief River Falls, MN",48675
"cz27005","Yankton, NE & SD",48569
"cz27603","Southwest Jackson UT, SD",48546
"cz27004","Winner, SD",48530
"cz26302","Carrington, ND",48415
"cz28601","Oberlin, KS",48166
"cz27504","Carroll, IA",48097
"cz26201","Bismarck, ND",47666
"cz27301","Spencer, IA",47310
"cz21802","Decorah, IA",47238
"cz26803","Jamestown, ND",47194
"cz28303","Oshkosh, NE",46957
"cz29202","Marysville, KS",46867
"cz26501","Brookings, SD",46688
"cz27102","Marshall, MN",46604
"cz28002","West Point, NE",46562
"cz26605","Aberdeen, SD",46539
"cz29201","Hiawatha, KS",46490
"cz36402","Vernal, UT",46449
"cz28607","McCook, NE",46330
"cz27401","Storm Lake, IA",46272
"cz26304","Minot, ND",46069
"cz28603","Phillipsburg, KS",46054
"cz36403","Soda Springs, ID",45781
"cz27902","York, NE",45703
"cz27802","Columbus, NE",45689
"cz35905","Loa, UT",45586
"cz26901","Fergus Falls, MN",45584
"cz21201","Hutchinson, MN",45547
"cz28604","Colby, KS",45525
"cz23200","Dubuque, IA & IL",45516
"cz27503","Atlantic, IA",45427
"cz36303","Jackson, ID & WY",45391
"cz29006","Hays, KS",45282
"cz27202","Worthington, IA & MN",45146
"cz34601","Gillette, WY",45082
"cz31304","Mason, TX",45026
"cz26604","Mobridge, SD",44935
"cz26504","Watertown, SD",44753
"cz27101","Willmar, MN",44692
"cz28102","Nebraska City, NE",44528
"cz28501","Springfield, CO",44455
"cz28504","Burlington, CO",44446
"cz31003","Scott City, KS",44393
"cz26902","Little Falls, MN",44263
"cz27006","Mitchell, SD",44259
"cz28605","Goodland, KS",44253
"cz28608","Kearney, NE",43931
"cz31005","Perryton, TX",43917
"cz28602","Norton, KS",43842
"cz29103","Beloit, KS",43841
"cz31402","Pecos, TX",43641
"cz29101","Concordia, KS",43636
"cz27801","Columbus-Norfolk, NE",43612
"cz21400","St. Cloud, MN",43544
"cz26001","Roseau, MN",43405
"cz21301","Mankato, MN",43396
"cz26801","Fargo, MN & ND",43305
"cz28703","Granby, CO",43299
"cz28302","Ogallala, CO & NE",43178
"cz26003","West Cook UT, MN",43150
"cz20402","Nantucket, MA",43116
"cz27302","Fairmont, IA & MN",43084
"cz34301","Cody, WY",43044
"cz27703","Torrington, WY",43031
"cz29008","Center, KS",42959
"cz21701","Rochester, MN",42958
"cz26704","Grand Forks, MN & ND",42651
"cz22002","Iowa Falls, IA",42644
"cz27901","Hastings, NE",42464
"cz31403","Fort Stockton, TX",42414
"cz27007","Huron, SD",42260
"cz23000","Monroe, WI",42084
"cz28304","Valentine, NE",41890
"cz29007","Township 11, KS",41860
"cz35904","Richfield, UT",41760
"cz36404","Rock Springs, UT & WY",41593
"cz29505","Polk, MO",41487
"cz34305","Miles City, MT",41485
"cz36200","Logan, ID & UT",41442
"cz34302","Worland, WY",41265
"cz36000","Provo, UT",41233
"cz34309","Harlowton, MT",41212
"cz26408","Glasgow, MT",41096
"cz28301","Sterling, CO",41096
"cz21801","Mason City, IA",41037
"cz31401","Midland, TX",40929
"cz34401","Dillon, MT",40859
"cz26602","Sisseton, SD",40601
"cz35202","Gunnison, CO",40563
"cz28201","Red Oak, IA",40549
"cz34304","Sheridan, MT & WY",40466
"cz21302","Owatonna, MN",40410
"cz34603","Casper, WY",40402
"cz34204","Lewistown, MT",40344
"cz27402","Fort Dodge, IA",40283
"cz28609","Lexington, NE",40271
"cz36302","Salmon, ID",40178
"cz31002","Ulysses, KS",40093
"cz27701","Scottsbluff, NE",40056
"cz29001","Pratt, KS",40024
"cz32603","Seymour, TX",39959
"cz30905","Wellington, TX",39912
"cz30501","Woodward, OK",39844
"cz39202","Enterprise, OR",39828
"cz34501","Bonners Ferry, ID",39808
"cz38402","Pullman, ID & WA",39768
"cz35803","McCall, ID",39701
"cz27903","Grand Island, NE",39684
"cz28704","Laramie, CO & WY",39640
"cz22800","Eau Claire, MN & WI",39622
"cz21102","Amery, WI",39608
"cz34402","Bozeman, MT",39592
"cz34303","Riverton, WY",39588
"cz27009","Chamberlain, SD",39568
"cz23802","Clinton, IA",39557
"cz22700","Wausau, WI",39542
"cz33801","Elk City, OK",39493
"cz26106","Centerville, IA",39434
"cz27502","Creston, IA",39405
"cz21702","Austin, MN",39310
"cz36401","Steamboat Springs, CO",39235
"cz28306","North Platte, NE",39225
"cz26503","Sioux Falls, SD",39009
"cz29002","Coldwater, KS",38852
"cz27011","Pierre, SD",38828
"cz22001","Waterloo, IA",38788
"cz21502","Pine City, MN",38770
"cz31006","Guymon, KS & OK & TX",38711
"cz39205","John Day, OR",38705
"cz22300","Ottumwa, IA",38665
"cz26701","Bemidji, MN",38623
"cz26301","Devils Lake, ND",38613
"cz21001","Ashland, WI",38607
"cz21600","Brainerd, MN",38544
"cz32602","Graham, TX",38489
"cz39204","Condon, OR",38469
"cz22100","Iowa City, IA",38437
"cz29004","Great Bend, KS",38431
"cz30904","Pampa, TX",38393
"cz35901","St. George, UT",38388
"cz34202","Shelby, MT",38324
"cz32503","Haskell, TX",38304
"cz22400","Sheboygan, WI",38277
"cz28701","Salida, CO",38246
"cz30605","Van Horn, TX",38213
"cz34308","Billings, MT",38205
"cz35903","Moab, UT",38146
"cz30801","Hobbs, NM & TX",38143
"cz29506","Bethany, MO",38133
"cz32403","Snyder, TX",38060
"cz31404","Alpine, TX",38033
"cz22200","Cedar Rapids, IA",37966
"cz28402","Limon, CO",37890
"cz4004","Many, LA",37848
"cz35902","Price, UT",37846
"cz21101","Rice Lake, WI",37818
"cz20403","Oak Bluffs, MA",37788
"cz37601","Elko, NV",37780
"cz28702","Glenwood Springs, CO",37719
"cz36503","Lakeview, OR",37693
"cz22900","La Crosse, MN & WI",37682
"cz34502","Libby, MT",37678
"cz21900","Marshalltown, IA",37614
"cz22500","Oshkosh, WI",37585
"cz21004","Rhinelander, WI",37485
"cz35702","Burley, ID",37409
"cz36301","Pocatello, ID",37351
"cz26406","Wolf Point, MT",37269
"cz34504","Missoula, MT",37232
"cz22601","Green Bay, WI",37229
"cz37800","San Francisco, CA",37227
"cz36100","Salt Lake City, UT",37223
"cz39301","Friday Harbor, WA",37212
"cz26103","Brookfield, MO",37207
"cz34404","Butte-Silver Bow, MT",37205
"cz28001","Sioux City, IA & NE & SD",37170
"cz29302","Newton, KS",37160
"cz21003","Ironwood, MI & WI",37097
"cz28101","Lincoln, NE",37031
"cz32305","Del Rio, TX",37018
"cz21002","Houghton, MI",37015
"cz26105","Polk, MO",37013
"cz30502","Enid, OK",37000
"cz18700","Sunbury, PA",36999
"cz32702","Stephenville, TX",36953
"cz16100","State College, PA",36925
"cz35201","Grand Junction, CO",36836
"cz37903","Mammoth Lakes, CA",36832
"cz20500","Boston, MA",36819
"cz27601","Rapid City, SD",36781
"cz32306","Eagle Pass, TX",36781
"cz32401","Big Spring, TX",36744
"cz27702","Cheyenne, NE & WY",36740
"cz31007","Dumas, TX",36731
"cz14801","Olney, IL",36721
"cz21501","Minneapolis, MN & WI",36674
"cz31102","La Grange, TX",36566
"cz37602","Winnemucca, NV",36540
"cz35701","Twin Falls, ID",36536
"cz34804","Clayton, NM",36535
"cz27604","Murdo, SD",36518
"cz34203","Great Falls, MT",36495
"cz19500","Toms River, NJ",36493
"cz26303","Turtle Mountain UT, ND",36478
"cz34503","Kalispell, MT",36435
"cz34403","Helena, MT",36432
"cz27501","Des Moines, IA",36326
"cz37500","San Jose, CA",36312
"cz11402","Marinette, MI & WI",36307
"cz26002","Duluth, MN & WI",36299
"cz26107","Kirksville, MO",36285
"cz30906","Memphis, TX",36278
"cz26004","International Falls, MN",36249
"cz23302","Douglas, IL",36239
"cz32302","Brady, TX",36131
"cz28800","Fort Collins, CO",36058
"cz31101","Victoria, TX",36041
"cz18800","Scranton, PA",36034
"cz19600","Newark, NJ & NY",36006
"cz30401","Stillwater, OK",35989
"cz34602","Rawlins, WY",35941
"cz15600","Wheeling, OH & WV",35882
"cz16200","Altoona, PA",35746
"cz31900","Pearland, TX",35739
"cz39302","Bellingham, WA",35724
"cz23600","Burlington, IA & IL & MO",35723
"cz38401","Lewiston, ID & WA",35710
"cz38602","Colville, WA",35683
"cz27704","Gordon, NE & SD",35673
"cz29402","Emporia, KS",35626
"cz22602","Shawano, WI",35596
"cz18202","St. Marys, PA",35594
"cz23100","Madison, WI",35588
"cz39201","La Grande, OR",35580
"cz16300","Pittsburgh, PA",35532
"cz19400","New York, NY",35392
"cz18900","Williamsport, PA",35350
"cz39400","Seattle, WA",35212
"cz31501","Crystal City, TX",35178
"cz38502","Wenatchee, WA",35175
"cz29303","Winfield, KS",35141
"cz19100","Reading, PA",35118
"cz20200","Burlington, VT",35111
"cz20600","Manchester, ME & NH",35104
"cz35402","Cortez, CO & UT",35096
"cz38200","Santa Barbara, CA",35087
"cz34307","Colstrip, MT",35047
"cz29203","Manhattan, KS",34994
"cz37603","Portola, CA",34991
"cz34201","Havre, MT",34972
"cz31302","Beeville, TX",34971
"cz28503","Trinidad, CO",34877
"cz19000","Allentown, PA",34865
"cz20301","Berlin, NH & VT",34862
"cz16703","Buckhannon, WV",34838
"cz11401","Marquette, MI",34828
"cz30701","Roswell, NM",34818
"cz20302","Claremont, NH & VT",34801
"cz38501","Moses Lake, WA",34798
"cz17800","Oneonta, NY",34770
"cz37700","Santa Rosa, CA",34740
"cz18600","Albany, NY",34708
"cz31004","Liberal, KS & OK",34643
"cz38601","Spokane, ID & WA",34616
"cz30902","Littlefield, TX",34602
"cz26104","Trenton, MO",34582
"cz32304","Uvalde, TX",34506
"cz31600","Brownsville, TX",34482
"cz38802","The Dalles, OR & WA",34456
"cz13400","Lima, OH",34431
"cz18201","Olean, NY & PA",34397
"cz29104","Salina, KS",34395
"cz25000","Quincy, IL & MO",34350
"cz38300","Los Angeles, AZ & CA",34346
"cz29005","Hutchinson, KS",34307
"cz3400","Houma, LA",34292
"cz20401","Providence, MA & RI",34267
"cz32402","Sweetwater, TX",34261
"cz16702","Morgantown, WV",34248
"cz29003","Dodge City, KS",34181
"cz3201","Jena, LA",34165
"cz32501","Abilene, TX",34134
"cz31700","Corpus Christi, TX",34117
"cz26603","East Corson UT, ND & SD",34105
"cz36501","Klamath Falls, CA & OR",34105
"cz25602","Harrisburg, IL",34104
"cz16902","Spencer, WV",34086
"cz33802","Chickasha, OK",34078
"cz35802","Ontario, ID & OR",34078
"cz16802","Summersville, WV",34069
"cz31303","Kerrville, TX",34052
"cz19300","Poughkeepsie, NY",33985
"cz32701","Brownwood, TX",33978
"cz25103","Harrison, AR",33959
"cz11304","Washington DC, DC & MD & VA",33940
"cz33700","Ardmore, OK",33935
"cz29401","Ottawa, KS",33918
"cz18400","Plattsburgh, NY",33904
"cz16701","Elkins, WV",33903
"cz18300","Watertown, NY",33881
"cz39100","Kennewick, OR & WA",33855
"cz37400","Sacramento, CA & NV",33830
"cz29403","Bartlesville, KS & OK",33819
"cz38000","San Diego, CA",33796
"cz31502","Pearsall, TX",33792
"cz18100","Elmira, NY & PA",33788
"cz35801","Boise City, ID",33780
"cz25500","Centralia, IL",33730
"cz13502","Defiance, OH",33728
"cz23400","Bloomington, IL",33706
"cz20003","Presque Isle, ME",33703
"cz37100","Bakersfield, CA",33701
"cz33603","Frederick, OK",33676
"cz34805","Alamosa, CO",33650
"cz25104","Heber Springs, AR",33649
"cz14802","Vincennes, IL & IN",33640
"cz12800","Washington, IN",33631
"cz20700","Keene, NH & VT",33590
"cz39203","Bend, OR",33529
"cz23301","Charleston, IL",33506
"cz33901","Ada, OK",33505
"cz28202","Omaha, IA & NE",33495
"cz13103","Bardstown, KY",33492
"cz23801","Davenport, IA & IL",33464
"cz31103","Gonzales, TX",33455
"cz23700","Galesburg, IL",33451
"cz24801","Jacksonville, IL",33437
"cz39303","Port Angeles, WA",33403
"cz17501","Cumberland, MD & WV",33392
"cz17900","Union, NY & PA",33380
"cz35300","Farmington, CO & NM",33354
"cz25102","West Plains, AR & MO",33297
"cz13200","Owensboro, KY",33294
"cz36600","Redding, CA",33278
"cz32000","Houston, TX",33277
"cz33602","Altus, OK",33276
"cz35401","Flagstaff, AZ & UT",33273
"cz28900","Denver, CO",33272
"cz3800","Lafayette, LA",33264
"cz19200","Harrisburg, PA",33257
"cz29504","Sedalia, MO",33255
"cz29902","Center, MO",33251
"cz37300","Chico, CA",33224
"cz20901","Bridgeport, CT",33216
"cz30601","El Paso, NM & TX",33114
"cz38801","Portland, OR & WA",33092
"cz17200","Harrisonburg, VA & WV",33086
"cz13700","Concord, IN & MI",33067
"cz32502","Childress, TX",33044
"cz26101","Moberly, MO",33033
"cz24702","Mexico, MO",33023
"cz16500","Erie, NY & PA",33022
"cz20100","Portland, ME",32998
"cz29601","Columbia, MO",32997
"cz30300","Fayetteville, AR & MO & OK",32976
"cz36502","Burns, OR",32973
"cz12301","Traverse City, MI",32926
"cz30901","Clovis, NM & TX",32896
"cz13300","Findlay, OH",32893
"cz37000","Modesto, CA",32864
"cz31503","Laredo, TX",32864
"cz18500","Amsterdam, NY",32860
"cz33601","Lawton, OK",32858
"cz31001","Garden City, KS",32825
"cz32301","San Angelo, TX",32792
"cz29800","Aurora, MO",32758
"cz32601","Wichita Falls, TX",32756
"cz12401","Alpena, MI",32732
"cz35002","Safford, AZ",32688
"cz29602","Eldon, MO",32686
"cz18000","Buffalo, NY",32666
"cz13800","Wayne, IN",32664
"cz29204","Topeka, KS",32632
"cz29901","Joplin, KS & MO & OK",32626
"cz31202","Burnet, TX",32615
"cz17700","Syracuse, NY",32597
"cz39000","Yakima, WA",32570
"cz25101","Mountain Home, AR & MO",32570
"cz25601","Carbondale, IL",32569
"cz26102","Marshall, MO",32568
"cz20800","Springfield, MA",32564
"cz30702","Santa Rosa, NM",32562
"cz14700","Evansville, IL & IN",32554
"cz20902","Pittsfield, MA & VT",32516
"cz3700","Lake Charles, LA",32497
"cz28401","Colorado Springs, CO",32470
"cz12002","Ludington, MI",32425
"cz12302","Petoskey, MI",32390
"cz34306","Jordan, MT",32377
"cz32100","Beaumont, TX",32371
"cz15000","Canton, OH",32343
"cz29503","St. Joseph, KS & MO",32328
"cz20001","Bangor, ME",32327
"cz36800","Medford, OR",32284
"cz24900","Edwardsville, IL",32275
"cz5402","Glasgow, KY & TN",32264
"cz11201","Bluefield, VA & WV",32260
"cz17400","Hagerstown, MD & PA & WV",32254
"cz17502","Winchester, VA & WV",32227
"cz30907","Matador, TX",32221
"cz14500","Lafayette, IL & IN",32196
"cz32604","Vernon, TX",32177
"cz33400","Longview, TX",32173
"cz38902","Newport, OR",32156
"cz30903","Amarillo, TX",32151
"cz25402","Murray, KY",32151
"cz38700","Longview, OR & WA",32138
"cz30908","Plainview, TX",32053
"cz12402","Grayling charter, MI",32003
"cz34002","Idabel, AR & OK",31973
"cz13000","Elizabethtown, KY",31972
"cz25105","Batesville, AR",31920
"cz24200","Bourbonnais, IL",31893
"cz38901","Eugene, OR",31844
"cz29700","Springfield, MO",31832
"cz33803","Oklahoma City, OK",31797
"cz33300","Tyler, TX",31770
"cz11800","Mount Pleasant, MI",31765
"cz4302","Searcy, AR",31761
"cz25200","Henderson, KY",31750
"cz14600","Bloomington, IN",31747
"cz4601","Campbellsville, KY",31745
"cz31800","College Station, TX",31734
"cz16801","Beckley, WV",31728
"cz33000","Fort Worth, TX",31714
"cz23500","Decatur, IL",31697
"cz36902","Roseburg, OR",31696
"cz37604","Reno, NV",31692
"cz15300","Parkersburg, OH & WV",31680
"cz1201","Franklin, GA & NC",31658
"cz13102","Madison, IN & KY",31562
"cz16400","Youngstown, OH & PA",31559
"cz7000","Miami, FL",31556
"cz30403","Okmulgee, OK",31551
"cz30402","Tulsa, OK",31539
"cz32802","Corsicana, TX",31519
"cz34803","Tucumcari, NM",31500
"cz30000","Russellville, AR",31477
"cz11403","Sault Ste. Marie, MI",31417
"cz31201","Austin, TX",31382
"cz11301","Fredericksburg, VA",31381
"cz32202","Nacogdoches, TX",31364
"cz23900","Peoria, IL",31335
"cz33902","Sherman, OK & TX",31333
"cz32201","Huntsville, TX",31325
"cz12001","Big Rapids, MI",31307
"cz24500","Rolla, MO",31303
"cz24400","Rockford, IL",31301
"cz30602","Alamogordo, NM",31267
"cz31301","San Antonio, TX",31258
"cz29301","Wichita, KS",31221
"cz30802","Lubbock, TX",31220
"cz34802","Santa Fe, NM",31211
"cz19700","Philadelphia, NJ & PA",31198
"cz29501","Leavenworth, KS",31193
"cz36700","Eureka, CA",31168
"cz11900","Saginaw, MI",31163
"cz17300","Staunton, VA",31134
"cz36901","Crescent City, CA & OR",31102
"cz11202","Welch, WV",31089
"cz15400","Zanesville, OH",31081
"cz14400","Terre Haute, IN",31064
"cz30100","Fort Smith, AR & OK",31047
"cz33200","Paris, TX",31018
"cz30603","Truth or Consequences, NM",30944
"cz17000","Pikeville, KY & WV",30882
"cz24000","Kenosha, WI",30874
"cz15500","Steubenville, OH & WV",30856
"cz11500","Jackson, MI",30854
"cz24600","Farmington, MO",30805
"cz1202","Sylva, NC",30787
"cz35001","Phoenix, AZ",30736
"cz14900","Gary, IN",30698
"cz24300","Chicago, IL",30684
"cz14100","Fort Wayne, IN",30675
"cz11700","Lansing, MI",30620
"cz29502","Kansas City, KS & MO",30575
"cz3102","Brookhaven, MS",30548
"cz12702","Maysville, KY",30496
"cz34801","Las Vegas, NM",30481
"cz4003","Ruston, LA",30480
"cz37200","Fresno, CA",30474
"cz6302","Cookeville, TN",30470
"cz11303","Colonial Beach, VA",30441
"cz11203","Big Stone Gap, VA",30436
"cz25900","Jonesboro, AR",30426
"cz1204","Andrews, GA & NC",30420
"cz5700","Tullahoma, TN",30402
"cz25401","Paducah, IL & KY",30369
"cz24802","Springfield, IL",30360
"cz7200","Cape Coral, FL",30348
"cz13900","Center, IN",30344
"cz13501","Toledo, MI & OH",30306
"cz28502","Pueblo, CO",30234
"cz19902","Easton, MD",30193
"cz12200","Grand Rapids, MI",30178
"cz25701","Cape Girardeau, MO",30154
"cz30604","Deming, NM",30152
"cz3902","Lake Providence, LA",30067
"cz11102","Troy, AL",30054
"cz5401","Bowling Green, KY",30052
"cz37902","Reno, NV",30044
"cz16000","Mansfield, OH",30006
"cz1001","Boone, NC & TN",29998
"cz6200","Florence, AL & TN",29930
"cz10600","Jasper, AL",29928
"cz16901","Charleston, WV",29919
"cz33100","Dallas, TX",29912
"cz6900","Sarasota, FL",29884
"cz17600","Charlottesville, VA",29872
"cz4903","Lexington, TN",29851
"cz24100","Milwaukee, WI",29835
"cz37901","Las Vegas, AZ & NV",29831
"cz15800","Athens, OH & WV",29765
"cz19903","Chincoteague, VA",29747
"cz5800","Dickson, TN",29675
"cz3600","Alexandria, LA",29673
"cz32900","Killeen, TX",29662
"cz3500","Baton Rouge, LA",29655
"cz34901","Albuquerque, NM",29635
"cz20002","Calais, ME",29613
"cz35100","Tucson, AZ",29609
"cz14300","Columbus, IN",29602
"cz15100","Lorain, OH",29556
"cz4501","West Liberty, KY",29543
"cz13600","South Bend, IN & MI",29504
"cz7300","Palm Bay, FL",29481
"cz7400","Orlando, FL",29446
"cz25702","Poplar Bluff, MO",29439
"cz15200","Cleveland, OH",29436
"cz7100","Port St. Lucie, FL",29429
"cz30200","Muskogee, OK",29428
"cz25300","Union City, KY & TN",29391
"cz3202","Natchez, LA & MS",29366
"cz2300","Lynchburg, VA",29350
"cz17100","Huntington, KY & OH & WV",29340
"cz601","North Wilkesboro, NC",29339
"cz1203","Asheville, NC",29323
"cz32303","Junction, TX",29279
"cz3101","McComb, MS",29270
"cz16600","Roanoke, VA & WV",29230
"cz6402","Crossville, TN",29166
"cz33500","Texarkana, AR & TX",29113
"cz602","Galax, NC & VA",29104
"cz6501","Ellijay, GA",29090
"cz12100","Kalamazoo, MI",29072
"cz19901","Dover, DE & MD",29067
"cz7500","Deltona, FL",29044
"cz2800","Laurel, MS",29041
"cz9400","Gainesville, GA",29035
"cz34001","Hot Springs, AR",28994
"cz6100","Gadsden, AL",28952
"cz7800","Ocala, FL",28935
"cz10900","Pensacola, FL",28932
"cz2900","Hattiesburg, MS",28891
"cz301","Middlesborough, KY & TN",28851
"cz2700","Gulfport, MS",28809
"cz5900","Clarksville, KY & TN",28774
"cz32801","Waco, TX",28762
"cz24701","St. Louis, IL & MO",28733
"cz5600","Nashville, TN",28730
"cz4402","Richmond, KY",28693
"cz12502","Washington Court House, OH",28688
"cz5100","Corinth, MS & TN",28676
"cz10000","Panama City, FL",28667
"cz5500","Columbia, TN",28648
"cz3300","New Orleans, LA",28634
"cz4602","Somerset, KY & TN",28625
"cz6700","Tampa, FL",28617
"cz4502","Hazard, KY",28611
"cz34902","Socorro, NM",28594
"cz6301","McMinnville, TN",28547
"cz6502","Cleveland, TN",28493
"cz2500","Newport News, VA",28421
"cz4401","London, KY",28374
"cz12501","Dayton, OH",28330
"cz9302","Toccoa, GA",28313
"cz12902","Mount Sterling, KY",28308
"cz11600","Detroit, MI",28305
"cz13101","Louisville, IN & KY",28285
"cz12701","Cincinnati, KY & OH",28275
"cz11302","Baltimore, MD",28235
"cz5201","New Albany, MS",28208
"cz2000","Virginia Beach, NC & VA",28139
"cz4101","Crossett, AR",28134
"cz15900","Columbus, OH",28115
"cz12903","Danville, KY",28075
"cz6000","Huntsville, AL & TN",28069
"cz4301","Stuttgart, AR",28040
"cz38100","Yuma, AZ & CA",28027
"cz8202","Charleston, SC",27944
"cz3001","Kosciusko, MS",27937
"cz7900","Gainesville, FL",27902
"cz10302","Dothan, AL",27877
"cz2100","Washington, NC",27835
"cz1002","Morganton, NC",27820
"cz6800","Lakeland, FL",27737
"cz1701","Raleigh, NC",27737
"cz19800","Wilmington, DE & MD",27675
"cz15700","Scioto, OH",27668
"cz11002","Atmore, AL",27647
"cz3901","Monroe, LA",27624
"cz2400","Richmond, VA",27578
"cz12600","Wayne, IN",27571
"cz7700","Lake City, FL",27469
"cz8601","Waycross, GA",27459
"cz302","Knoxville, TN",27392
"cz4002","Shreveport, LA",27386
"cz1800","Goldsboro, NC",27371
"cz11001","Mobile, AL",27359
"cz8701","Hinesville, GA",27301
"cz4103","El Dorado, AR",27301
"cz5000","Tupelo, MS",27289
"cz100","Johnson City, TN & VA",27249
"cz4200","Little Rock, AR",27213
"cz14200","Indianapolis, IN",27208
"cz200","Morristown, TN",27168
"cz9301","Winder, GA",27168
"cz2200","South Boston, VA",27125
"cz8501","Fitzgerald, GA",27119
"cz12901","Lexington-Fayette, KY",27076
"cz35500","Gallup, AZ & NM",27052
"cz14000","Muncie, IN",27014
"cz9001","Vidalia, GA",26982
"cz1900","Jacksonville, NC",26980
"cz10802","Demopolis, AL",26967
"cz9500","Talladega, AL",26966
"cz402","Martinsville, VA",26964
"cz6401","Chattanooga, GA & TN",26928
"cz9600","LaGrange, AL & GA",26883
"cz6600","Rome, AL & GA",26837
"cz8300","Greenville, SC",26831
"cz4001","Magnolia, AR",26813
"cz10700","Birmingham, AL",26760
"cz9900","Tallahassee, FL",26658
"cz401","Winston-Salem, NC",26651
"cz7600","Jacksonville, FL & GA",26643
"cz8702","Statesboro, GA",26634
"cz9100","Atlanta, GA",26627
"cz10101","Bainbridge, GA",26600
"cz8000","Sumter, SC",26377
"cz10400","Meridian, MS",26372
"cz1500","Wilmington, NC",26356
"cz900","Charlotte, NC & SC",26331
"cz8800","Savannah, GA & SC",26233
"cz1100","Hickory, NC",26219
"cz10502","Starkville, MS",26159
"cz4901","Jackson, TN",26079
"cz8100","Columbia, SC",26026
"cz10102","Thomasville, GA",26003
"cz500","Greensboro, NC & VA",25939
"cz8602","Brunswick, GA",25853
"cz1302","Florence, SC",25833
"cz700","Spartanburg, NC & SC",25831
"cz10801","Tuscaloosa, AL",25824
"cz8401","Aiken, GA & SC",25820
"cz8402","Washington, GA",25819
"cz3003","Jackson, MS",25815
"cz25800","Blytheville, AR & MO",25788
"cz8503","Valdosta, GA",25755
"cz10501","Columbus, AL & MS",25710
"cz4102","Pine Bluff, AR",25694
"cz9800","Auburn, AL",25579
"cz9003","Dublin, GA",25493
"cz2600","Roanoke Rapids, NC & VA",25384
"cz27605","Mission, SD",25352
"cz4902","Dyersburg, TN",25276
"cz800","Gastonia, NC",25213
"cz3203","Vicksburg, LA & MS",25141
"cz10301","Eufaula, AL & GA",25118
"cz9200","Griffin, GA",25083
"cz1600","Wilson, NC",25082
"cz8900","Macon, GA",25044
"cz27602","Eagle Butte, SD",24930
"cz3002","Yazoo City, MS",24846
"cz11101","Montgomery, AL",24747
"cz1400","Fayetteville, NC",24710
"cz9702","Americus, GA",24655
"cz1301","Bennettsville, SC",24653
"cz5300","West Memphis, AR",24470
"cz4701","Greenwood, MS",24455
"cz9701","Columbus, AL & GA",24329
"cz8502","Cordele, GA",24245
"cz4702","Clarksdale, MS",24190
"cz1702","Henderson, NC",24114
"cz8201","Barnwell, SC",24020
"cz10200","Albany, GA",23705
"cz9002","Milledgeville, GA",23436
"cz4800","Greenville, MS",23241
"cz5202","Memphis, MS & TN",23101