﻿"cz","Name","Household_Income_rP_gP_p75"
"cz29002","Coldwater, KS",83255
"cz27010","Miller, SD",82606
"cz26204","Steele, ND",81761
"cz26302","Carrington, ND",77489
"cz26410","Dickinson, ND",76903
"cz26305","Rugby, ND",76850
"cz27604","Murdo, SD",76370
"cz26405","Scobey, MT",76275
"cz26412","Williston, ND",75985
"cz29102","Superior, NE",75576
"cz26202","East Grant UT, ND",74689
"cz30905","Wellington, TX",73842
"cz34309","Harlowton, MT",73522
"cz26802","Lisbon, ND",73273
"cz26411","Sidney, MT & ND",73174
"cz29201","Hiawatha, KS",73095
"cz26604","Mobridge, SD",72943
"cz27603","Southwest Jackson UT, SD",72653
"cz27003","Ainsworth, NE",72341
"cz27201","Sioux Center, IA",72169
"cz29008","Center, KS",72001
"cz31005","Perryton, TX",71735
"cz26404","Lemmon, ND & SD",71535
"cz27504","Carroll, IA",71206
"cz27902","York, NE",70224
"cz27001","O'Neill, NE",70057
"cz39204","Condon, OR",70011
"cz27401","Storm Lake, IA",69719
"cz32603","Seymour, TX",69556
"cz26403","Bowman, ND",69546
"cz26803","Jamestown, ND",69451
"cz27102","Marshall, MN",69418
"cz26203","Linton, ND",69349
"cz27002","Ord, NE",69296
"cz26702","Grafton, MN & ND",69206
"cz26304","Minot, ND",69127
"cz26402","Baker, MT",68989
"cz28601","Oberlin, KS",68957
"cz26201","Bismarck, ND",68945
"cz27004","Winner, SD",68883
"cz26601","Milbank, MN & SD",68883
"cz27202","Worthington, IA & MN",68868
"cz26409","Glendive, MT & ND",68838
"cz28002","West Point, NE",68772
"cz21802","Decorah, IA",68535
"cz34306","Jordan, MT",68512
"cz27301","Spencer, IA",68392
"cz30605","Van Horn, TX",68384
"cz31102","La Grange, TX",68110
"cz28606","Wano, KS & NE",68105
"cz3201","Jena, LA",68077
"cz32503","Haskell, TX",67928
"cz26602","Sisseton, SD",67797
"cz27503","Atlantic, IA",67700
"cz29103","Beloit, KS",67662
"cz26502","Madison, SD",67642
"cz26703","Thief River Falls, MN",67437
"cz22002","Iowa Falls, IA",67385
"cz28305","Broken Bow, NE",67265
"cz27005","Yankton, NE & SD",67073
"cz27008","Parkston, SD",66970
"cz27703","Torrington, WY",66943
"cz27006","Mitchell, SD",66884
"cz21202","Redwood Falls, MN",66870
"cz27101","Willmar, MN",66778
"cz27802","Columbus, NE",66738
"cz26301","Devils Lake, ND",66727
"cz31003","Scott City, KS",66655
"cz28604","Colby, KS",66425
"cz23200","Dubuque, IA & IL",66377
"cz29202","Marysville, KS",66314
"cz26901","Fergus Falls, MN",66251
"cz32602","Graham, TX",66236
"cz36402","Vernal, UT",66194
"cz28603","Phillipsburg, KS",65570
"cz27011","Pierre, SD",65509
"cz27801","Columbus-Norfolk, NE",65404
"cz21201","Hutchinson, MN",65239
"cz27302","Fairmont, IA & MN",65100
"cz26801","Fargo, MN & ND",64920
"cz29006","Hays, KS",64815
"cz27402","Fort Dodge, IA",64710
"cz26401","Ekalaka, MT & SD",64690
"cz33801","Elk City, OK",64682
"cz27901","Hastings, NE",64620
"cz32403","Snyder, TX",64595
"cz26504","Watertown, SD",64488
"cz28304","Valentine, NE",64414
"cz26902","Little Falls, MN",64387
"cz31402","Pecos, TX",64226
"cz30906","Memphis, TX",64188
"cz28609","Lexington, NE",64157
"cz28301","Sterling, CO",64123
"cz26704","Grand Forks, MN & ND",64095
"cz26408","Glasgow, MT",64067
"cz29007","Township 11, KS",63967
"cz27007","Huron, SD",63934
"cz26001","Roseau, MN",63878
"cz31401","Midland, TX",63727
"cz28201","Red Oak, IA",63672
"cz32401","Big Spring, TX",63639
"cz29004","Great Bend, KS",63589
"cz21301","Mankato, MN",63501
"cz28504","Burlington, CO",63475
"cz26605","Aberdeen, SD",63459
"cz34305","Miles City, MT",63347
"cz34601","Gillette, WY",63249
"cz26804","Cooperstown, ND",63247
"cz26501","Brookings, SD",63236
"cz32502","Childress, TX",63187
"cz26106","Centerville, IA",63113
"cz26407","Plentywood, MT",63099
"cz21400","St. Cloud, MN",63061
"cz28302","Ogallala, CO & NE",63031
"cz29101","Concordia, KS",62922
"cz27009","Chamberlain, SD",62902
"cz21801","Mason City, IA",62895
"cz26103","Brookfield, MO",62877
"cz29505","Polk, MO",62873
"cz30502","Enid, OK",62825
"cz23000","Monroe, WI",62810
"cz29001","Pratt, KS",62736
"cz27502","Creston, IA",62608
"cz27903","Grand Island, NE",62569
"cz28605","Goodland, KS",62561
"cz22001","Waterloo, IA",62498
"cz28402","Limon, CO",62489
"cz28102","Nebraska City, NE",62477
"cz23302","Douglas, IL",62370
"cz31304","Mason, TX",62264
"cz28608","Kearney, NE",62205
"cz21302","Owatonna, MN",62118
"cz26701","Bemidji, MN",62111
"cz31302","Beeville, TX",62105
"cz31002","Ulysses, KS",62026
"cz34303","Riverton, WY",62007
"cz26406","Wolf Point, MT",61855
"cz27701","Scottsbluff, NE",61836
"cz28607","McCook, NE",61811
"cz30501","Woodward, OK",61774
"cz31103","Gonzales, TX",61702
"cz3400","Houma, LA",61667
"cz34202","Shelby, MT",61664
"cz34603","Casper, WY",61626
"cz29506","Bethany, MO",61597
"cz21701","Rochester, MN",61589
"cz28303","Oshkosh, NE",61587
"cz32302","Brady, TX",61349
"cz16200","Altoona, PA",61255
"cz23802","Clinton, IA",61138
"cz30904","Pampa, TX",61125
"cz4004","Many, LA",61118
"cz22300","Ottumwa, IA",60948
"cz21702","Austin, MN",60918
"cz30801","Hobbs, NM & TX",60914
"cz34302","Worland, WY",60884
"cz26102","Marshall, MO",60869
"cz28602","Norton, KS",60797
"cz26503","Sioux Falls, SD",60780
"cz32306","Eagle Pass, TX",60687
"cz21502","Pine City, MN",60629
"cz14801","Olney, IL",60446
"cz13400","Lima, OH",60402
"cz18202","St. Marys, PA",60362
"cz36503","Lakeview, OR",60331
"cz36404","Rock Springs, UT & WY",60274
"cz28001","Sioux City, IA & NE & SD",60171
"cz21003","Ironwood, MI & WI",60030
"cz21900","Marshalltown, IA",59985
"cz22700","Wausau, WI",59983
"cz15600","Wheeling, OH & WV",59976
"cz21002","Houghton, MI",59972
"cz21101","Rice Lake, WI",59899
"cz22800","Eau Claire, MN & WI",59882
"cz32702","Stephenville, TX",59858
"cz29402","Emporia, KS",59851
"cz3902","Lake Providence, LA",59818
"cz30902","Littlefield, TX",59800
"cz14802","Vincennes, IL & IN",59780
"cz31101","Victoria, TX",59773
"cz31007","Dumas, TX",59734
"cz35702","Burley, ID",59630
"cz27012","Gettysburg, SD",59630
"cz25500","Centralia, IL",59616
"cz26603","East Corson UT, ND & SD",59609
"cz34404","Butte-Silver Bow, MT",59609
"cz16300","Pittsburgh, PA",59588
"cz33603","Frederick, OK",59574
"cz32304","Uvalde, TX",59573
"cz22500","Oshkosh, WI",59568
"cz36403","Soda Springs, ID",59568
"cz22601","Green Bay, WI",59546
"cz26004","International Falls, MN",59468
"cz26105","Polk, MO",59245
"cz18700","Sunbury, PA",59231
"cz35904","Richfield, UT",59184
"cz25000","Quincy, IL & MO",59181
"cz29302","Newton, KS",59164
"cz31006","Guymon, KS & OK & TX",59101
"cz33700","Ardmore, OK",59011
"cz32402","Sweetwater, TX",58990
"cz27501","Des Moines, IA",58954
"cz34804","Clayton, NM",58946
"cz26002","Duluth, MN & WI",58925
"cz32802","Corsicana, TX",58914
"cz22400","Sheboygan, WI",58900
"cz34304","Sheridan, MT & WY",58866
"cz35202","Gunnison, CO",58830
"cz16703","Buckhannon, WV",58778
"cz23600","Burlington, IA & IL & MO",58776
"cz26303","Turtle Mountain UT, ND",58757
"cz39205","John Day, OR",58713
"cz28101","Lincoln, NE",58657
"cz26104","Trenton, MO",58630
"cz22200","Cedar Rapids, IA",58607
"cz21600","Brainerd, MN",58586
"cz22900","La Crosse, MN & WI",58556
"cz11402","Marinette, MI & WI",58545
"cz29003","Dodge City, KS",58539
"cz19600","Newark, NJ & NY",58524
"cz20500","Boston, MA",58502
"cz21501","Minneapolis, MN & WI",58446
"cz31303","Kerrville, TX",58440
"cz25602","Harrisburg, IL",58439
"cz19000","Allentown, PA",58437
"cz19100","Reading, PA",58428
"cz18900","Williamsport, PA",58291
"cz33901","Ada, OK",58252
"cz34301","Cody, WY",58246
"cz31403","Fort Stockton, TX",58240
"cz22100","Iowa City, IA",58165
"cz16100","State College, PA",58163
"cz36401","Steamboat Springs, CO",58160
"cz34204","Lewistown, MT",58125
"cz36303","Jackson, ID & WY",58066
"cz24801","Jacksonville, IL",58048
"cz14700","Evansville, IL & IN",58010
"cz11102","Troy, AL",57968
"cz16702","Morgantown, WV",57963
"cz36502","Burns, OR",57948
"cz28501","Springfield, CO",57920
"cz34602","Rawlins, WY",57857
"cz18201","Olean, NY & PA",57802
"cz18600","Albany, NY",57796
"cz19500","Toms River, NJ",57761
"cz32202","Nacogdoches, TX",57737
"cz3800","Lafayette, LA",57719
"cz38402","Pullman, ID & WA",57599
"cz36200","Logan, ID & UT",57584
"cz3001","Kosciusko, MS",57577
"cz35902","Price, UT",57563
"cz18800","Scranton, PA",57555
"cz32501","Abilene, TX",57538
"cz38501","Moses Lake, WA",57521
"cz27601","Rapid City, SD",57517
"cz20402","Nantucket, MA",57504
"cz32604","Vernon, TX",57457
"cz30401","Stillwater, OK",57438
"cz32701","Brownwood, TX",57410
"cz28202","Omaha, IA & NE",57382
"cz33802","Chickasha, OK",57377
"cz31502","Pearsall, TX",57362
"cz33602","Altus, OK",57326
"cz29401","Ottawa, KS",57279
"cz23700","Galesburg, IL",57256
"cz16902","Spencer, WV",57233
"cz22602","Shawano, WI",57228
"cz34502","Libby, MT",57225
"cz29005","Hutchinson, KS",57205
"cz28306","North Platte, NE",57169
"cz23801","Davenport, IA & IL",57160
"cz21102","Amery, WI",57143
"cz19400","New York, NY",57088
"cz34401","Dillon, MT",57071
"cz21001","Ashland, WI",57051
"cz13200","Owensboro, KY",57018
"cz27704","Gordon, NE & SD",56999
"cz23100","Madison, WI",56996
"cz30908","Plainview, TX",56965
"cz16802","Summersville, WV",56957
"cz31900","Pearland, TX",56924
"cz4003","Ruston, LA",56887
"cz13103","Bardstown, KY",56853
"cz19200","Harrisburg, PA",56831
"cz34308","Billings, MT",56796
"cz30701","Roswell, NM",56646
"cz31004","Liberal, KS & OK",56570
"cz30907","Matador, TX",56509
"cz13300","Findlay, OH",56485
"cz30802","Lubbock, TX",56483
"cz31001","Garden City, KS",56476
"cz20301","Berlin, NH & VT",56462
"cz34403","Helena, MT",56445
"cz17501","Cumberland, MD & WV",56411
"cz28701","Salida, CO",56401
"cz18300","Watertown, NY",56389
"cz15400","Zanesville, OH",56345
"cz29203","Manhattan, KS",56342
"cz31800","College Station, TX",56338
"cz20401","Providence, MA & RI",56336
"cz21004","Rhinelander, WI",56327
"cz27702","Cheyenne, NE & WY",56294
"cz23400","Bloomington, IL",56278
"cz23500","Decatur, IL",56276
"cz16400","Youngstown, OH & PA",56272
"cz29104","Salina, KS",56214
"cz2800","Laurel, MS",56213
"cz36000","Provo, UT",56203
"cz29403","Bartlesville, KS & OK",56198
"cz31501","Crystal City, TX",56189
"cz33400","Longview, TX",56172
"cz17800","Oneonta, NY",56166
"cz16500","Erie, NY & PA",56122
"cz30901","Clovis, NM & TX",56114
"cz34402","Bozeman, MT",56111
"cz35905","Loa, UT",56104
"cz29902","Center, MO",56095
"cz34501","Bonners Ferry, ID",56090
"cz15000","Canton, OH",56077
"cz4001","Magnolia, AR",56070
"cz24200","Bourbonnais, IL",56054
"cz3101","McComb, MS",55977
"cz25601","Carbondale, IL",55939
"cz20003","Presque Isle, ME",55909
"cz13502","Defiance, OH",55854
"cz23900","Peoria, IL",55847
"cz30903","Amarillo, TX",55818
"cz28704","Laramie, CO & WY",55796
"cz15500","Steubenville, OH & WV",55770
"cz17700","Syracuse, NY",55726
"cz37903","Mammoth Lakes, CA",55712
"cz34203","Great Falls, MT",55690
"cz36100","Salt Lake City, UT",55670
"cz38502","Wenatchee, WA",55646
"cz18500","Amsterdam, NY",55638
"cz32601","Wichita Falls, TX",55628
"cz19700","Philadelphia, NJ & PA",55589
"cz26101","Moberly, MO",55587
"cz20901","Bridgeport, CT",55575
"cz12800","Washington, IN",55564
"cz24702","Mexico, MO",55552
"cz31404","Alpine, TX",55551
"cz23301","Charleston, IL",55546
"cz20200","Burlington, VT",55536
"cz35903","Moab, UT",55522
"cz32801","Waco, TX",55407
"cz18400","Plattsburgh, NY",55375
"cz5402","Glasgow, KY & TN",55269
"cz24802","Springfield, IL",55239
"cz32201","Huntsville, TX",55225
"cz25701","Cape Girardeau, MO",55225
"cz37602","Winnemucca, NV",55222
"cz18000","Buffalo, NY",55218
"cz24100","Milwaukee, WI",55183
"cz20600","Manchester, ME & NH",55159
"cz24900","Edwardsville, IL",55159
"cz32100","Beaumont, TX",55142
"cz29503","St. Joseph, KS & MO",55107
"cz11401","Marquette, MI",55093
"cz20800","Springfield, MA",55086
"cz13102","Madison, IN & KY",55034
"cz17900","Union, NY & PA",54983
"cz37601","Elko, NV",54957
"cz32303","Junction, TX",54940
"cz24600","Farmington, MO",54873
"cz34805","Alamosa, CO",54861
"cz35701","Twin Falls, ID",54844
"cz39202","Enterprise, OR",54843
"cz32000","Houston, TX",54829
"cz18100","Elmira, NY & PA",54816
"cz14500","Lafayette, IL & IN",54791
"cz29504","Sedalia, MO",54783
"cz28800","Fort Collins, CO",54745
"cz36301","Pocatello, ID",54741
"cz19300","Poughkeepsie, NY",54736
"cz11304","Washington DC, DC & MD & VA",54697
"cz4302","Searcy, AR",54657
"cz32301","San Angelo, TX",54646
"cz16701","Elkins, WV",54615
"cz3500","Baton Rouge, LA",54586
"cz3700","Lake Charles, LA",54585
"cz602","Galax, NC & VA",54583
"cz26107","Kirksville, MO",54546
"cz24300","Chicago, IL",54481
"cz36302","Salmon, ID",54473
"cz25200","Henderson, KY",54402
"cz37800","San Francisco, CA",54397
"cz39000","Yakima, WA",54387
"cz3202","Natchez, LA & MS",54380
"cz15300","Parkersburg, OH & WV",54367
"cz12401","Alpena, MI",54354
"cz34307","Colstrip, MT",54346
"cz11800","Mount Pleasant, MI",54299
"cz29602","Eldon, MO",54291
"cz35201","Grand Junction, CO",54286
"cz29901","Joplin, KS & MO & OK",54280
"cz29501","Leavenworth, KS",54278
"cz29204","Topeka, KS",54274
"cz20302","Claremont, NH & VT",54256
"cz31700","Corpus Christi, TX",54242
"cz38602","Colville, WA",54214
"cz16000","Mansfield, OH",54210
"cz30702","Santa Rosa, NM",54202
"cz29601","Columbia, MO",54183
"cz39302","Bellingham, WA",54180
"cz35901","St. George, UT",54133
"cz31202","Burnet, TX",54129
"cz17200","Harrisonburg, VA & WV",54111
"cz2300","Lynchburg, VA",54002
"cz33803","Oklahoma City, OK",53984
"cz12002","Ludington, MI",53971
"cz33300","Tyler, TX",53938
"cz25104","Heber Springs, AR",53906
"cz29303","Winfield, KS",53875
"cz20902","Pittsfield, MA & VT",53859
"cz12001","Big Rapids, MI",53858
"cz17502","Winchester, VA & WV",53824
"cz14400","Terre Haute, IN",53808
"cz17400","Hagerstown, MD & PA & WV",53792
"cz14100","Fort Wayne, IN",53778
"cz12701","Cincinnati, KY & OH",53777
"cz36501","Klamath Falls, CA & OR",53775
"cz3102","Brookhaven, MS",53729
"cz13800","Wayne, IN",53718
"cz35002","Safford, AZ",53687
"cz34604","Lusk, WY",53636
"cz11201","Bluefield, VA & WV",53602
"cz34504","Missoula, MT",53590
"cz19902","Easton, MD",53577
"cz15200","Cleveland, OH",53548
"cz11002","Atmore, AL",53486
"cz33200","Paris, TX",53465
"cz11302","Baltimore, MD",53424
"cz37500","San Jose, CA",53418
"cz24701","St. Louis, IL & MO",53400
"cz30402","Tulsa, OK",53374
"cz38401","Lewiston, ID & WA",53365
"cz30300","Fayetteville, AR & MO & OK",53321
"cz25401","Paducah, IL & KY",53226
"cz13700","Concord, IN & MI",53207
"cz3600","Alexandria, LA",53197
"cz12200","Grand Rapids, MI",53114
"cz39201","La Grande, OR",53114
"cz34201","Havre, MT",53100
"cz35802","Ontario, ID & OR",53057
"cz39100","Kennewick, OR & WA",53027
"cz33902","Sherman, OK & TX",53010
"cz24400","Rockford, IL",53010
"cz29502","Kansas City, KS & MO",53007
"cz33601","Lawton, OK",53002
"cz5201","New Albany, MS",52972
"cz38601","Spokane, ID & WA",52960
"cz14900","Gary, IN",52959
"cz33500","Texarkana, AR & TX",52920
"cz25103","Harrison, AR",52907
"cz10400","Meridian, MS",52890
"cz39400","Seattle, WA",52886
"cz4701","Greenwood, MS",52886
"cz20700","Keene, NH & VT",52884
"cz24000","Kenosha, WI",52866
"cz28702","Glenwood Springs, CO",52822
"cz13600","South Bend, IN & MI",52812
"cz25105","Batesville, AR",52800
"cz2200","South Boston, VA",52757
"cz33000","Fort Worth, TX",52747
"cz34001","Hot Springs, AR",52733
"cz32305","Del Rio, TX",52728
"cz30000","Russellville, AR",52726
"cz4601","Campbellsville, KY",52684
"cz16801","Beckley, WV",52664
"cz3300","New Orleans, LA",52638
"cz24500","Rolla, MO",52625
"cz35300","Farmington, CO & NM",52592
"cz13501","Toledo, MI & OH",52581
"cz2900","Hattiesburg, MS",52577
"cz28900","Denver, CO",52563
"cz30200","Muskogee, OK",52560
"cz4903","Lexington, TN",52556
"cz10600","Jasper, AL",52528
"cz20100","Portland, ME",52515
"cz38802","The Dalles, OR & WA",52512
"cz30403","Okmulgee, OK",52507
"cz34503","Kalispell, MT",52496
"cz34002","Idabel, AR & OK",52475
"cz3901","Monroe, LA",52469
"cz6200","Florence, AL & TN",52452
"cz5700","Tullahoma, TN",52438
"cz4103","El Dorado, AR",52418
"cz35402","Cortez, CO & UT",52400
"cz10502","Starkville, MS",52400
"cz25402","Murray, KY",52384
"cz30100","Fort Smith, AR & OK",52360
"cz31503","Laredo, TX",52355
"cz4002","Shreveport, LA",52257
"cz11203","Big Stone Gap, VA",52242
"cz25300","Union City, KY & TN",52207
"cz37100","Bakersfield, CA",52196
"cz31301","San Antonio, TX",52184
"cz15900","Columbus, OH",52175
"cz12301","Traverse City, MI",52152
"cz33100","Dallas, TX",52150
"cz4301","Stuttgart, AR",52145
"cz13000","Elizabethtown, KY",52134
"cz11301","Fredericksburg, VA",52132
"cz6100","Gadsden, AL",52054
"cz17300","Staunton, VA",52047
"cz16600","Roanoke, VA & WV",52034
"cz37700","Santa Rosa, CA",52021
"cz10102","Thomasville, GA",52015
"cz29800","Aurora, MO",52011
"cz25102","West Plains, AR & MO",52006
"cz31201","Austin, TX",51983
"cz11303","Colonial Beach, VA",51971
"cz29301","Wichita, KS",51957
"cz20001","Bangor, ME",51953
"cz37300","Chico, CA",51925
"cz14600","Bloomington, IN",51922
"cz3002","Yazoo City, MS",51919
"cz11700","Lansing, MI",51888
"cz25900","Jonesboro, AR",51866
"cz25101","Mountain Home, AR & MO",51853
"cz11403","Sault Ste. Marie, MI",51821
"cz12501","Dayton, OH",51818
"cz1001","Boone, NC & TN",51801
"cz20403","Oak Bluffs, MA",51780
"cz11900","Saginaw, MI",51725
"cz29700","Springfield, MO",51713
"cz28503","Trinidad, CO",51680
"cz19901","Dover, DE & MD",51679
"cz14300","Columbus, IN",51669
"cz30602","Alamogordo, NM",51666
"cz5401","Bowling Green, KY",51658
"cz12702","Maysville, KY",51643
"cz12100","Kalamazoo, MI",51640
"cz4702","Clarksdale, MS",51571
"cz4101","Crossett, AR",51549
"cz12402","Grayling charter, MI",51535
"cz2500","Newport News, VA",51525
"cz19903","Chincoteague, VA",51505
"cz10501","Columbus, AL & MS",51430
"cz38000","San Diego, CA",51422
"cz38200","Santa Barbara, CA",51422
"cz15100","Lorain, OH",51407
"cz17600","Charlottesville, VA",51381
"cz8601","Waycross, GA",51368
"cz32900","Killeen, TX",51354
"cz5800","Dickson, TN",51347
"cz38700","Longview, OR & WA",51300
"cz10302","Dothan, AL",51262
"cz12302","Petoskey, MI",51247
"cz601","North Wilkesboro, NC",51242
"cz28502","Pueblo, CO",51217
"cz9001","Vidalia, GA",51213
"cz15800","Athens, OH & WV",51210
"cz2400","Richmond, VA",51161
"cz8702","Statesboro, GA",51137
"cz19800","Wilmington, DE & MD",51079
"cz15700","Scioto, OH",51056
"cz31600","Brownsville, TX",51044
"cz6302","Cookeville, TN",51036
"cz9500","Talladega, AL",51009
"cz34803","Tucumcari, NM",51006
"cz12502","Washington Court House, OH",50995
"cz36600","Redding, CA",50969
"cz1202","Sylva, NC",50956
"cz12902","Mount Sterling, KY",50923
"cz2600","Roanoke Rapids, NC & VA",50921
"cz402","Martinsville, VA",50916
"cz4901","Jackson, TN",50857
"cz25800","Blytheville, AR & MO",50837
"cz13101","Louisville, IN & KY",50827
"cz3003","Jackson, MS",50795
"cz11001","Mobile, AL",50764
"cz8402","Washington, GA",50730
"cz38801","Portland, OR & WA",50721
"cz37200","Fresno, CA",50715
"cz35801","Boise City, ID",50678
"cz37400","Sacramento, CA & NV",50666
"cz34902","Socorro, NM",50551
"cz30604","Deming, NM",50547
"cz1701","Raleigh, NC",50512
"cz17000","Pikeville, KY & WV",50424
"cz16901","Charleston, WV",50385
"cz14200","Indianapolis, IN",50381
"cz5100","Corinth, MS & TN",50379
"cz1800","Goldsboro, NC",50354
"cz4602","Somerset, KY & TN",50316
"cz38901","Eugene, OR",50312
"cz5000","Tupelo, MS",50278
"cz35803","McCall, ID",50272
"cz4902","Dyersburg, TN",50214
"cz2000","Virginia Beach, NC & VA",50200
"cz28401","Colorado Springs, CO",50191
"cz11500","Jackson, MI",50170
"cz9302","Toccoa, GA",50148
"cz17100","Huntington, KY & OH & WV",50119
"cz8503","Valdosta, GA",50088
"cz25702","Poplar Bluff, MO",50059
"cz39303","Port Angeles, WA",49965
"cz4200","Little Rock, AR",49964
"cz10802","Demopolis, AL",49941
"cz8000","Sumter, SC",49914
"cz10301","Eufaula, AL & GA",49833
"cz38300","Los Angeles, AZ & CA",49828
"cz30601","El Paso, NM & TX",49824
"cz11101","Montgomery, AL",49818
"cz37000","Modesto, CA",49762
"cz10700","Birmingham, AL",49749
"cz1201","Franklin, GA & NC",49730
"cz1204","Andrews, GA & NC",49723
"cz9301","Winder, GA",49710
"cz5600","Nashville, TN",49704
"cz37604","Reno, NV",49694
"cz39203","Bend, OR",49677
"cz1702","Henderson, NC",49669
"cz35401","Flagstaff, AZ & UT",49663
"cz36800","Medford, OR",49594
"cz10801","Tuscaloosa, AL",49585
"cz2700","Gulfport, MS",49568
"cz12903","Danville, KY",49535
"cz34801","Las Vegas, NM",49514
"cz5900","Clarksville, KY & TN",49484
"cz39301","Friday Harbor, WA",49465
"cz401","Winston-Salem, NC",49430
"cz4800","Greenville, MS",49415
"cz1900","Jacksonville, NC",49407
"cz9800","Auburn, AL",49394
"cz13900","Center, IN",49376
"cz26003","West Cook UT, MN",49353
"cz36902","Roseburg, OR",49334
"cz38902","Newport, OR",49297
"cz37603","Portola, CA",49292
"cz6000","Huntsville, AL & TN",49272
"cz302","Knoxville, TN",49259
"cz38100","Yuma, AZ & CA",49254
"cz7900","Gainesville, FL",49250
"cz100","Johnson City, TN & VA",49247
"cz9400","Gainesville, GA",49224
"cz6301","McMinnville, TN",49215
"cz6402","Crossville, TN",49194
"cz8100","Columbia, SC",49161
"cz2100","Washington, NC",49158
"cz1600","Wilson, NC",49157
"cz8502","Cordele, GA",49148
"cz8501","Fitzgerald, GA",49141
"cz700","Spartanburg, NC & SC",49139
"cz10101","Bainbridge, GA",49135
"cz12600","Wayne, IN",49125
"cz7200","Cape Coral, FL",49120
"cz35001","Phoenix, AZ",49087
"cz900","Charlotte, NC & SC",49071
"cz500","Greensboro, NC & VA",49066
"cz4102","Pine Bluff, AR",49066
"cz6502","Cleveland, TN",49033
"cz36700","Eureka, CA",49025
"cz8300","Greenville, SC",49014
"cz7000","Miami, FL",49011
"cz34802","Santa Fe, NM",48975
"cz34901","Albuquerque, NM",48959
"cz11600","Detroit, MI",48945
"cz3203","Vicksburg, LA & MS",48934
"cz12901","Lexington-Fayette, KY",48927
"cz1100","Hickory, NC",48921
"cz6900","Sarasota, FL",48906
"cz1203","Asheville, NC",48868
"cz4402","Richmond, KY",48864
"cz1002","Morganton, NC",48845
"cz9600","LaGrange, AL & GA",48842
"cz4401","London, KY",48794
"cz301","Middlesborough, KY & TN",48757
"cz6401","Chattanooga, GA & TN",48716
"cz9003","Dublin, GA",48676
"cz14000","Muncie, IN",48613
"cz30603","Truth or Consequences, NM",48479
"cz9100","Atlanta, GA",48396
"cz9900","Tallahassee, FL",48378
"cz8202","Charleston, SC",48334
"cz5500","Columbia, TN",48283
"cz6700","Tampa, FL",48208
"cz10900","Pensacola, FL",48187
"cz4501","West Liberty, KY",48176
"cz7100","Port St. Lucie, FL",48167
"cz1302","Florence, SC",48138
"cz6800","Lakeland, FL",48117
"cz5300","West Memphis, AR",48067
"cz35100","Tucson, AZ",48033
"cz200","Morristown, TN",48018
"cz10000","Panama City, FL",48012
"cz6600","Rome, AL & GA",47968
"cz800","Gastonia, NC",47948
"cz7400","Orlando, FL",47902
"cz8201","Barnwell, SC",47818
"cz9702","Americus, GA",47708
"cz1301","Bennettsville, SC",47564
"cz8401","Aiken, GA & SC",47479
"cz20002","Calais, ME",47410
"cz7800","Ocala, FL",47388
"cz7700","Lake City, FL",47329
"cz7300","Palm Bay, FL",47171
"cz8800","Savannah, GA & SC",47139
"cz6501","Ellijay, GA",47118
"cz8900","Macon, GA",46908
"cz9200","Griffin, GA",46895
"cz7600","Jacksonville, FL & GA",46890
"cz1500","Wilmington, NC",46706
"cz5202","Memphis, MS & TN",46628
"cz7500","Deltona, FL",46610
"cz28703","Granby, CO",46416
"cz4502","Hazard, KY",46363
"cz8701","Hinesville, GA",46321
"cz36901","Crescent City, CA & OR",46049
"cz27602","Eagle Butte, SD",46042
"cz1400","Fayetteville, NC",45757
"cz9701","Columbus, AL & GA",45750
"cz37901","Las Vegas, AZ & NV",45475
"cz10200","Albany, GA",45390
"cz11202","Welch, WV",45384
"cz35500","Gallup, AZ & NM",45285
"cz27605","Mission, SD",44962
"cz8602","Brunswick, GA",44779
"cz9002","Milledgeville, GA",44767
"cz37902","Reno, NV",41347